2008,3820.9638254472575,5,1.0,0.65,1,n,y,607894
1984,3139.8049609575596,2,1.5,0.79,0,n,n,350320
1993,2227.322039059669,4,1.5,1.3,1,y,n,321098
2007,3072.7953046386233,6,1.5,0.84,1,n,n,511019
2000,3329.165602500874,4,1.0,1.17,1,y,n,511924
1985,1478.817331534812,2,2.5,0.52,3,n,n,162122
1986,2617.9567988006297,6,1.0,0.81,1,y,n,349843
1985,2737.976861007871,3,3.0,0.87,3,y,y,393746
1996,4287.961832558957,5,2.5,0.54,2,n,y,653794
1983,3508.0279517777553,5,1.0,1.26,0,y,n,450104
1994,3090.187353423185,2,1.0,1.01,2,y,n,438678
1985,3537.9436808064156,4,1.0,1.23,1,y,n,469141
1988,3698.6496860275656,3,3.0,0.76,3,n,n,531197
1997,1727.5293224454306,3,1.5,0.67,0,y,n,231679
1980,2278.9032649922474,6,3.0,0.93,3,n,y,310785
1998,1984.27890596326,4,2.5,0.75,3,n,y,326391
1985,3228.482632403995,6,2.0,1.39,0,n,y,425122
1984,2415.8241044415845,6,1.0,1.03,1,y,y,312823
1990,3636.7494055837024,3,2.5,0.93,3,n,n,526962
1986,4525.3581097383785,4,2.0,0.91,0,y,n,617453
2019,4088.3098117562736,2,2.0,1.08,0,n,n,679446
1987,4356.807517615774,5,3.0,1.04,0,y,y,624121
1984,2525.4608037250623,5,2.0,0.91,3,n,y,342469
2005,2466.9795485812356,5,3.0,1.0,0,y,y,430046
1995,2758.3167648123963,5,1.5,0.85,1,n,n,393997
2010,2207.909768316919,4,3.0,0.7,3,n,y,426686
1986,3337.4244031060516,3,1.0,1.22,1,n,n,413913
1988,3183.692751590592,6,2.0,1.1,2,y,n,479053
1981,2976.9846965116603,6,2.5,1.47,1,n,y,391097
2005,2243.4718867209194,2,2.5,0.72,1,n,y,349820
1982,2619.5018824091853,3,1.0,0.66,1,n,y,277825
1994,2349.698692568239,6,2.0,0.79,2,y,y,379304
2007,3494.6844822926532,6,2.0,1.23,2,n,n,602652
1998,2351.973278218936,5,2.0,0.71,1,n,n,353445
1999,3104.737662035872,3,2.5,1.02,3,n,n,493510
1994,3361.0600391702806,4,2.0,0.68,3,n,y,504359
2009,3374.131808892001,4,2.5,1.46,0,y,n,575519
2001,1570.4628912858268,4,2.5,0.9,2,y,y,286569
1997,2307.109521058772,6,3.0,0.98,2,n,y,385766
1989,2961.427255866803,6,1.0,0.45,0,y,y,395964
1999,3176.8802675242387,6,2.5,1.17,3,y,n,556582
1982,3670.7724932250835,3,2.5,0.84,3,n,n,490715
1995,3333.564613517971,2,2.5,1.0,2,n,y,482534
2018,1650.4297630356468,2,3.0,1.13,2,y,n,374514
1988,3718.2749466222217,2,2.5,1.49,0,n,n,482591
2003,2259.4995792186637,5,2.0,0.75,3,y,n,415174
2002,3579.217777968543,4,1.0,1.22,2,y,y,575182
2003,2047.7436347201087,2,1.0,0.9,3,y,n,340661
1985,2637.5657709481447,5,2.0,0.86,1,n,n,333534
1996,2725.2910300418084,6,1.0,0.69,0,n,y,379143
1990,1832.3622515489956,6,3.0,0.94,0,n,n,248954
2010,3961.048137378417,2,2.5,0.63,0,n,n,616107
2001,2368.0430433461393,6,1.0,1.24,0,y,n,378806
1990,3909.492034459637,5,1.5,0.92,0,n,y,527723
1982,3520.4544831934354,2,2.5,1.32,2,n,y,450368
1983,3117.961865210915,6,2.5,1.52,3,n,n,452994
2015,3665.831124754779,2,1.5,1.01,0,y,y,607524
1993,3665.0200718925703,2,1.0,1.1,0,y,n,491253
2017,2108.381798110984,3,2.0,1.11,1,n,n,397907
1999,3215.858861042471,4,1.0,0.8,1,y,n,484378
2011,2370.851531825201,3,3.0,0.96,2,n,n,435027
1984,2866.2742884433287,2,2.0,1.18,0,y,n,342641
1993,3424.697283419413,6,3.0,0.93,3,y,y,567654
1981,1690.1750050647875,2,1.0,1.42,3,n,y,164826
1993,2961.0134269741907,2,2.0,0.99,2,n,y,409002
1990,3860.3073741238986,4,3.0,1.09,1,y,n,570396
1985,3006.7188826375927,5,3.0,1.01,3,n,y,436157
2003,3432.231928821287,5,2.0,1.14,3,y,y,596934
1982,2003.2024418508595,6,3.0,0.94,3,n,n,279580
1986,2277.5772176876444,3,1.5,1.05,1,n,n,259886
1996,2526.5242500545146,5,3.0,1.25,0,n,n,377728
1977,1825.7511969955474,3,3.0,0.74,0,n,y,149962
2001,3416.379380229404,4,1.5,1.08,3,y,y,566156
2006,2992.5934754422015,5,1.0,0.94,1,y,n,497989
2015,3380.7347584848576,6,2.5,1.05,2,n,y,630360
1990,1379.9916059806897,2,3.0,0.88,3,n,y,185198
1998,1758.1912299090461,5,2.5,0.87,1,y,y,294278
1988,2388.5255680316673,4,2.5,0.78,0,y,n,312478
1995,2200.3893720118576,2,3.0,1.38,1,y,n,330758
1993,2712.138777692415,4,1.5,0.76,0,y,y,370720
2009,2424.0239166237293,2,2.0,1.16,2,n,y,411003
1974,2076.0908040101594,5,1.5,1.2,2,n,n,206913
1986,2921.9051530933275,6,3.0,1.73,3,y,y,469235
1999,3120.97103723696,5,2.5,0.93,0,n,y,469595
1983,2013.742399954393,4,2.5,1.36,2,n,n,249961
1996,2824.0987063896196,6,1.0,1.03,3,n,y,444064
1992,2559.52523266864,2,1.0,1.03,1,n,y,314378
1990,3605.5707611703856,3,1.0,0.37,3,n,n,491385
1980,2390.492385082877,2,2.0,1.23,0,y,n,252023
1999,2850.8667154592868,6,1.5,0.83,3,y,n,487580
1999,4477.149289752212,4,3.0,0.64,2,y,y,716172
1982,3369.17722161079,3,2.0,1.29,1,n,n,414726
2018,2204.6193767267373,2,2.5,0.51,3,n,n,435842
2000,2230.2377204368026,4,2.5,1.29,0,n,n,336385
1982,2799.776855803059,6,2.0,0.78,2,y,n,386666
2000,2293.267116423127,3,1.5,0.64,3,n,n,356090
2000,3037.0538172521665,6,2.0,0.97,1,y,n,500108
1992,2922.9598981018,4,3.0,0.78,1,n,y,415143
2009,2770.594285356788,2,3.0,1.35,1,y,n,485839
1990,3863.3652379869322,6,1.0,1.12,3,n,n,571304
1998,3296.2022378013544,4,2.5,0.52,2,n,y,504730
2003,2235.6828042673396,4,2.0,0.93,0,n,y,339302
1977,2945.1480851720708,6,1.0,0.79,1,n,n,333622
2005,3015.833124310486,6,1.5,1.01,0,n,n,480024
1974,2509.498228530878,3,1.0,1.14,0,n,n,213524
1991,3224.676206330634,6,3.0,0.3,3,n,y,498201
1994,2897.449130423387,5,2.5,1.21,0,n,y,415267
1975,4566.366773149754,3,2.5,1.11,3,n,n,594105
2006,4177.550280637609,2,1.5,1.01,3,n,n,664282
1989,3426.9826673307866,4,2.5,1.1,1,n,n,473047
2001,4634.3273665084635,3,2.0,1.18,2,n,n,712849
1987,3184.2209817441626,3,3.0,0.39,1,n,n,413483
2003,2522.4896882803823,5,1.5,0.76,2,n,y,412273
2005,2833.9731892035343,6,2.5,1.06,0,n,n,468495
2001,4072.954162305046,6,2.0,0.84,1,n,y,638543
2002,3904.1965160784116,3,3.0,0.73,2,y,y,636579
1987,2924.4805188287137,2,2.5,0.87,2,n,n,379222
1989,4039.8230486889393,2,1.0,1.06,2,n,y,536873
1986,3479.4943038413107,3,2.0,1.31,0,y,y,456574
2012,3010.256950641547,3,1.5,0.87,3,n,y,527088
2002,2630.9657753219435,2,2.5,0.97,1,n,n,396694
1978,3693.1191030714554,2,1.0,0.96,2,y,y,448367
2000,4757.4045648342,2,3.0,1.02,3,y,y,763910
1992,3094.8237126504027,5,2.5,0.99,2,n,n,461573
2015,3037.839476246738,5,1.5,1.15,3,y,y,590425
1990,3006.178735042295,6,1.5,0.8,1,n,y,415426
2011,4384.299698453517,3,1.5,0.49,0,y,y,697494
1986,3623.4409768532482,6,2.5,0.91,0,y,y,509666
1985,4800.027636181578,4,2.0,1.13,2,n,n,666954
2013,2918.5382863708637,4,1.0,1.03,0,y,y,498230
1975,2071.4186031403474,2,1.0,0.93,2,y,y,189662
1966,2317.985301831516,6,1.5,1.0,1,n,y,195197
1997,4090.913431986055,2,1.5,0.55,2,y,y,604387
2003,2382.5524174905804,3,2.5,0.49,2,n,y,382232
1983,2421.6708820220247,3,2.5,0.54,2,n,y,288850
2008,3010.828604773956,2,3.0,1.79,0,n,y,488474
2005,1861.5583039466778,2,1.5,1.36,1,n,n,287133
1986,2595.094959671126,6,2.5,1.15,3,y,n,404014
1991,2665.2808577346846,3,1.5,1.25,2,n,y,361042
1964,4006.9979626920253,6,3.0,1.44,0,n,n,452649
1991,2530.1484383076145,5,1.5,0.6,1,n,y,336022
1981,2746.3989928451274,5,2.0,1.17,2,n,n,349509
1989,2061.048387507987,6,1.0,1.0,2,n,y,279157
1999,2543.4109805455446,5,1.5,1.21,1,y,n,407161
1995,2021.8815166151978,2,2.5,0.99,2,n,y,285632
1994,3056.554148838526,2,1.0,1.27,0,n,n,387533
1991,2885.3508278094864,5,3.0,0.81,3,n,y,444952
1994,4198.85646138226,5,2.0,0.82,3,y,y,662128
1988,3348.1240868100786,3,2.5,1.33,3,y,y,499668
1989,3659.3813453505554,3,2.0,0.7,0,n,n,469407
1990,2702.5830743767483,4,3.0,1.09,3,n,n,406737
1970,2236.21108145023,5,3.0,1.14,3,y,n,267531
1982,2452.1878523099704,6,1.5,0.94,2,n,n,309428
1990,2413.5689467809443,2,2.5,1.04,3,n,n,335135
2006,3549.101856034127,3,3.0,1.01,0,y,n,577515
2007,2103.428470096237,6,1.0,0.93,0,n,y,344464
1981,3560.602252307173,4,1.0,1.55,1,n,n,437340
1992,3973.0359788304795,6,1.5,1.08,2,y,n,609655
1999,2541.5799767364306,6,2.5,0.81,3,y,n,455886
1999,3389.28701739966,6,2.5,1.32,3,y,n,590693
1985,3343.842137346492,4,2.0,0.97,1,n,n,431126
1998,2833.6375351213887,5,3.0,1.39,2,y,y,485895
2005,3567.8265451743064,3,1.0,0.94,0,y,n,544273
1985,2384.365734646286,6,2.0,1.36,0,y,n,318054
2002,3408.9237650843447,6,1.0,0.76,1,y,n,547738
1986,2891.0721670374546,4,3.0,0.71,0,y,n,384310
1996,2600.3396024925264,5,3.0,0.36,0,n,n,375450
2010,2613.6334988098993,5,2.5,0.87,2,n,y,477595
1980,2671.8316784423487,2,1.0,1.09,0,n,n,257124
1970,3115.791268694002,2,1.5,1.19,0,y,y,302718
1993,3740.910073054616,4,1.5,1.29,0,n,n,512986
2008,2213.5363950545816,5,2.0,0.88,0,n,y,370230
1992,1546.6388394181351,6,2.0,0.44,1,y,y,228595
2001,3099.802191383468,6,2.0,1.06,0,y,y,500870
1992,2982.8832646163655,4,2.5,1.12,2,n,y,436732
1983,3438.012702708051,2,3.0,0.68,2,n,n,440901
1988,3477.358552770523,2,1.0,0.68,2,n,y,441803
1997,3098.023929529178,3,1.5,0.75,0,n,n,418453
1991,1581.4583231945935,5,1.5,0.9,1,y,n,218218
1977,1777.8556156882685,3,2.5,1.44,2,n,n,175778
1991,2635.048651736377,6,3.0,1.36,1,n,y,395657
2013,2969.9008010392563,3,3.0,1.15,1,y,n,542735
1974,2998.9776390617526,3,2.0,0.76,2,y,y,346246
1991,1673.102877452428,2,2.5,0.82,0,n,y,180765
1988,2481.576410198692,4,2.5,1.26,2,n,y,343636
2008,2602.9420229914335,2,2.5,1.02,0,y,y,428241
1978,3398.476646474116,5,1.5,0.78,2,y,y,438971
2001,3150.2735988717086,2,2.0,1.31,3,n,y,497191
2011,2745.3413470361825,3,3.0,1.27,0,y,y,485851
2015,3039.2482526112317,4,3.0,0.9,1,y,y,569387
1997,3432.660228163892,5,3.0,0.99,1,n,n,529749
1991,2525.6130718538107,5,3.0,0.97,0,y,y,368391
1990,3334.013080270671,6,1.5,0.6,2,n,y,476601
1984,1593.729505491609,2,2.0,1.29,2,n,y,163409
2015,2658.1796324625666,5,1.0,1.15,1,y,n,495976
2001,2615.9747964678345,3,1.0,0.96,1,y,n,396796
1996,3316.1679978294806,4,2.5,0.75,3,n,n,516175
1996,4198.859145010821,2,2.0,0.97,1,y,n,614378
2002,2192.964847447751,6,3.0,1.05,3,n,n,409694
1978,3468.351603440088,5,2.5,1.1,3,y,n,484252
2001,2450.8670750641204,3,1.0,1.45,2,n,y,374380
1987,3676.39952338604,6,1.5,1.47,1,n,y,511009
2004,3745.662541886096,5,3.0,0.75,1,n,y,608099
1995,3141.185257168737,3,1.5,0.93,1,y,y,452627
1989,2904.7497445059557,6,1.5,1.37,2,y,y,438762
1994,1987.3831255302462,3,1.0,0.71,3,y,n,293757
2006,2662.239469423673,2,2.0,1.34,2,n,n,434435
1997,2812.8684774534577,3,3.0,1.32,0,y,n,426730
1996,2371.602162755822,5,3.0,1.23,1,n,y,369190
1987,1656.1966489010956,4,2.5,0.81,0,y,n,198079
2006,3014.819644037782,5,3.0,1.28,2,y,y,551422
1993,3096.6128769175225,4,2.0,1.18,0,n,y,422191
1998,2763.7486174730175,6,1.0,0.75,1,y,y,430812
1995,2875.758251060596,2,2.5,0.72,0,n,y,379663
1992,3367.3205557693454,6,1.5,0.93,3,y,n,531548
1985,2787.8655405435916,6,3.0,0.92,0,y,y,386979
2017,3721.602600276691,4,2.5,1.05,1,n,n,656490
2004,2510.1923640082955,4,1.5,1.05,0,n,n,379778
1987,3377.018135753692,3,2.0,0.68,0,n,n,416752
1997,3210.840136060053,5,3.0,1.31,1,n,n,501276
1987,3489.0911175951346,4,2.0,0.81,1,y,n,480513
1999,2642.7258439556076,3,2.5,1.16,3,n,y,426308
1991,4502.406446475814,6,2.0,1.24,0,n,y,643960
1982,2533.354325391992,2,1.0,0.99,3,n,n,289853
1989,2529.7004691852258,3,2.0,0.85,2,y,n,352205
2000,3904.344327682521,5,2.0,0.9,3,y,y,649151
2015,5076.669919695931,4,2.5,0.81,3,n,n,876150
1976,3571.2252519005906,5,1.0,1.2,3,n,n,448683
1978,2823.226155035708,3,1.5,1.22,3,y,n,354283
2001,2765.3233936815036,5,2.5,0.93,1,n,n,441248
2002,2726.7107110010816,3,2.0,1.26,3,y,n,467906
2009,2198.5452380950446,4,2.5,0.65,3,y,n,432031
2004,3115.628567091086,3,2.0,1.2,1,n,y,485344
2000,3327.4310563383597,5,1.5,1.02,2,y,y,541914
2002,2921.575796309574,6,1.0,1.27,2,y,y,497286
1988,3837.8711240468288,4,1.0,0.92,1,n,y,504480
1999,3735.672544432363,4,3.0,1.11,2,n,n,592000
2010,2628.0467340053365,4,1.0,0.4,1,n,n,425207
1989,2547.7005853215196,2,1.0,0.96,3,y,n,346555
1982,3468.378148851585,6,3.0,0.96,0,y,n,474656
1992,3815.0495864687964,5,2.5,1.36,1,y,y,580157
1988,2140.12293116723,5,3.0,0.95,0,y,y,295268
2015,3112.5164351393546,4,1.5,0.95,3,n,y,568627
1987,1429.1696333440184,6,3.0,0.89,2,y,y,222725
1994,3396.9650714830314,6,2.5,0.91,1,y,n,530694
1992,2621.7156992111077,2,3.0,1.2,3,n,n,386257
1995,3336.4980110894153,3,2.0,1.26,3,n,n,504374
1978,3007.486864295247,6,1.5,1.53,3,n,y,396573
1990,3315.765233946236,3,2.5,0.97,1,y,y,469414
1982,3063.950970169267,3,1.5,0.88,2,n,n,370292
1989,2092.484316258759,2,1.5,0.83,0,n,n,218822
1992,2491.20203157571,3,2.5,1.41,2,n,n,357330
2008,2617.619431244508,6,2.5,1.3,2,y,y,504642
1998,3160.034284134952,3,2.0,0.85,3,n,n,486755
1980,2896.9204667399395,5,1.0,0.87,2,y,y,367588
1993,3540.17469794313,5,1.5,1.18,1,n,y,506226
2004,4321.5540870411205,3,1.5,0.66,1,n,n,650633
1993,2554.624293600321,3,2.5,0.98,2,y,y,385393
1992,3756.6479260956226,6,1.0,0.9,1,n,y,531997
1983,2655.555028140822,5,2.0,0.71,2,y,y,358983
2003,3149.591818228932,3,1.5,1.24,1,n,y,478538
1976,2697.3352221601635,5,1.0,0.71,2,y,y,315250
2011,2724.700011268686,3,2.5,1.51,3,y,y,523855
1983,4082.7353686218958,5,1.0,1.14,3,y,n,579510
2007,3442.0721036693667,6,2.5,0.6,3,n,y,607810
1996,2855.0713842913046,6,3.0,0.96,2,y,y,482660
1988,3270.139818189297,6,2.5,1.03,3,n,n,493470
1993,4490.517035454286,6,2.5,1.06,2,y,y,706977
1997,3043.7918942724023,2,3.0,0.47,0,n,n,418618
1988,4135.7638295223915,5,3.0,1.17,3,n,n,622914
1985,2617.66958590295,4,3.0,0.68,3,y,n,382850
1999,3518.288232722209,5,2.0,0.95,1,y,y,556993
1997,2691.8439821843167,5,1.0,1.01,2,n,n,403926
1987,3503.9607993175046,5,1.5,0.88,2,n,y,481294
2003,2137.24481729551,3,3.0,0.69,2,y,n,375936
2011,2137.451694794747,5,3.0,1.24,2,n,y,424217
1985,2081.9054623804223,2,2.5,0.87,2,y,y,262835
1983,2637.5358956583377,6,1.5,1.01,2,n,n,343280
2006,3394.385671202049,6,3.0,0.83,2,y,y,611607
1999,2311.8885268371964,2,1.5,0.98,1,n,n,318983
1977,2905.7493338990744,3,3.0,1.33,1,y,y,355812
2005,2665.0333975306476,2,1.5,0.82,1,n,y,399555
1997,1240.3389530283068,4,2.5,0.57,3,n,n,207100
1997,3227.8463390206134,5,3.0,0.93,1,y,n,518126
1992,2898.2920108989492,6,1.0,1.32,1,n,n,409543
1984,2281.7197696643416,2,2.0,0.85,1,y,y,265007
1995,3087.1142380064975,4,3.0,0.82,2,y,y,490367
1982,2875.9940054439858,2,1.5,1.31,1,y,y,343549
2003,3670.11536999221,6,1.0,0.91,0,y,n,579167
1993,2432.627410167244,5,2.0,1.05,2,n,y,360644
2001,2804.564616799471,4,3.0,1.21,2,n,y,463834
1995,3353.36443394881,3,1.0,0.97,3,n,y,487554
1982,2366.4492714651465,4,1.5,1.06,3,y,y,313367
1986,4473.074437244704,4,3.0,1.2,2,n,y,638961
1993,1836.5965232087442,4,3.0,1.21,0,n,y,248639
2003,1908.3782691320419,6,3.0,1.12,3,y,y,393056
1978,3296.2405543696104,2,1.0,0.97,2,n,y,368986
1992,3599.339371129303,3,3.0,1.43,3,y,n,566350
1990,2765.6699922419825,2,2.0,0.81,0,n,n,332000
1985,3474.314374446,5,2.5,1.04,1,y,n,489247
1989,3870.8054756713045,6,1.5,1.24,1,n,n,546720
2004,3430.05740049006,5,1.5,1.14,0,y,n,549108
2003,4020.715971026109,6,1.0,1.53,3,n,y,666057
1998,3733.676702448156,5,1.5,0.47,2,y,n,584601
1995,3131.4352512543946,4,1.5,0.91,3,n,y,470865
1976,4476.704293006393,3,3.0,0.79,2,y,n,593355
1998,2427.4817750036027,4,1.5,1.37,2,y,y,392172
2007,1843.1671862472388,4,2.0,1.3,2,n,y,335975
1990,3208.021629408178,3,1.5,0.99,2,y,n,453553
1985,3489.091266606054,3,1.5,1.01,0,n,y,421013
1988,3695.883646070402,2,3.0,1.38,1,n,y,500082
2007,4884.851783766189,4,2.5,0.82,0,y,n,782527
1988,4095.6846106815256,5,1.5,0.95,2,n,n,576102
1989,4334.166911313516,2,2.0,1.15,3,y,n,632375
1992,3691.7633220576954,2,1.0,0.64,2,y,y,513364
1993,3115.266941725024,5,1.5,1.3,3,y,n,494290
1988,3259.8714201603184,6,3.0,0.73,3,y,n,514930
2003,2752.7725500236884,5,2.0,0.84,0,n,y,425515
2013,3169.633858604832,4,2.5,1.19,1,y,n,575795
2009,2582.734970496921,5,1.5,0.9,2,n,y,453410
1980,1718.8890890943533,5,3.0,1.16,2,n,n,205233
2002,4287.811748029197,3,1.0,1.24,2,n,y,651771
2010,2666.2106474996563,3,2.0,1.06,0,y,y,450831
2004,2934.8655777387708,2,3.0,1.05,0,y,y,465979
1977,3582.4779303224864,3,2.5,0.92,1,y,y,443671
1996,2852.1288547998793,3,1.0,0.96,1,n,n,387219
1975,3109.453741372888,5,2.5,1.15,1,y,n,386168
1994,2232.2114161411273,2,1.0,0.77,3,y,n,321381
1986,3547.64381812223,2,2.5,1.02,2,y,n,489946
1998,2226.39007740566,4,1.0,1.54,0,n,y,307058
1994,3046.884156898334,4,1.0,0.79,1,n,y,413882
1996,2382.5728578271355,2,1.0,1.69,2,y,n,352735
1978,3774.147283545689,5,1.0,0.68,0,y,n,456322
1969,5751.131156505779,4,3.0,0.7,3,n,y,753169
2002,3608.0382240885306,4,3.0,1.19,1,y,n,594055
1985,3269.8372149723427,2,1.5,1.23,1,n,n,396425
2005,3132.5260686853912,5,2.5,1.06,1,n,n,518278
1998,3146.9304088233093,2,2.5,1.33,2,n,n,474489
2003,2946.2963056502413,6,2.0,0.8,1,n,n,478944
2004,2593.8717656989893,4,2.5,1.45,2,n,y,443330
1990,2271.902550567922,2,1.5,1.08,0,n,y,254485
1989,2047.712474209032,6,1.0,1.08,0,n,y,248356
1992,3681.405412323869,4,3.0,1.36,3,n,n,567610
1982,2439.014694585334,4,3.0,1.47,0,n,n,287902
1995,3858.380980263108,2,2.5,1.08,1,y,n,567457
1990,3477.664610051799,3,2.5,0.73,3,n,n,500099
1987,3490.9791787811646,2,2.0,1.08,1,n,n,444846
1981,3840.3115196794547,6,1.5,0.76,2,n,y,509946
1983,3715.813941419398,2,2.0,0.77,3,y,y,503922
1997,2113.6097873998947,3,1.5,0.9,0,y,n,293041
2001,2354.6658715054127,3,1.0,0.76,3,n,y,364599
1981,2469.6213953209144,5,1.0,1.1,3,n,n,306943
1991,2508.963651113907,2,3.0,1.03,3,y,n,381794
1992,3779.1888666265886,6,1.0,1.35,0,y,n,547128
1997,2867.57950324543,3,2.0,0.9,2,y,n,443636
1984,4198.405265834077,4,2.0,1.09,2,y,y,591110
2002,2458.2900944646226,3,1.0,1.01,3,y,n,408893
1999,2239.303109041441,4,3.0,1.27,1,y,y,374945
2004,2668.3022443464733,4,2.5,1.22,3,y,y,486045
1992,3365.9650241049662,3,1.0,1.4,3,n,n,480894
1992,3575.8375858501854,6,2.0,0.84,2,y,n,553975
1993,4090.78163437145,2,1.5,1.49,1,n,n,563467
1997,2416.111521423669,4,2.0,0.82,2,n,y,364716
2010,3781.7280596315404,4,3.0,1.31,2,n,y,656909
1981,4549.590218796322,2,2.0,0.71,3,n,n,598088
1994,2324.1190297657236,6,1.5,0.94,1,y,y,355217
1991,3504.470541493846,6,1.0,1.1,3,n,y,522170
2004,3308.329865573817,2,2.5,1.07,2,y,y,544799
2005,4161.738126833703,5,2.0,0.82,1,y,n,681560
2005,2834.4264741788047,4,3.0,1.06,1,y,n,491063
1987,2367.790295196633,5,2.5,0.72,2,n,y,323468
2004,3148.6523862520125,6,1.5,1.08,0,n,n,495997
1997,2761.362209654804,2,3.0,0.91,1,n,n,397854
2008,2647.157082061357,5,2.5,1.36,1,n,y,464973
1994,2653.5830106432336,4,1.0,1.11,1,n,n,359687
1988,2350.651233608334,3,2.5,0.7,2,y,y,325597
1995,3124.1790767438006,5,1.5,1.35,1,n,y,456376
2004,3708.1761567502604,5,2.5,1.43,1,y,y,625176
1991,2226.2146121720243,3,2.5,0.7,2,y,n,321932
2004,3703.2622984525115,5,2.5,0.82,2,n,n,610289
1995,3441.5588205414997,6,3.0,1.17,1,n,y,533783
1988,3268.236800695973,5,2.5,0.92,0,y,y,456535
1986,4124.939449784428,2,2.5,1.04,3,n,y,571840
2016,2816.6086490874472,5,2.0,1.1,3,n,y,548991
1988,2762.1414255649192,3,1.5,0.9,2,n,y,355321
1986,2819.6011154573753,6,3.0,0.6,1,n,y,386940
1994,2961.780023976245,2,1.0,1.1,2,y,y,420767
1993,1791.4920740184725,3,3.0,1.42,0,n,y,235023
1982,3648.886423161888,4,3.0,0.6,1,y,n,491332
1996,3341.4428758535378,4,3.0,1.13,1,n,y,503166
1989,3033.5224483209117,5,1.5,0.64,0,y,n,407128
1975,2729.0008280596226,4,3.0,0.77,0,y,n,305900
2001,754.4023107599019,3,2.5,1.39,3,y,n,176510
2001,3178.021255538516,4,2.5,0.88,0,n,n,477403
2004,3133.1699714505585,6,1.0,1.01,0,n,y,485125
1988,2945.7954022362055,6,2.0,1.04,3,n,n,437469
1977,2430.515886189654,4,3.0,1.22,1,y,n,292877
1988,3012.281196086206,2,1.5,0.89,2,y,n,402692
1988,2941.3854432230046,4,1.5,1.47,3,y,n,435757
1973,1130.19552927612,4,1.5,0.94,2,y,y,66129
1970,2263.1175403395264,5,2.5,0.58,1,n,n,205667
1991,4100.054339374942,2,2.0,0.67,1,n,y,550058
2007,2445.5211110938717,5,1.0,0.74,1,n,y,397928
2007,2968.4127184708104,6,2.5,1.12,3,n,n,544561
1989,3267.1195118406617,3,1.5,1.19,1,y,y,445417
1984,3386.7637761116744,3,1.5,1.07,1,n,n,416564
1987,3513.772398983446,6,2.0,0.99,1,y,n,506915
1984,3318.523506088614,2,2.0,0.71,1,n,n,398428
2010,3195.800614211189,5,1.0,1.27,2,n,n,548420
2004,3833.4901437224703,4,1.5,1.1,2,n,y,609023
2012,2587.50379077492,4,2.0,0.91,1,n,n,451775
1988,2934.1358490933676,4,2.0,0.67,2,y,y,415170
1988,1887.8201240838168,6,1.5,1.11,0,y,n,247323
1994,1942.0312465142686,4,2.0,1.23,0,y,n,274754
1992,4074.9056548916615,6,1.0,0.76,1,y,y,597635
1998,3507.269069479553,4,1.5,1.26,3,n,y,547490
1994,1111.1390885478756,5,2.5,0.57,3,n,y,182720
1986,2706.94255775073,6,1.5,0.55,3,y,n,396791
2013,1717.6431737240473,4,1.0,1.04,2,n,y,328246
2010,2707.0684123533197,2,1.0,1.29,1,y,n,450410
1993,3462.6311899152583,5,3.0,0.97,2,n,n,528944
1969,3244.5365226282906,6,3.0,0.7,1,n,y,367180
1995,2546.6405424109835,5,2.0,0.74,2,y,n,403096
1990,2825.926772027003,3,2.5,0.84,1,y,n,393989
1990,2929.7026239928623,2,2.5,1.28,1,y,y,406155
2007,3032.3618193361963,4,1.0,1.35,3,y,y,535104
1990,4564.999682957217,2,2.5,0.82,0,y,y,629549
1997,1810.7716967274037,6,1.5,1.07,0,n,y,260165
2004,2433.670879470025,3,3.0,1.46,1,n,n,401950
1988,3596.3768892936414,3,1.0,0.8,3,n,n,486456
2000,3323.6040053054207,2,2.0,1.08,1,n,n,484740
1996,4000.3858356567657,6,1.0,1.26,3,n,y,623957
1993,3408.838086582252,3,1.5,1.14,0,n,y,450925
1986,2718.189200641624,4,3.0,1.34,2,n,n,377828
2002,1623.3572808134318,2,1.0,0.79,3,y,y,270353
1978,2805.134755783225,6,3.0,0.91,1,n,n,349420
1991,3060.365527435294,2,1.5,1.13,0,n,n,378504
1986,3779.0410499739296,4,2.0,0.79,1,n,y,498706
2006,3032.4847166808822,4,1.5,1.22,1,y,y,505672
1992,3321.4030523791666,2,3.0,0.68,1,y,n,473410
2004,3779.00260374896,6,1.5,0.99,2,n,y,619200
1984,3192.3220351164946,6,2.0,1.22,1,n,y,427148
2002,2106.5447180963924,6,3.0,0.97,1,n,n,365531
1987,4054.10297140682,5,2.0,0.31,0,y,y,552765
1995,1910.7294258552229,5,1.0,0.97,1,n,n,261159
2019,3363.3129374267055,3,3.0,1.45,1,y,y,636246
1992,3420.664061628074,6,2.5,1.05,3,n,y,536349
2008,2330.768804721943,3,3.0,1.31,0,y,y,409265
2001,2936.664562733568,4,2.5,0.52,0,n,y,435799
1997,2825.5164664765457,6,2.5,0.89,0,n,n,424677
2013,2574.9918376054693,5,3.0,1.42,0,y,n,492548
1995,3013.9883987736503,6,2.0,0.84,0,n,y,434698
1999,3662.3095052810913,6,1.5,1.27,3,n,n,595896
1997,2322.0276443339744,5,2.0,0.94,2,n,y,362404
2003,4201.26290089244,3,2.5,1.14,0,y,n,654789
1982,2559.646303164887,3,1.0,1.25,2,n,y,292696
1988,2991.9142033719654,3,2.0,1.23,0,y,n,392237
1990,3493.151472220034,4,1.0,0.9,3,y,n,512472
1983,2802.089337667737,4,1.5,0.87,2,y,y,365863
2010,3749.3013202072034,5,1.0,0.91,2,n,n,626045
1991,1414.0595631107665,2,1.0,0.83,0,n,y,119558
2007,3083.2887328639686,6,2.5,1.6,3,n,n,568993
1984,3669.885789461795,3,3.0,1.16,3,y,y,532882
1994,2602.7496690794555,5,2.0,1.19,1,n,n,378262
1991,2939.454080780252,3,2.0,1.24,0,n,y,379518
2007,2518.52932309454,5,2.5,0.75,2,n,y,446529
1969,4018.0113714056674,4,2.5,1.11,3,n,n,491851
1992,3724.3777748716416,6,2.0,1.08,2,n,y,559856
1975,1937.5929913908592,6,2.0,0.5,2,n,n,198138
1986,4611.489628450843,4,2.0,0.82,3,y,y,674023
1997,3432.975719063206,3,2.0,1.07,1,n,n,495996
1990,2731.7655652696735,2,2.5,1.0,0,n,n,337264
2007,2294.315602291052,5,2.0,0.9,1,y,y,412647
1989,2598.0669917001815,4,1.0,1.48,0,y,y,336910
2002,1854.6603532417341,2,3.0,1.09,2,n,y,304549
2019,2237.639153431169,4,1.0,0.93,2,n,n,434595
1987,2581.2523451091365,5,2.0,1.03,2,n,n,352637
1990,4230.313133195068,6,3.0,1.37,2,y,y,665096
1990,3185.9087285707483,5,2.5,0.91,0,n,y,434036
1989,1386.9290276300587,3,1.5,1.07,2,n,y,156589
2013,2785.6835257994594,2,2.5,1.2,2,y,y,513352
1994,1784.171839233061,6,2.0,1.28,0,n,n,251825
1993,2529.8537295568267,3,2.0,1.1,2,y,n,375978
1997,2385.380053814014,4,3.0,0.88,2,y,n,396007
1993,2270.6493950813037,2,3.0,1.25,3,y,y,359347
2006,3568.602339772332,3,2.5,0.92,3,y,y,616590
1985,3368.1655326196865,3,2.0,1.04,2,y,y,460824
2000,3547.885134975394,3,3.0,0.99,2,y,n,577032
1981,3333.882410096338,2,2.0,1.34,1,y,n,415182
1995,3371.3432427055427,6,2.0,1.07,3,n,n,536751
1989,2511.550938191876,2,2.5,1.35,0,n,y,304482
2010,2137.0085734797367,5,1.0,0.61,3,y,n,414701
2001,2784.7002009414064,5,2.0,0.95,3,y,y,486955
1981,3757.1361049301045,5,2.5,1.49,1,n,n,498420
1994,3417.285295467832,2,1.5,1.17,0,n,y,447642
1995,2564.6474162510794,4,2.0,1.35,2,y,y,404947
1997,4076.042019021517,2,1.0,1.67,3,n,n,606456
2003,4038.0696455227967,3,2.5,1.11,3,y,y,674860
2015,2546.563926924002,2,1.5,0.71,0,n,n,415134
2003,2322.54368124743,3,1.5,0.98,2,y,y,385581
1997,3628.265658327942,3,3.0,1.05,2,y,y,574989
2004,3887.540660675797,5,2.5,1.06,0,y,y,631531
1989,4463.918563810232,4,1.5,1.45,2,n,y,633837
1991,3874.263584444009,3,1.0,1.14,0,n,y,503239
2017,2056.1980172716003,4,2.5,1.06,1,n,y,406829
1998,2185.662197995869,6,2.5,1.53,0,y,y,363299
1986,3185.283484742342,5,1.0,0.94,2,n,n,421892
2006,1940.0564198246475,3,2.5,1.06,0,y,n,329408
1990,2968.8004545701942,4,1.0,0.74,0,n,y,366420
1989,2834.1240827755437,4,3.0,0.85,0,y,y,392868
1989,2861.3975664263266,6,2.5,1.11,2,y,y,443359
1997,3296.623277355442,4,2.5,1.3,2,y,y,531493
2013,3630.0130468241287,2,2.0,1.26,3,y,n,648401
2001,1757.8513134023217,2,1.0,1.14,0,n,n,225777
1997,3237.5863909835452,3,3.0,0.95,1,n,n,479887
1981,3598.8349180075215,6,2.5,1.08,1,y,n,498525
1983,3795.154156542164,5,1.5,0.84,1,y,y,509373
1984,2765.7718059309764,3,2.5,1.02,2,n,y,352665
1983,3352.62518596189,5,1.0,0.78,3,y,y,464593
1990,1704.5016313084789,4,3.0,0.74,3,y,y,271775
1989,1718.5716881312096,6,2.0,1.02,0,n,n,213085
2011,3587.2864077132567,5,2.5,1.24,2,y,n,654192
2005,2561.8156197461353,5,1.0,1.32,3,y,y,464072
1993,3157.4071808223284,3,1.5,1.04,1,y,y,446711
1997,2089.2708906094135,2,3.0,0.77,2,n,y,309940
1995,2246.8423882216775,5,1.0,1.06,2,n,n,327926
1978,2989.0624510476546,6,2.0,0.76,0,n,y,344759
1982,2692.56388798251,5,3.0,0.78,3,n,n,370584
1972,2885.98309456432,3,1.5,1.28,0,n,n,269597
2011,2188.750839770325,4,1.5,1.14,2,y,y,417912
2002,4012.9490796715913,5,1.5,0.91,1,n,y,618092
2006,2132.966261724277,4,1.0,0.84,2,n,y,352544
1976,2080.893040950888,5,1.5,1.06,3,y,y,250533
1975,3022.6526890544737,2,1.0,1.02,2,n,n,313697
2014,3015.332527964532,6,2.0,0.88,2,n,n,560499
1991,2850.184138956148,4,2.5,0.91,1,n,n,393677
1994,2998.4783425594765,5,2.5,0.65,2,n,y,452021
2007,2969.5794162263905,4,3.0,1.1,1,n,n,501936
2003,2311.3160149996784,5,3.0,0.92,3,y,n,440497
1988,2637.927874840885,3,1.5,1.22,0,y,n,331489
1992,4171.299068351121,6,1.5,0.84,0,y,n,605794
1994,1548.2053937071385,6,1.0,1.07,3,y,n,263280
1993,4048.0850764825427,3,2.5,1.32,1,y,y,599512
1986,3255.7014201448833,6,2.5,0.97,0,n,n,435405
1978,2051.8917918202305,6,1.5,1.1,3,y,n,266783
2003,3675.3008986104182,4,1.5,1.14,0,y,n,570895
1986,2801.035048805288,5,1.5,0.54,2,y,n,385755
1988,2953.487282681393,2,2.5,0.48,2,y,n,402723
2005,2495.215527550405,3,2.0,0.96,1,y,y,413682
1994,2282.8428348918965,3,3.0,0.84,1,n,n,320026
2001,2195.6577153339867,5,3.0,0.7,2,n,y,374848
2005,3637.881470268293,5,2.0,0.41,1,y,n,596832
2009,3044.56203574141,3,2.0,1.24,1,n,n,500284
1986,2030.0745675944531,5,1.0,1.05,1,n,y,235261
1988,3153.7219468271196,2,2.5,0.64,0,y,y,405158
1966,2121.458664659541,4,2.0,0.99,2,y,y,188068
1992,3263.1256910382936,2,1.0,1.09,3,y,y,470818
1998,2640.6509643801023,2,3.0,1.22,3,n,y,419397
2011,2771.890257027956,4,1.0,1.42,3,n,y,497083
2005,3702.4836170944222,4,1.0,0.6,0,n,y,549372
2010,2136.0612152490557,3,2.0,0.8,0,y,y,367409
1980,1519.5690078767816,2,3.0,0.99,0,y,y,132785
1989,2621.3570095662794,2,3.0,0.98,2,n,y,352903
2001,3066.646464454842,2,1.5,1.13,0,n,n,429446
2011,3063.7491897535406,3,1.0,0.98,0,y,n,499262
1982,2841.485908460576,3,1.5,0.95,2,y,y,357972
2006,3217.785119492534,2,2.5,0.92,0,y,n,508967
1981,3036.637054337981,5,2.0,0.92,0,n,n,359295
1993,3577.8148489081364,3,2.5,1.36,2,n,n,524572
2005,3020.5302925680594,6,3.0,1.38,0,y,n,528779
1998,2837.0964251379423,6,1.5,1.09,0,n,y,419414
1989,2289.488435050049,2,1.5,1.04,2,y,y,301523
1981,3570.2293385541034,5,2.0,0.74,0,n,y,436634
1993,2273.1537272332334,6,1.5,0.98,0,y,y,328173
1998,2591.76258872292,5,2.5,0.7,3,y,y,446764
1983,3034.528629570261,6,2.0,0.99,1,y,n,415029
1997,2951.381418758073,2,1.5,0.62,1,n,n,399507
1987,3202.4850611571837,5,2.0,1.11,2,n,n,447022
1994,3051.8261115951027,3,2.0,1.13,1,n,y,424723
1993,2383.4248237191523,6,2.0,1.26,0,y,n,356413
1993,3149.5041309593016,4,2.0,1.04,1,n,y,443025
2002,3482.3010537879236,3,1.5,1.02,0,y,n,525145
1996,2671.7912464656542,4,1.0,0.76,3,y,n,417168
1985,1451.153191677644,3,2.5,1.25,1,n,y,148922
1992,3623.966180959809,6,2.0,1.14,2,n,y,545694
1992,2456.6333526852804,2,1.0,0.65,3,n,n,323245
2003,4334.401714262275,4,3.0,1.2,1,n,y,688160
1998,2361.3542460724957,4,3.0,0.91,2,y,n,397853
1997,1977.5930522156996,3,1.5,1.24,2,n,n,287738
2012,3756.7398971969833,2,2.5,0.73,0,n,y,596960
2004,3293.9325351854854,4,1.5,1.24,0,y,y,520189
1990,2552.822376239546,6,2.5,1.12,0,n,n,352223
1986,3523.8529603262136,6,3.0,0.76,0,n,n,479977
1996,3853.5825706190562,4,3.0,1.19,0,y,y,585887
1995,2438.994288918752,5,1.0,0.78,1,y,n,357549
1979,2732.05038515928,6,1.5,0.93,0,y,y,326257
1993,2486.8729371136387,6,1.5,1.55,0,n,y,348780
2003,2928.5547750048636,6,2.5,1.21,0,n,n,474933
1986,3518.247717520181,6,1.5,1.13,1,n,y,477187
1991,2511.441977454608,3,1.0,0.93,2,y,n,345666
1988,1438.0973739143958,2,1.0,0.4,3,n,y,146714
1996,3866.6519642835724,3,1.5,1.02,0,y,n,552797
2009,2082.5804251500267,5,2.0,0.99,3,y,y,422237
2015,3965.3704017632163,4,1.0,0.5,0,y,y,657305
2000,2554.2928183896133,4,3.0,1.01,3,n,y,433293
2002,2313.1158257306124,3,1.0,1.31,0,y,n,346617
2006,3480.2196827323637,6,3.0,1.11,2,y,n,628682
1985,2325.5804199819067,3,1.5,1.05,3,y,n,312087
1995,1422.226799232624,6,1.5,1.59,1,y,n,234684
1977,4260.9258246196305,5,3.0,0.94,0,y,y,558238
2004,3773.179838281354,3,1.0,0.95,0,y,n,570226
1984,3624.972707486865,4,1.0,0.99,0,n,n,438595
1998,3416.4812185518563,2,2.5,1.23,1,n,y,498422
1994,3163.6854378356297,3,3.0,1.24,0,y,n,463152
1999,3324.187383586881,5,1.0,0.94,0,n,n,477728
1986,3105.0094154844505,2,1.5,1.27,0,y,y,382301
2017,3991.9460434702023,6,3.0,1.09,1,n,n,725141
1987,2375.419226738056,5,2.0,1.14,0,n,n,293412
2001,2317.254190235764,5,1.5,0.83,2,y,n,392538
2002,3745.0660068749758,4,1.5,0.74,1,n,y,565359
1991,3282.5002540861274,3,3.0,1.53,1,n,y,465325
1993,3886.575867594235,4,1.0,1.01,2,y,y,573136
1977,3670.9524539454565,6,3.0,0.66,0,y,n,475542
1993,2574.8975973173906,3,1.5,1.6,1,n,y,347734
1991,3608.2200846943447,6,2.5,0.91,0,n,y,512383
1995,2836.7789158795435,2,1.5,0.86,2,n,n,390916
1983,2453.22749818512,5,2.5,0.86,3,n,n,333384
1989,1559.7101253119056,6,3.0,0.59,2,n,y,227806
2004,3256.61759569407,3,3.0,0.43,3,y,n,559942
1983,2430.634876983212,4,1.0,0.86,2,n,y,282495
1992,2445.297832096035,2,2.0,0.81,1,y,n,328944
2008,3438.072947527043,2,2.5,1.1,3,y,y,599710
2009,3780.8003443567845,3,1.0,0.94,1,y,n,611220
1973,2325.5512019389416,2,1.0,0.79,3,y,n,230682
1998,3031.483327750929,6,2.5,1.13,2,y,y,514172
2011,2858.740254860976,3,1.0,1.06,3,n,n,494711
1981,2946.0217466072577,5,2.0,0.76,1,y,y,378303
2011,2325.216216716959,4,2.0,0.8,3,y,n,455782
1979,2989.64637976951,5,3.0,0.84,0,n,n,356046
1998,4510.954569050456,6,1.5,1.18,3,y,n,736843
1977,3510.9680056481025,6,2.0,0.9,3,y,y,485145
1999,2301.919627948551,4,1.0,1.17,3,y,y,382837
1976,3106.2631759310216,6,3.0,1.26,1,y,y,409839
1988,3744.651643864221,4,1.0,0.8,0,n,n,473697
1999,4151.664676544791,6,1.5,0.94,0,y,n,639349
1995,3057.715317714095,2,2.0,0.71,2,y,n,449307
1986,1939.9539450894888,5,2.5,1.54,0,y,n,256593
2004,3038.118082148685,6,1.5,1.26,0,y,n,502117
2019,2819.205096816979,2,3.0,0.78,2,y,y,549580
2017,3313.2794197075864,6,2.0,0.85,3,y,n,654741
1987,3660.587836660972,6,3.0,1.08,1,n,y,525288
1990,2742.944458066911,2,3.0,0.95,0,n,n,345691
2005,4852.658402742724,5,2.0,0.94,0,n,y,751998
1996,3536.7438567066556,3,1.0,1.16,1,y,n,512911
1995,3579.8069212408495,2,1.5,0.89,0,y,y,492821
1987,2925.7418910217243,3,2.5,1.0,1,y,n,396361
1993,3293.245588749382,4,2.5,0.89,1,n,y,469836
1995,2699.9926671154485,5,2.0,1.21,3,y,n,448148
1997,2286.3522236195013,4,2.5,0.91,2,n,y,354102
2006,2118.1160652122812,6,3.0,1.07,3,y,y,438767
1995,2934.5060558964155,4,1.0,1.22,3,n,n,438475
2006,1987.1939984913506,5,3.0,1.03,0,n,y,343529
1987,3323.3248240407024,2,1.0,1.11,1,y,n,425148
2006,2736.2958611037243,2,1.5,0.56,0,n,y,396344
1992,2989.6409883581537,4,3.0,0.69,0,y,n,428796
1990,2698.022211265101,3,3.0,0.52,0,n,y,342503
1987,3072.5844416582217,2,1.5,0.98,0,n,y,358087
2004,2457.1593563012834,4,1.0,1.09,3,n,n,409923
1988,2692.8843848778047,2,1.5,1.38,3,y,y,377132
1985,2821.071175078738,6,1.0,0.8,1,n,y,355160
1990,3062.579721370786,3,1.5,1.2,3,n,y,429886
1999,2481.305755311916,3,3.0,1.41,3,n,n,413345
2002,2091.539797839403,2,2.5,0.31,1,y,y,325880
1995,2225.7980944865544,2,1.0,1.43,0,n,n,270319
1996,2763.697708758552,4,1.0,0.68,3,n,n,409754
2014,1822.4014748520647,4,3.0,0.65,1,y,n,378110
1988,2523.8918503106024,2,2.0,0.81,2,y,n,335733
1991,2698.692291286464,3,2.0,0.92,3,n,y,383603
2004,4515.973436020526,5,2.0,1.67,2,y,n,757446
1992,2451.456464171438,3,1.0,0.67,3,y,n,352768
1994,3797.8421169057065,5,2.0,0.54,3,y,y,597776
1993,3581.91280370059,4,2.5,1.2,2,n,n,532786
2000,3518.3526498995875,3,2.5,0.98,3,y,n,579952
2009,3287.2101119330023,3,1.5,1.09,1,n,y,526931
2002,3651.1788626674424,6,2.0,1.19,0,n,n,570526
1990,1970.5843421869824,2,3.0,1.11,0,y,n,252237
1985,2017.3879039064861,2,3.0,1.34,2,y,y,267708
2001,2906.2244231226723,4,1.0,1.04,2,n,n,446533
2000,2351.1511360204818,4,2.5,0.66,0,y,y,365072
1997,1439.8794209283571,3,1.5,0.56,1,y,y,201881
1994,2978.4810902860063,5,2.0,1.36,2,n,y,452172
1981,2147.076998012781,3,2.0,1.56,3,y,n,280461
1995,2627.2101189003833,5,2.0,1.05,0,n,n,369831
2002,1827.4045338165663,5,1.0,0.99,3,y,n,333960
1988,2609.2983157083477,4,2.0,0.7,3,n,y,361894
1995,4489.810587808946,5,2.0,0.7,2,y,n,693971
2001,1914.6662133901264,5,1.5,0.83,0,y,n,302149
1993,2334.3900355868122,5,2.5,1.11,3,y,n,389308
1992,2692.9673858361225,5,3.0,1.35,1,y,n,419195
1976,4279.264435621559,5,1.5,0.96,3,y,y,578789
2001,3084.964760192425,2,2.5,1.17,3,n,n,492794
1993,2361.978812357711,3,2.5,0.71,2,y,y,352446
2001,2144.8866594657284,3,2.5,0.84,1,n,n,326832
1997,3409.916311620718,6,1.0,1.05,0,n,n,492237
2007,2005.595016788282,2,2.0,0.79,1,n,n,317689
1998,4376.171081035584,5,3.0,0.08,3,n,n,692625
1995,2996.604668942295,3,1.0,1.11,3,y,y,456140
1991,2888.2949153104737,4,3.0,0.78,2,n,y,419944
1982,3294.894034255695,4,1.0,0.73,2,n,y,405184
1993,3427.434185451592,6,3.0,1.06,2,y,n,555015
1993,1988.870552615184,3,1.5,1.05,1,y,n,271580
1983,3213.2220375675756,5,1.5,1.02,1,n,n,404783
1982,3024.788897033436,6,2.5,1.0,2,n,n,411218
1988,2650.7105764725957,6,1.5,0.87,3,n,y,383156
1992,1479.3125511643514,5,2.0,1.19,1,y,n,219746
1993,3831.8390352029396,2,2.0,1.21,1,y,n,547925
2005,2749.930010136902,4,1.5,1.48,3,n,y,472189
1986,2753.5640452478087,2,2.5,0.57,0,n,y,314084
1995,2920.76729137336,6,2.0,0.97,0,y,n,442665
1985,902.8802833750842,4,1.0,1.23,3,n,n,83882
1982,3780.629642730029,3,2.0,1.27,1,y,y,496144
1974,2961.5064214572267,4,1.5,0.91,3,y,n,360375
2010,3711.373650728337,2,3.0,1.41,0,n,y,597856
1994,2422.3914708316956,4,1.0,0.94,1,y,y,342458
2008,4036.2337420955773,5,2.0,0.72,1,n,y,656235
1983,2188.8792808080025,3,1.5,1.08,0,y,y,237031
1979,2944.0715173720037,3,2.5,1.45,0,n,n,330860
2002,3468.1246801132306,3,1.5,0.69,0,n,n,498068
1995,2414.003485525941,5,2.0,1.35,0,y,n,362350
2006,2535.7078091775693,2,1.5,1.24,3,n,n,421456
2008,2422.206499334313,2,1.0,1.06,2,y,n,409230
1997,2455.9983563818923,5,3.0,0.7,0,n,y,363899
1984,3024.626042391746,2,3.0,0.87,3,n,n,401743
1986,3572.616245028162,3,1.0,0.87,3,n,y,473942
1992,2003.5689312355335,6,2.5,1.32,0,y,n,302835
2001,2241.147354040915,4,2.5,1.0,3,y,n,403672
1998,3017.2091439519468,6,1.5,0.69,2,y,y,490431
2019,3289.904538164106,2,2.5,1.0,3,y,n,630985
1986,2126.6896072278582,5,2.0,0.55,2,n,n,272253
2011,2782.090581860339,3,1.5,0.7,0,n,n,440313
2015,3636.0264651138027,5,1.0,1.36,3,y,n,675803
1985,2214.3466503968825,3,3.0,1.15,2,n,y,284401
1983,4045.3765580257445,2,1.0,0.95,2,y,n,526056
1996,2117.4043417582584,2,3.0,1.05,0,y,n,303360
1983,4376.9920591571,6,3.0,0.68,2,y,y,641748
1994,3204.7549045426795,6,3.0,1.26,3,y,n,544613
2003,2425.755967162247,4,1.0,0.23,2,n,n,372313
2001,3795.8945199773693,4,1.5,1.32,3,n,y,606684
1994,3639.87092183567,3,1.0,1.01,2,y,n,531130
1988,3719.21317623135,6,1.5,0.95,3,y,n,564631
2003,2622.6942742889073,5,1.5,0.6,0,y,n,414904
1991,2930.119585040408,6,2.5,0.93,0,y,n,430967
1981,2626.878346489125,5,1.0,0.78,3,n,y,325731
1990,3470.519329367125,3,2.5,1.19,3,n,y,505927
1990,3327.4392043932316,4,1.0,0.95,0,y,y,443365
2014,2417.889850299202,5,2.5,1.34,2,n,y,475283
1995,4118.8472467116935,6,3.0,1.22,0,y,y,641127
2013,4404.827827343969,2,1.5,0.7,1,y,n,718724
1990,2083.950514187287,2,1.0,0.47,1,y,n,244642
1992,2413.9389568750007,2,3.0,0.98,0,n,n,306790
1995,4357.879127095233,5,1.0,0.98,2,n,y,643381
2012,3273.057359322858,5,1.0,1.39,1,y,y,576808
1985,2937.173359643768,3,1.5,1.04,3,y,n,403676
1990,3839.8998663447505,5,2.0,1.0,1,y,n,560984
2007,3148.1799812003246,6,1.5,0.71,3,n,y,550376
1982,2336.530071369112,3,2.5,1.32,0,n,n,252779
1997,3642.522655379662,6,2.5,1.27,0,y,n,572928
1991,2565.2053514606832,5,2.5,0.82,0,y,y,364580
2012,2205.0465533704987,3,1.5,1.29,2,n,n,397606
2001,4091.1086514241624,6,2.5,1.16,0,n,n,638566
1995,3576.3096708206317,2,3.0,0.9,3,n,n,539946
1988,2723.9245346045645,2,1.5,0.87,1,n,y,324138
2006,2760.4286054613235,6,2.0,0.84,2,n,y,481664
1998,3117.046386020308,5,3.0,0.79,0,n,n,469406
1990,3466.638676068706,3,2.5,0.79,0,y,n,474345
2009,3555.3141605350374,3,3.0,0.89,1,n,n,586647
2008,2915.522001577625,3,1.5,0.76,0,n,y,446228
1997,2804.5116999026104,4,2.5,0.91,1,y,n,436826
2008,2648.316251907156,4,2.0,1.14,0,y,y,449347
1992,1838.873211428966,6,1.5,1.1,2,n,n,269830
1989,1541.3810835505574,5,3.0,1.37,1,n,n,211757
1997,4308.610769651656,3,1.5,1.21,2,n,n,636941
1996,1778.3003926532083,6,2.0,1.15,2,n,y,288995
1997,3862.62858372217,3,2.0,0.96,1,y,n,578794
1998,2211.7013515803806,6,1.5,1.17,0,y,y,346805
2002,1766.6495983748218,3,1.0,0.76,2,y,n,286397
1991,3741.448487059339,5,2.5,1.13,2,n,y,555667
2004,3497.0792261796973,6,2.5,1.03,0,y,n,582511
1982,2487.0217084667593,2,3.0,0.99,0,n,n,267903
1987,2952.825809238987,3,2.5,0.78,2,n,n,392123
1991,3045.3895606155643,5,3.0,1.0,0,y,y,446808
1996,2875.8562322657053,5,1.5,1.04,2,y,n,454478
2005,2850.5324100482803,2,3.0,0.73,0,n,y,433529
1994,3167.697306977606,2,3.0,0.83,1,y,y,462604
1994,3278.051798503556,4,3.0,0.5,1,n,y,474207
1987,2427.2728373789073,6,1.5,1.04,0,y,y,322190
2010,2767.542966014267,6,2.0,0.76,2,n,n,501531
1973,2944.726553439254,3,2.5,1.01,2,n,n,324358
1995,4178.081716685048,2,2.0,0.96,2,y,n,621112
2011,3348.941191581049,3,1.0,0.84,2,y,y,569941
1998,2695.152547908815,5,1.0,0.71,0,n,n,374922
1980,4315.962989898373,4,1.5,0.92,2,y,y,578694
1998,2590.666009376468,6,2.0,0.68,0,y,n,403799
2010,3380.112376810755,3,2.5,1.29,3,y,y,613866
1982,3008.679704873458,3,2.5,1.34,3,n,n,398901
2006,1971.8869499307339,3,1.0,0.72,0,n,y,286583
1995,2988.543549148548,6,1.0,1.05,3,n,y,464031
1980,1770.967969044346,6,2.0,0.81,2,y,n,222795
1999,3168.8120917239175,5,3.0,1.33,2,n,y,520271
1992,3210.1882263213365,3,2.0,1.16,3,n,y,468928
1987,2469.4279002728845,6,3.0,1.31,2,n,y,365064
1980,2351.7919106815934,3,2.5,1.23,3,y,y,308718
2005,2065.1724655304206,3,3.0,1.48,3,y,n,401975
1981,1242.7600906050654,2,1.0,1.19,1,y,y,84264
1986,2783.791097902301,6,3.0,1.5,0,y,y,400068
1976,3235.942346401463,6,1.5,1.37,1,y,n,408441
1987,3936.469110684736,6,1.5,0.8,3,n,n,569970
1992,3451.9379942903256,5,1.0,1.01,3,y,y,527940
1992,2199.3224362059696,3,1.5,0.89,0,y,n,280748
2002,3240.4394000537395,4,2.0,0.61,3,y,y,545215
2000,2248.8874852986164,5,2.5,0.76,0,y,y,361233
1985,3804.1948895185265,4,2.5,1.14,1,n,n,510229
1995,3274.5342947696627,3,1.0,0.59,2,y,y,475030
2014,1657.574619881854,4,2.0,1.16,2,n,n,341036
2007,3399.5902906947213,2,1.0,0.82,2,n,y,527238
2000,3390.0195819358246,4,2.5,1.08,0,n,y,507202
2000,2894.8399558171573,6,2.5,1.38,2,y,n,507425
1999,3882.4556133613364,6,1.5,1.31,0,y,n,604518
1981,3315.6332056326164,2,3.0,0.98,3,y,n,452044
2003,2334.6647370299693,2,1.5,1.09,0,y,n,349049
1986,3215.173726787976,4,2.5,0.9,3,n,n,453276
1992,2777.3927384776493,5,1.0,1.42,3,y,n,432908
1998,1518.328094490659,3,2.5,0.79,1,n,n,217099
2019,3711.3022122075176,3,2.0,0.68,2,n,y,656895
2005,2278.4370951787114,4,2.5,0.74,0,y,n,380365
2001,2592.5330347527047,6,2.5,1.27,2,n,n,445429
1996,2843.5015912519766,6,3.0,1.12,1,y,y,468325
2009,3309.9775025348868,5,2.5,1.17,0,y,n,571546
1996,4184.221009261699,2,1.5,1.52,0,n,y,577933
1988,2739.085298227372,2,2.5,0.88,0,y,n,346562
1988,2340.9571663571,2,1.0,1.18,2,y,n,298843
2001,3066.5535079618357,6,1.5,1.13,1,n,n,484433
1978,3392.5543146056502,5,3.0,0.99,0,y,n,433733
1988,2486.468410825381,4,2.5,1.03,1,y,y,345920
2002,3021.4657426494778,4,1.0,1.37,3,n,y,488769
1992,2136.1956046186633,3,1.5,0.52,2,n,n,275729
1999,3255.6170761986596,2,2.5,1.24,3,y,n,529442
1994,2627.843330426406,6,1.0,1.45,2,y,y,415926
2010,2440.5081318605116,3,1.5,1.08,3,n,y,434776
1992,3416.547032054503,3,2.0,0.33,2,n,n,472432
1992,1573.754866338052,4,2.0,1.21,0,n,n,189213
1988,2639.762138257185,4,1.5,0.93,3,n,n,362414
2006,3453.335541356184,5,2.5,1.1,0,y,y,577000
1994,2880.916009758365,3,1.5,1.01,0,y,n,394787
2000,4385.591627201028,2,2.0,1.04,2,n,n,658438
1979,3058.5253463447652,4,1.5,1.0,0,y,y,356278
2006,2675.7646630986765,5,1.5,0.93,3,n,n,467814
1995,2972.7053321545404,3,2.0,0.93,2,y,n,449855
1998,2950.3284715813043,5,2.5,1.08,3,n,n,486249
1988,3165.5781756283536,2,2.0,1.34,3,n,n,434936
1990,2622.3845845168203,4,2.0,1.61,0,y,y,362507
1997,3459.968238014051,3,3.0,0.93,2,y,y,547945
2004,3715.7687814244796,2,1.5,1.27,0,y,y,563915
1991,1936.9812030081027,3,1.0,1.47,3,y,y,282597
1990,3047.842987279523,4,1.0,1.05,1,n,y,397926
1989,3225.5773321557513,2,2.0,0.97,0,y,y,418386
1999,2107.075844384653,6,1.0,0.93,1,n,n,320011
2003,3057.9999203862553,2,2.0,1.22,1,n,n,461999
1977,3113.411557464797,5,1.0,1.0,2,y,y,387011
1993,3146.0221364913673,3,3.0,0.82,1,n,y,444203
2018,2654.040946452112,2,2.0,0.69,3,y,y,518456
2019,2809.54023181805,6,1.5,0.86,0,n,y,516831
1999,2614.0817930564353,4,2.0,0.91,2,n,n,405762
1993,2437.889722403369,4,1.5,0.96,2,y,y,362583
1990,2133.4843640988875,4,3.0,0.94,0,n,n,274122
1996,2940.660004839169,6,1.0,1.28,3,n,n,465299
2002,2606.056808637776,3,3.0,1.02,3,y,y,461208
2015,2705.3306032014107,4,2.5,0.75,3,y,y,539549
1990,1637.4310360964466,6,1.5,0.61,1,n,y,207264
1997,3131.974147881391,6,3.0,0.52,0,y,n,492596
1993,2912.8702188217444,6,1.5,1.12,2,n,y,436230
1991,3196.0755547151703,6,2.5,0.74,2,y,y,498011
1990,2808.8734584873314,4,2.0,1.31,2,y,n,415981
2002,3068.5578080975697,4,2.5,1.18,1,y,n,505483
1999,2643.6975298947464,2,2.5,1.04,3,n,n,414654
1988,1670.2672984169026,4,1.5,0.75,2,n,n,199290
2000,3867.7863050093706,5,1.0,0.65,0,y,n,579917
1992,2013.7727853393417,3,1.5,1.13,0,y,y,256515
2014,3572.655884676172,5,1.5,1.03,2,y,y,648848
2007,3368.03709258654,5,1.0,1.26,1,n,n,544105
2000,2583.0526529312633,2,1.0,1.0,2,y,y,392457
1986,3067.4086212143766,4,2.5,1.08,0,n,n,388811
2003,2074.0539906038184,2,1.5,0.93,0,n,y,287558
1980,5000.000017122982,5,1.0,1.13,1,n,y,651950
1993,3815.344700788767,2,1.5,0.98,1,y,y,534501
1978,2476.535104457018,2,1.0,1.31,0,y,n,241130
1987,1268.9878981418012,2,3.0,0.92,0,y,n,129148
2014,3665.707951460991,2,2.5,1.16,0,y,y,619756
1998,3997.171788203106,5,1.5,1.24,1,y,y,620675
1995,1969.4365641628776,6,2.5,0.76,1,n,n,299315
