1990,2003.9604106299053,3,2.0,0.92,1,n,y,244394
1985,2004.700925369104,3,2.0,1.03,1,n,n,221155
2005,2489.2804552222424,6,1.5,1.07,2,y,n,451942
2011,3256.17414698829,6,3.0,0.73,2,y,y,614376
2007,3682.6395926142004,5,2.5,1.39,2,n,y,630745
1990,2747.5766132415774,6,1.0,0.72,0,y,n,372936
1990,2926.421702608834,3,2.5,0.81,0,y,n,393613
1989,2686.1485895696924,2,3.0,0.98,0,y,n,352622
1986,2184.658354655863,2,2.5,1.05,0,n,y,235948
2002,4168.818055031597,2,2.5,1.05,3,n,n,658572
1982,1938.347121258125,2,1.0,0.87,0,n,n,153802
1993,2506.8201723068187,5,3.0,0.63,0,n,y,350473
2002,4127.504040613185,3,3.0,0.85,2,y,y,671875
1981,2781.5051071912367,3,3.0,1.01,3,y,n,382375
1993,2775.0380325401043,6,3.0,0.94,3,n,n,450355
1990,1720.5912303966757,4,1.0,1.11,1,y,y,219738
1991,3918.3566635881753,4,1.5,0.82,0,y,y,542553
1987,4085.6067498786997,2,2.0,0.87,0,n,y,515891
1978,3151.1640035314927,6,3.0,0.8,3,n,n,429674
1999,2899.8012234331386,3,1.5,0.88,0,y,n,420670
1992,3846.1856175560597,3,1.5,1.1,0,y,y,530927
1991,3585.4006450977167,5,1.5,1.63,1,y,n,529760
1987,3116.2933763010496,5,3.0,0.58,1,y,n,446144
1976,3833.1429529955603,2,1.0,0.79,0,y,n,426821
2008,3740.537544005889,5,2.0,0.81,2,n,n,628230
1987,3150.0157652612024,3,2.0,1.12,1,y,y,424302
1991,2283.2501395892837,6,1.0,0.8,0,n,y,289487
1992,3410.120008345219,4,1.5,0.9,3,n,n,497518
2013,2491.9518713948073,5,1.5,1.29,0,y,y,455642
1988,1783.723278798652,5,3.0,1.12,1,n,n,239358
1985,3281.0182706430196,5,1.5,1.16,3,n,n,457052
1988,5206.203700612245,5,2.0,1.29,1,n,y,740280
2012,2217.765687915876,4,3.0,1.25,3,y,n,466414
1998,4030.1103230451636,2,2.5,0.71,3,y,n,632666
1997,2749.923846554843,2,2.0,0.86,0,y,y,385388
1984,4187.519646440812,5,2.0,0.68,2,y,y,593327
1986,3842.1714860627135,6,2.5,1.2,3,y,y,591825
1995,3877.921210151957,3,1.0,0.81,3,y,y,583838
1992,2917.0421215235215,6,3.0,0.52,1,y,n,450356
2004,3485.515470101525,3,1.5,0.66,1,n,n,525227
1997,4334.4507314033135,4,2.5,1.19,3,y,y,700517
1999,3025.2821096788684,4,2.5,0.66,0,n,n,441192
1993,2982.62920898284,5,2.0,0.95,2,y,n,461644
1986,4497.093610152393,3,1.0,0.87,0,y,y,587614
2000,3339.4228579500573,2,2.0,1.28,1,n,n,490113
1980,3603.8647629950447,4,3.0,1.23,2,n,y,479029
1992,2737.2659988078594,2,1.5,0.72,2,n,n,358889
2012,2641.85113898924,6,1.5,1.38,2,n,y,494477
1985,3073.0566793270445,2,3.0,0.8,2,y,y,417958
2011,1775.0736947081389,4,1.0,0.81,2,n,n,323411
1979,4252.126611788504,3,1.5,0.82,3,n,n,547618
2004,2014.2444474846116,3,1.5,1.2,0,y,n,317636
1988,2702.890046189048,6,2.5,0.7,0,y,n,378433
2015,2837.0019205910594,5,3.0,0.96,1,y,y,549950
1981,4452.899995236336,3,2.0,1.2,0,n,n,555934
1986,3532.4061537394527,5,3.0,0.63,3,n,y,514310
1997,2171.708939980392,3,1.0,0.94,2,y,n,324856
1998,4029.5163804001813,6,2.5,1.48,1,n,y,634127
1995,3568.003960902758,6,1.0,0.81,2,y,y,552350
1997,3544.0896785070045,6,1.5,1.03,3,y,y,584563
1996,3303.786256651869,4,1.0,1.47,3,y,y,522617
2007,2674.7962007302135,5,1.5,0.89,0,n,y,427069
1995,3287.34590618056,6,1.5,0.89,0,n,n,468951
1984,3108.673066550554,4,3.0,1.16,1,y,y,428700
2016,2709.1561667908413,2,2.5,1.1,2,y,n,515373
1992,2497.4373181360074,4,1.0,0.96,1,n,n,324015
2003,3528.7636951676186,4,1.0,0.65,2,n,n,544064
1975,3076.9734424646185,4,2.5,1.15,3,y,n,401296
1991,3764.813148689559,3,1.5,1.1,1,y,y,528721
1993,3530.2796896315276,5,2.0,1.04,1,y,y,530141
1997,2499.066474115393,2,3.0,1.36,0,y,y,370259
1982,4842.9849284719785,4,2.5,0.75,0,n,y,630197
1998,2781.421857999837,4,1.5,0.46,2,n,y,411613
1986,3053.836200542852,2,1.0,0.87,3,n,n,386125
1990,3041.5936061116745,2,1.5,1.37,0,y,y,394289
2007,2163.726895655826,4,1.5,1.33,3,y,y,412009
2000,3006.908331752577,5,3.0,1.12,0,y,y,487836
2007,2467.4411623328842,6,1.0,0.73,3,y,n,461066
2007,3087.1042347597568,2,3.0,1.03,1,y,y,518515
1992,3131.904935955137,6,1.0,0.94,2,y,y,473885
2007,2170.493088673384,6,1.5,1.11,1,y,n,399723
1976,3169.5168288033956,6,2.0,1.06,1,n,n,381327
2010,2504.6396044824764,6,1.5,1.1,3,n,n,474695
1986,4277.860158320725,6,2.5,0.98,1,n,n,603879
2011,2358.317401203188,4,2.5,0.61,0,n,n,400397
2003,1907.2090180797543,2,3.0,0.81,2,y,n,333231
1986,4202.981939066883,5,1.0,1.15,1,n,n,562697
1984,3225.524107027023,2,2.5,1.17,3,n,n,428878
1984,3392.647405320976,2,3.0,1.14,1,y,n,450997
1997,3239.5584823112704,6,1.0,1.4,2,n,n,501933
1994,2667.6322413110006,2,2.0,1.45,0,y,n,366894
1972,2952.8699592664243,4,2.0,1.21,3,n,y,341080
1986,3270.1594563872204,6,1.0,1.44,0,n,y,422123
1985,2808.074406125944,6,1.5,0.74,3,y,n,409811
1993,3628.9950674668275,5,3.0,1.28,0,n,y,528549
1994,2486.4891446320485,3,2.0,1.06,0,n,n,323873
1997,2878.364267733869,6,3.0,1.07,2,n,y,472804
1991,2911.582352125619,5,1.0,1.34,3,y,n,446837
1993,2579.2664929106527,6,2.0,0.46,1,y,y,388789
1993,1318.5780264327561,5,2.0,0.98,1,y,y,197486
1991,3491.2990414400997,5,1.0,0.64,3,n,y,503294
1995,3400.0329652686205,5,2.0,0.68,2,y,n,530204
1980,2288.4116111177927,3,2.5,1.18,2,n,n,263461
2005,2630.747372689324,3,3.0,1.34,3,n,n,464712
2001,3599.6399306614608,3,3.0,0.75,3,n,y,581195
2001,2584.714853891187,3,3.0,0.99,2,y,n,437557
2016,2793.4626780847084,6,1.0,0.83,2,y,n,541469
2000,3179.4588744058237,5,1.5,0.8,3,n,y,511418
1991,1565.3522929103083,6,3.0,0.87,2,n,y,242852
2004,2947.010953811034,4,2.0,0.55,0,n,y,445301
1979,3057.75949766245,2,3.0,0.92,1,n,n,352463
1976,920.1164714464685,2,1.0,0.86,3,n,y,15917
1995,2414.0927491441253,5,3.0,0.61,2,n,y,376263
1996,2985.3746043482747,6,3.0,1.12,1,n,y,469606
1995,2870.840332754185,4,1.5,1.07,1,y,n,424176
1987,4062.1830654692812,2,1.5,1.12,0,y,n,528627
2010,5201.330474146083,5,2.5,0.83,1,n,y,850149
1998,2722.5654860635577,2,1.0,1.09,2,n,y,384734
2001,3840.0094729069097,6,1.0,0.85,1,y,y,608751
1984,3244.3752065946423,6,2.5,0.92,2,y,y,472956
1985,3496.429769263998,5,2.5,0.46,3,n,n,493864
1990,3300.4886830256346,3,3.0,1.08,3,y,y,506273
1999,3140.057498293864,3,2.0,1.04,2,y,y,496608
1996,1932.8618154295448,2,3.0,0.66,2,n,n,279829
2004,3621.0306104379,3,3.0,0.71,2,y,y,603804
1984,2339.252106819008,2,2.5,0.88,1,y,y,281587
1968,2588.0963826402317,4,1.5,0.9,0,n,y,209214
1972,2916.9389861888385,4,1.5,0.95,2,n,n,309290
1994,3860.7919394418577,4,2.0,0.9,3,n,n,582618
1991,2996.58157779668,4,3.0,0.7,2,y,y,454987
1995,3703.4453858725915,5,2.0,1.06,2,y,n,581416
1983,3445.482750825926,6,3.0,0.65,3,n,y,496572
2003,2555.738932478722,6,1.0,0.96,2,n,y,422760
2011,1812.9583428501076,2,1.5,0.66,2,y,n,334343
2004,3788.9379132147824,5,1.0,0.96,0,n,n,572740
1980,2032.2192868614607,3,2.0,0.72,2,y,n,230632
2000,3319.6895644608057,2,3.0,1.14,2,y,n,535053
1998,2944.454466745757,5,3.0,0.86,3,y,y,509568
1992,3498.2476477828704,5,1.0,1.22,1,n,y,488037
1988,4422.233296670194,6,1.0,1.01,1,n,y,613484
1994,2640.5187951206517,5,1.0,1.22,0,n,y,354377
2001,3276.67762348462,3,2.0,1.3,2,y,n,531001
1992,3295.6532588839937,3,2.0,0.89,0,y,y,452697
1993,3443.105697724638,6,2.0,0.71,1,n,y,502115
2002,3397.7889269283714,2,2.5,0.71,0,n,n,492818
2002,2077.032736320485,5,1.5,0.81,0,y,y,331204
1999,3544.2618546175913,5,1.5,0.69,0,n,n,514489
1991,2511.308706987323,6,1.5,0.72,1,y,n,364996
1971,4860.0932865631285,2,3.0,0.78,1,n,n,580713
2006,4039.5098117773646,3,1.0,1.09,0,y,y,622276
1996,3199.7893105035673,4,2.0,0.88,3,n,n,493168
1990,3010.7312710474525,3,2.5,0.94,3,y,n,453209
1998,2253.5459394875106,2,2.0,0.75,0,n,y,294281
1986,2275.6850674431485,4,3.0,0.81,2,n,y,303502
2007,3647.3668508576197,3,1.0,1.4,0,y,n,573105
1998,2836.3342141467015,3,2.5,1.07,2,y,y,454000
1991,1016.5415018343317,2,2.0,1.38,3,n,n,128181
1980,4301.795091190414,5,3.0,0.45,2,y,y,602019
1999,2847.3700921801874,2,1.5,1.43,0,n,n,391055
2001,952.7900399422572,6,1.5,0.59,3,n,y,189268
1995,3837.571674671073,4,3.0,1.39,3,n,n,606485
2012,1470.0387923476087,5,2.5,1.24,3,n,n,336605
2003,3578.6314196380526,6,3.0,0.93,2,y,y,625744
1991,3519.7533612857433,5,2.5,1.11,0,y,n,512113
1996,3219.872100741315,5,3.0,1.54,1,y,y,521080
2019,2916.4778488683282,3,2.5,1.4,1,y,n,560971
1995,3225.9076667911013,3,2.0,0.66,2,n,n,463786
1987,2274.6776201609364,5,3.0,0.6,1,y,n,320201
1975,2798.598978411168,5,2.0,0.73,3,y,y,355739
1990,1986.3755391303207,4,3.0,0.55,2,y,n,296206
1981,3825.1760825943456,2,1.5,0.94,2,n,n,470376
1987,2845.293208832897,6,1.0,0.85,1,n,n,369543
1994,3281.518892612388,5,2.5,1.03,2,y,y,520177
2017,4014.480382779116,2,1.5,1.07,3,y,y,715722
1999,3920.4129500072822,2,1.5,0.94,0,y,y,564661
2005,2944.017998833797,3,1.0,1.4,2,y,y,487602
2009,2375.261069103176,5,3.0,1.47,0,y,y,443339
2003,2112.259389205861,4,1.0,0.84,2,y,n,354438
1989,2639.0252750715517,5,2.5,0.93,1,y,y,382303
1977,2725.994018646739,6,2.0,1.12,1,y,y,340699
1993,1807.4417730518937,3,1.5,0.4,1,n,y,214616
1987,3615.210839689583,6,1.0,0.96,2,y,y,521681
1993,4025.4058712230753,6,2.0,1.46,0,n,n,585710
1989,3064.510887998295,4,2.5,0.8,2,n,y,429176
2013,3501.857223473691,3,2.5,0.85,1,y,y,610528
1987,3093.039301051373,5,2.5,1.22,3,y,y,474755
2002,2482.7814801946874,3,3.0,1.05,1,n,n,393167
1994,3225.1028994432013,5,2.0,1.29,1,y,n,493115
2012,2895.088376925574,3,2.0,0.5,3,y,y,531763
1999,3262.457443432749,5,3.0,0.76,1,n,y,510768
1987,2306.4035560898938,4,3.0,1.4,0,n,y,291960
2000,2335.0710796656595,6,2.0,1.02,0,y,n,380560
1982,2410.9140003492794,5,2.0,0.95,2,n,n,300887
2002,2971.583279978622,4,1.5,0.87,2,n,n,466287
2011,2998.4755500985466,2,2.0,1.02,0,y,y,495071
2003,2683.9967114697797,2,1.0,1.36,2,y,y,427999
1989,4238.1243821897615,2,2.0,1.03,0,y,n,571168
1994,3617.858413007699,4,3.0,0.89,0,n,n,516028
1998,3060.0115116868556,3,1.5,1.01,3,n,n,466651
1991,2861.429528006123,5,2.5,1.1,3,y,n,458214
2009,1591.1226827430187,5,2.0,0.86,1,n,y,296568
1986,3429.3938087901624,6,1.5,0.87,3,n,n,489959
1979,3073.8971455537235,6,2.5,1.05,0,n,n,374334
1985,3200.193844890358,2,2.5,1.01,0,y,n,402679
1973,3623.621050551487,4,1.5,0.96,2,y,y,440443
2001,3095.977835164539,4,1.0,0.69,0,n,n,439746
1989,2917.2633677305244,2,2.0,1.21,1,y,y,390739
1991,2840.8018825440317,4,3.0,0.43,0,y,n,397570
1995,3444.308227160361,2,1.0,0.84,3,n,y,489246
1990,3175.1465607560135,6,1.5,1.21,1,n,n,446921
2005,1613.9193842601649,3,2.0,1.19,3,y,n,314937
1989,3057.2711820758423,3,2.0,1.42,3,y,n,454890
1995,2892.820415892058,5,3.0,0.95,1,n,y,438173
1993,2982.1049595727723,6,1.5,0.98,0,n,y,414515
1991,3809.340161368585,2,3.0,0.26,1,y,n,535301
1990,1990.3197687191632,3,1.5,1.02,0,y,y,241347
1973,3037.0631868866253,6,1.0,1.21,2,y,y,368709
1986,3227.251174934084,2,1.0,0.92,0,y,y,387887
1999,3729.7062781704904,2,1.5,1.39,3,n,y,567805
2002,2405.182303313803,3,1.5,0.66,1,y,y,373177
1986,2440.7322172284007,4,3.0,0.89,0,n,y,299459
2003,4800.328865744019,5,1.5,1.13,0,n,n,729499
1979,2224.582164194098,5,2.0,0.92,3,y,n,292487
2005,3219.5062508004307,4,1.5,1.06,0,y,n,511325
1992,1227.2820502492543,5,1.0,1.3,2,n,n,163592
1980,3692.119509501027,5,2.0,0.95,3,y,y,518067
1977,1556.7949589056573,6,1.0,1.21,0,y,y,136669
2002,2393.039840019083,2,3.0,0.9,3,n,n,397455
1993,3289.9928098657147,3,2.0,1.36,1,y,n,478898
1989,3961.748230913444,3,3.0,0.76,2,y,n,580662
1996,3792.2911326078065,4,2.0,0.59,1,y,y,567693
1998,3996.9368949338586,6,1.0,0.72,1,y,n,615340
1993,2205.3652248674307,6,3.0,1.09,0,n,n,322154
1993,2016.5610259843918,3,2.5,1.47,3,y,n,327034
1987,3523.6921029206005,2,1.5,0.8,0,n,n,423053
2000,2951.8527425130374,3,2.5,0.64,2,y,n,474877
2010,3564.2184190172347,2,1.5,0.84,2,n,y,574732
1995,2802.026133496489,6,1.0,0.94,1,y,y,424403
1969,3132.838350926935,5,1.0,0.58,1,y,n,328625
1997,3463.2402929146733,3,2.0,0.73,2,n,y,510436
1992,2248.055650329989,6,1.5,0.64,1,n,y,309308
1997,3518.250222695265,4,2.5,0.88,0,n,y,508437
1993,2233.154032627449,2,2.5,0.7,3,n,n,317973
2009,3363.529817588873,5,2.5,1.25,0,y,y,580779
1984,2416.9589489058167,4,2.0,0.99,1,y,n,307393
1994,1097.1663980078956,2,2.5,1.13,3,n,n,159024
2005,1641.7923976486081,6,1.0,0.93,3,y,y,330218
1988,2787.998596576649,4,3.0,0.92,2,n,y,391999
1988,2643.4754101650406,4,1.0,0.72,2,y,n,357321
2003,2288.545219994091,6,3.0,1.02,0,y,n,403581
1985,3732.939592436953,2,2.0,0.69,1,y,n,485290
1993,4124.111071518561,5,1.5,1.09,0,y,y,597466
1975,5298.598701958372,5,3.0,0.59,2,y,y,728639
2003,2757.8344296059886,5,2.5,1.12,1,y,n,472975
1979,2066.4241350955235,5,3.0,0.99,3,n,n,264813
1992,3746.150394344023,2,1.0,0.71,1,n,n,487572
1985,2778.5058151447265,2,2.0,0.76,3,y,y,373175
1987,3189.665024826148,5,1.5,0.82,1,n,n,418249
2008,4040.7352672135557,6,3.0,0.53,0,n,n,664060
1978,2175.0886497826245,5,1.5,1.01,2,n,y,238913
2001,4557.611738063108,3,2.0,1.57,3,n,n,722191
1990,3120.5076620280515,2,1.0,0.5,2,y,n,415576
1988,3846.256734166175,2,2.5,1.09,1,y,n,530788
1997,3249.618678321947,4,1.0,1.15,1,y,n,484692
1981,3135.3315648727453,6,2.5,1.3,3,y,n,462299
2008,3221.034330631549,6,1.5,0.86,2,n,n,553555
1997,3811.4031116617643,4,2.5,0.63,2,n,y,578660
2001,2746.254107945537,3,1.5,1.01,3,n,n,434588
1985,2807.3679107878393,5,1.0,0.79,2,n,n,357955
2011,2364.62463365038,6,2.5,1.11,3,n,n,473843
1994,3202.990020998067,3,2.5,0.89,0,n,n,436298
2001,3705.40020088207,5,1.5,0.96,3,y,n,617710
1982,2659.93001200845,4,1.5,1.08,1,n,n,307689
2000,2691.4650985326243,6,1.5,0.82,0,y,y,423519
2004,3384.9503062583362,5,2.0,1.16,1,n,n,545142
2018,2602.334930559985,5,2.5,0.94,1,n,n,501950
1997,2796.86379133212,6,2.5,1.46,1,y,n,463929
1989,2622.177871915724,3,2.0,0.84,0,n,n,315926
1984,3815.4106832568136,5,1.0,0.99,3,y,y,542161
1989,3906.827416353799,6,3.0,1.06,2,y,n,606924
1987,2313.440612845122,6,3.0,1.52,1,n,n,329816
1990,3095.0682544188417,6,2.0,1.08,3,n,y,470460
1982,1527.8353455584763,4,1.0,1.24,1,y,n,152775
1989,2973.3988615932603,3,2.0,1.23,3,n,n,419459
1994,2502.6519174450996,3,1.0,0.94,2,y,n,359497
2003,3497.2688831939076,3,1.0,1.04,2,y,y,555190
2001,3885.468851745177,2,2.0,0.93,1,y,n,591770
2002,2758.890711085232,2,2.5,0.7,1,y,y,431833
1980,2312.1786308408423,5,2.5,0.79,3,y,y,316176
1995,1760.0845233110335,5,1.5,0.93,0,y,n,250462
1987,2387.4046465312504,6,1.0,1.09,3,n,n,334460
1984,1793.8381232450229,3,1.5,0.93,3,y,n,225525
1992,2623.6223380939928,4,2.5,0.96,1,n,n,365443
1987,2202.0904490496414,3,3.0,1.03,1,n,n,275763
1998,2394.5882811865536,5,3.0,1.15,3,n,y,411438
2006,1200.42821445753,5,1.0,0.96,2,n,y,224464
1993,3590.843518150279,6,1.5,0.81,0,n,y,503276
1992,2796.75520079973,3,2.5,0.95,0,n,n,366263
2012,3100.913566162637,5,2.0,1.17,2,y,y,577687
1999,2718.6577934350435,6,2.0,0.55,0,n,y,406048
1994,1205.3060100976822,6,2.5,1.08,1,y,y,204495
1993,2716.0597226114255,5,2.0,0.58,1,y,n,401108
2004,3080.35166547974,5,3.0,1.02,0,y,n,517352
1998,3508.5722319293955,5,1.5,1.1,0,y,y,530285
1986,2636.118523080112,6,1.5,1.03,2,n,y,358367
1992,3733.7263486407846,6,2.5,0.97,1,n,n,552108
2019,2209.9962730215366,3,3.0,0.55,0,n,y,414749
1980,3097.580613470675,3,3.0,0.79,0,y,y,376487
2000,2084.7301010880647,5,1.5,1.14,1,y,y,342309
1990,3708.15642121264,4,2.5,1.14,2,y,y,555823
1999,2650.9596969991494,5,1.5,1.06,3,n,n,431043
1994,1464.9647763533471,5,1.0,1.28,2,y,y,228944
1976,3870.017097316074,2,1.0,0.82,0,y,n,432802
1979,1975.7103218373302,5,1.0,0.96,3,y,y,240756
1985,3896.760618802834,4,2.0,1.23,1,y,n,537964
1985,3702.1092827092034,5,3.0,1.03,2,n,y,525766
1985,3204.3001158222255,5,2.0,1.06,2,y,y,456545
1979,2230.41609518733,4,1.0,1.28,2,y,y,258762
2000,1611.0709503795647,3,2.0,0.53,2,y,n,264610
1982,4063.417446275209,5,2.5,1.65,1,n,n,551762
1983,3841.4415535463077,5,1.5,0.9,3,y,y,547216
1989,3808.004876307117,2,2.0,1.32,0,n,n,491000
2000,3947.675493426683,5,1.5,0.81,0,n,n,581801
2004,3185.295395078332,3,3.0,1.53,1,n,n,515744
1997,4518.8431487891075,5,2.5,0.5,1,n,n,677826
1996,3923.3117932712275,2,1.0,0.84,3,y,y,586096
1998,2770.6531912648957,5,1.0,0.84,3,y,y,453197
2004,3357.1494655089073,3,2.5,1.61,1,n,n,535222
1988,3735.9041366595056,5,2.0,1.25,3,y,n,569135
1989,2884.3381789023797,5,2.5,0.96,2,n,y,414550
1980,4624.069831766841,4,1.5,0.78,1,y,y,607810
1996,2891.1423389232905,5,3.0,0.78,1,n,n,440371
1995,2275.0389030612287,2,1.0,0.9,3,n,y,314755
1990,3407.501867610935,6,2.5,0.92,1,n,n,492425
1977,3062.0739439477243,4,3.0,0.85,2,y,y,397061
1999,3253.5161189143814,5,1.0,1.25,2,n,n,501777
2004,4731.812860663853,3,1.5,1.14,1,y,n,739371
1996,2711.3584383423886,6,1.5,0.9,2,y,n,437703
1986,3849.1513312646302,2,3.0,0.98,0,n,y,492072
1995,2562.204155761692,4,1.5,1.12,2,y,n,393630
1974,2655.0279267733204,5,3.0,1.16,2,y,n,335654
1982,3842.8748046605615,6,1.0,1.05,3,n,y,527181
2004,4131.456316418746,4,2.0,0.96,2,n,n,659118
1985,2460.273593140516,2,2.5,0.21,3,n,y,304691
2004,2398.061563907457,2,3.0,0.92,3,n,n,408509
1987,3157.3579576585576,6,1.5,1.31,2,y,y,465753
1994,3767.734563850565,4,2.5,1.04,2,y,n,583260
1980,2908.423461131625,6,2.0,1.05,0,y,y,367013
1974,3760.4465370155694,3,1.0,0.99,0,n,y,398916
1995,2902.302080051971,2,3.0,1.07,1,n,n,411395
1985,2856.953091384662,3,1.0,0.96,2,y,n,367942
1998,2165.9778469865123,6,1.5,0.65,3,n,n,357146
1997,4441.609450083261,4,1.0,1.07,2,n,y,657291
2004,4631.821428501307,2,2.0,0.96,0,y,n,704173
1998,3838.803960306672,6,1.0,1.03,1,y,y,596270
2008,2735.7378454023274,3,2.5,1.06,2,n,n,468760
1992,3320.369936811862,2,3.0,1.79,0,y,y,474905
1989,2628.7830911271967,2,2.0,0.88,0,n,n,307517
1992,3432.855242113501,3,2.0,1.07,0,y,y,475978
2005,2253.5942281499715,6,1.0,0.9,0,n,y,356539
1975,2467.8949569680776,4,1.0,0.99,1,n,y,235034
2003,1831.8619596341675,3,2.0,0.8,1,n,n,281779
1994,4104.726966663471,4,2.0,0.87,0,y,n,593759
2001,2917.575754623965,3,1.0,0.92,0,y,n,426436
2006,2383.1546709845675,6,1.5,1.31,0,n,y,394623
2000,2605.1097184968685,6,2.0,0.47,0,n,y,392816
1990,3043.8321155201256,5,3.0,1.04,1,y,y,457174
1995,3852.9902281755776,6,3.0,0.6,1,y,y,606948
1989,2714.998700527685,6,2.5,0.94,2,n,y,398849
1991,3386.6172668848276,3,2.0,1.32,2,n,y,477792
1996,2453.2901086311367,5,2.5,0.86,2,y,y,403393
1983,2121.192455954031,4,1.5,0.97,0,y,y,235228
1998,3118.7711731059817,3,2.5,0.94,0,y,n,464415
1982,3598.722849892565,2,1.5,0.74,1,n,y,423408
1965,3067.70008552299,2,3.0,1.11,0,y,y,291805
2017,2992.499981391298,6,2.0,1.02,2,y,y,594174
1992,-17.147217203679247,4,1.0,1.19,2,y,n,-14722
1990,2331.3748088829357,4,1.5,1.1,1,n,n,298706
1994,1714.2231010844096,6,1.5,1.17,2,n,n,262183
1972,2769.7612878797227,6,2.5,0.87,0,n,n,291014
1985,3199.6915158891034,6,3.0,1.13,1,n,y,446903
1994,3973.5070206132787,6,1.5,1.32,2,n,n,603326
1993,3121.9424284894585,4,1.5,0.78,2,y,y,462491
1990,2503.0203691636,4,1.0,1.2,1,n,y,318453
1992,3072.6216941010694,4,3.0,1.13,0,y,y,447843
1999,2254.398987158963,3,1.5,1.22,3,y,n,373959
1978,3228.16805081455,4,2.0,1.08,3,y,y,430425
1999,2474.653259410831,3,1.5,0.85,2,n,y,366447
2016,3285.8838149799603,5,1.5,1.37,0,y,y,590932
2002,4160.660816595902,2,3.0,0.81,1,y,y,651249
1994,3469.461777656787,2,2.0,0.42,0,y,n,471719
1986,3094.254251333883,4,2.5,0.63,3,n,y,431088
1999,2637.419491102064,4,1.0,0.66,0,y,n,380512
1994,3681.57163769348,5,2.5,1.03,2,y,n,580185
2001,3936.714606431825,6,2.0,1.21,1,n,n,623657
1987,3734.8872293861223,4,1.0,1.31,3,n,y,519883
1993,3078.739764108284,2,2.0,0.66,3,y,y,456710
2001,1801.1946772322417,5,3.0,0.76,1,n,n,301579
1969,1779.8748862696984,2,2.5,1.03,2,n,y,119931
1982,2885.0028300525464,2,1.5,1.11,0,y,n,326900
1989,3123.6448347781693,4,2.5,0.88,0,n,y,409246
1990,4457.643462422663,4,1.5,1.03,0,n,y,601596
1994,3494.5393079070027,5,2.5,0.63,0,n,y,496130
1981,2656.174467552136,3,1.0,0.65,3,n,y,308176
1985,2961.9975179637427,3,1.0,1.06,3,n,y,380199
1983,1684.1052736008642,6,2.0,0.95,1,y,y,211865
1994,3441.273825379208,5,2.5,1.09,2,n,n,525041
1993,1469.6828563464153,3,2.0,1.15,2,y,y,217702
1991,3234.9118011359355,2,1.5,1.39,3,y,n,473586
1978,3021.7729112583224,5,1.0,0.81,0,n,n,325415
2005,2838.902871112269,5,3.0,0.68,3,y,n,526035
2011,2097.5523961627773,3,1.0,0.85,3,n,y,377382
1993,3558.7588747879267,3,2.5,0.67,0,n,y,481363
1992,3277.9428210580722,2,2.5,0.89,0,y,y,447541
1990,2940.3642880301727,5,3.0,0.81,1,y,n,438204
2001,3660.9263923047906,3,2.0,0.78,1,y,n,565838
1985,3657.690383181091,3,2.0,0.8,1,y,n,485653
1994,3089.830631246259,5,2.5,0.99,0,y,n,460824
1995,1907.9979144516874,6,2.5,1.27,3,n,n,327749
2005,1763.8455743203544,6,2.5,0.99,0,y,y,326926
1985,3063.9219940136472,4,2.5,1.08,0,n,n,383288
1996,3177.4608681708996,5,2.0,1.09,0,y,n,477969
2004,3037.419340568498,2,1.5,0.78,2,n,n,464812
1999,2286.1204516442367,6,1.0,0.58,2,n,n,356618
2002,3258.3978087352803,5,2.0,0.44,3,n,y,535359
2013,2099.5453113821445,2,3.0,0.68,2,n,n,390131
1983,3326.7801428055855,2,3.0,0.67,1,y,n,429067
2001,2067.5968751976507,6,3.0,0.66,0,n,y,335039
1987,3671.9043816410945,3,1.5,1.09,3,y,y,524635
1980,2350.8733081153205,3,3.0,0.99,0,n,y,247480
2008,3462.552034291964,3,2.0,1.06,3,y,y,605282
1993,3559.84584216032,6,2.5,0.68,1,n,n,526676
2006,1963.2485695676398,3,2.0,0.6,3,n,n,343487
2010,1544.6309073148316,3,3.0,1.01,2,n,y,306844
1993,3079.2960911083705,5,3.0,0.98,0,n,n,441594
2005,4341.334776735619,6,3.0,1.22,2,n,n,734500
1995,2603.2807007315437,2,2.0,0.92,0,n,y,334292
1997,3558.0142029200824,6,2.0,0.77,1,y,y,560252
1996,3268.1952221408897,4,2.5,1.01,3,n,n,512879
1993,2306.4543845502862,4,3.0,1.23,0,n,n,319418
2007,741.4515216126097,2,3.0,0.99,2,n,n,161067
2002,2870.7005011203037,2,2.5,1.09,3,n,y,464455
1972,3373.9940614723673,6,3.0,1.4,1,y,n,432099
1993,2969.1641243400113,5,1.5,0.9,2,y,y,451374
2005,3763.906628038986,6,1.5,1.03,3,n,n,637535
1993,2143.4583897004204,3,1.5,0.74,3,n,n,300118
2005,4045.691999059634,3,2.5,0.69,3,n,y,659703
1990,3397.5316007858078,5,1.0,0.71,0,n,n,440279
1994,2054.7852343499135,5,1.5,1.21,3,y,y,338867
1996,3452.7684180394135,6,3.0,0.91,1,y,y,556565
2001,3426.2238536225805,6,3.0,0.68,3,y,y,604133
1994,2461.5462618085658,3,2.5,1.48,2,y,y,383931
1999,1773.4439294033518,6,2.5,1.06,2,y,y,329416
1999,3094.8779406857693,5,2.0,0.67,2,n,y,484281
1991,3585.0918419302775,4,1.5,0.73,2,y,n,521213
2013,3392.5246521927634,4,2.5,0.81,2,n,n,598528
2004,2773.516679919072,5,2.5,1.31,1,n,n,463177
1992,2645.0753951765555,6,2.5,0.68,3,n,y,414461
1989,3186.597690940785,6,1.5,1.04,1,y,n,461089
1995,3299.9052237670044,6,1.0,0.95,1,n,n,479235
1996,2815.24382370189,6,2.5,0.78,2,y,n,466486
1993,3608.383494046311,3,2.0,0.89,2,n,n,514607
1973,3868.874078787194,3,1.0,0.9,1,y,y,443831
2003,1886.143355962825,4,1.0,0.72,2,n,y,298721
1991,1573.407723835826,5,3.0,1.17,0,n,y,208561
1989,2298.0194774100146,4,1.0,1.65,2,y,n,324452
2005,5920.574467601045,5,2.5,0.95,0,n,y,919836
2002,2150.833121729398,5,2.0,0.83,2,n,y,360074
2010,3153.0137823928903,4,1.0,1.55,0,n,y,506202
1995,2599.9847971514955,3,1.5,1.03,3,y,y,402947
1981,2256.485410607614,2,2.0,1.27,3,y,y,282522
1991,2526.76558395651,3,2.0,1.04,0,y,n,334614
1989,3519.325911310889,2,3.0,0.78,2,y,n,504598
2000,2533.593829015981,6,2.5,0.82,3,y,n,459839
1993,2461.1234621896215,3,1.5,0.74,1,y,n,337768
1974,2353.2513995162285,2,2.5,0.73,3,n,y,241437
1982,3823.5777566000743,5,1.5,0.96,0,y,y,495436
2003,3338.8650167451706,4,2.0,1.12,0,n,n,507629
1997,4059.991169551153,3,1.0,0.86,3,y,y,621898
2012,3157.5392628278205,2,2.0,0.77,2,n,y,530180
1985,2859.4673188547695,5,2.5,0.85,0,y,y,379170
1986,3264.3290218111483,6,3.0,1.03,2,y,y,495099
1983,2761.608790069586,4,2.0,0.95,0,y,y,338491
1999,3741.583545478201,5,2.0,0.82,0,y,y,573537
1988,3927.00878406224,5,1.0,1.01,1,y,n,549201
2001,1750.7179120066237,6,2.5,1.2,3,y,n,353107
1998,2098.3986756076697,6,3.0,0.78,1,y,n,361459
1986,3254.182243122389,4,2.5,0.82,0,y,y,432927
1989,3306.362249776899,2,3.0,1.03,2,n,n,456404
2006,2822.815519793493,5,2.5,1.08,1,n,y,477122
1994,3085.5987639097234,6,2.0,0.57,1,y,y,471389
1994,3404.2643918913923,4,2.5,0.9,0,y,y,496639
2003,3418.97068272414,6,1.5,1.01,1,n,y,545495
1994,3260.8208357001436,2,1.0,1.06,2,y,y,465023
2001,2799.8671768479667,5,1.5,1.32,3,n,n,467280
1983,3328.3202363866358,2,1.0,1.41,2,n,y,405398
1987,3437.601090234045,5,1.0,1.33,2,y,n,490590
1981,2965.6148370272267,2,1.0,0.99,2,n,n,334692
1989,2944.9296347972554,5,3.0,1.14,1,y,n,438839
2000,2303.7154734713304,3,3.0,0.8,0,y,n,357557
1990,3212.68923271768,3,3.0,1.23,1,y,y,465353
2000,3918.005018611195,3,1.5,0.68,2,y,n,605400
2004,3783.761035107129,5,3.0,1.29,2,n,y,636914
1994,2494.409115728619,2,2.0,0.71,1,y,n,344811
2009,1675.919921478872,2,1.5,1.15,2,n,n,291137
1986,2856.1311213755394,2,2.0,0.63,1,n,n,337869
2019,3643.1852794120023,4,1.5,0.7,0,n,n,619477
2007,4423.12679526522,4,2.5,0.98,1,y,n,730669
1992,3388.770212123982,6,2.5,0.87,3,y,n,548865
2005,3935.981410453722,5,2.0,0.53,0,n,n,608347
1987,2634.8602930903344,5,2.0,0.99,3,y,y,395079
1990,3248.3692206744754,6,1.0,1.0,0,y,n,452255
2011,1595.832209777028,2,2.0,0.92,3,n,y,308174
1999,2629.2607324673118,2,1.0,0.59,2,y,n,388239
1996,2773.2069239995335,3,2.0,0.63,0,y,y,390431
1991,3094.0402747196968,4,2.5,0.73,0,n,y,412556
1999,1796.5765743765166,2,2.5,1.13,0,n,n,243936
2000,4043.595202255672,4,3.0,1.04,2,y,y,662139
2001,2969.819642468936,4,2.5,0.83,2,n,n,475422
1982,1747.6931275589616,4,1.0,0.81,1,y,y,179303
2009,3589.710081777348,4,1.0,0.85,0,n,y,556206
1997,2381.279440790441,2,2.5,1.32,2,n,y,354491
1972,1538.6081076592134,3,2.0,0.84,3,y,n,133391
2000,1947.2845165355263,5,1.5,0.93,2,n,n,313542
2007,2564.2295020244946,4,1.0,1.05,3,n,y,440384
1995,2900.311718992245,2,2.0,1.25,2,y,y,433796
1995,2899.0016015981378,6,1.5,1.28,1,n,n,431550
1997,2055.1162852789976,3,1.5,1.02,3,n,y,311067
1981,3227.169924671882,4,2.0,0.82,1,y,y,411375
1994,4321.561195026216,4,3.0,0.94,1,n,n,637334
2006,1935.5653002172087,5,1.5,1.09,2,n,y,344184
2016,3580.9525217855235,3,1.0,0.92,1,y,n,615942
1996,4727.714293381543,3,2.5,0.44,0,y,n,688257
1993,2967.1284809243507,5,3.0,0.95,3,y,n,489319
1996,3176.379172613084,6,2.0,1.05,2,n,y,497206
2012,4460.069421845924,5,3.0,1.23,2,y,y,797460
1992,3270.976793179874,6,2.5,0.89,3,y,y,531496
1975,2719.438654314334,4,2.5,0.84,0,y,y,298015
1981,2595.5075233566877,5,3.0,0.92,2,y,n,358126
1989,2924.9900246621955,2,3.0,0.83,0,y,n,386198
1996,3659.5446272738463,5,2.0,0.91,1,n,y,542581
2003,2359.370756952785,5,3.0,0.93,2,n,n,412855
1989,2460.3687773515503,3,2.0,1.07,0,y,n,315105
1993,3081.497807359411,4,1.0,1.19,2,n,y,435074
1990,4534.948121556169,2,1.0,1.32,1,n,n,605042
1990,2559.162586841496,6,1.0,1.08,3,n,n,375074
1993,4149.215287509945,6,1.5,1.0,3,n,y,634882
2006,3491.9995498159365,2,2.0,0.63,2,n,y,548249
2001,2408.6918693326943,6,2.0,0.88,1,n,y,389503
1997,2670.0617335577413,2,1.5,1.0,2,y,y,398009
2007,2679.765891012962,5,2.5,1.36,1,n,y,464864
1999,1859.6898011342723,5,2.5,0.99,3,n,n,326303
1996,3749.927896495999,2,2.5,1.27,1,y,y,559039
2005,3308.746139322379,5,1.5,0.88,2,y,y,562011
1991,2657.2965587564904,5,2.0,0.63,3,n,n,393044
1980,2395.971619153467,6,2.5,1.57,0,y,n,305445
1981,4498.149840087426,4,3.0,1.11,2,y,y,636372
1996,2296.8229568553197,5,1.5,0.46,3,y,n,373923
1986,2690.8884919608745,6,3.0,1.0,2,y,y,408633
2004,3880.100002157889,6,3.0,1.38,3,y,y,697715
2000,2958.4414249344595,2,2.5,1.28,0,y,n,445466
2000,3889.386402833473,5,1.5,0.46,2,y,y,617807
1995,3357.366460175171,2,3.0,1.01,2,y,y,513754
1991,1801.162024014142,2,1.0,0.94,2,n,y,209274
1985,2982.5258356704203,3,2.5,0.9,2,y,n,408378
1984,2561.6554681007683,5,2.5,0.95,0,y,y,330998
1987,3847.8672763932236,6,1.5,1.3,3,y,y,584180
2002,2042.4377382289001,5,2.5,1.25,1,y,n,362615
2002,2666.8778328554345,4,1.0,0.86,2,n,y,412931
1978,3055.9642162128025,6,2.0,0.94,3,n,y,402494
1993,1833.6919790858321,5,1.0,1.19,1,y,y,262903
2000,3894.764012194689,4,1.0,1.27,1,n,y,578264
2004,3966.124376001141,3,1.5,1.1,0,y,y,608918
2000,3084.559971920437,4,1.5,0.79,0,n,n,442033
2016,1964.5254994871993,6,2.5,0.75,1,n,y,403428
2008,2981.084287852136,2,1.0,0.66,3,n,n,482062
2009,2638.7483308476926,3,2.5,1.22,3,n,n,476612
2019,3579.008626744767,6,2.5,1.03,1,n,y,664801
1997,1689.0813907981171,6,1.5,1.32,3,n,n,290662
1975,3687.672157211276,2,1.5,0.84,0,y,y,408250
1993,2283.044115117424,4,2.0,1.35,2,n,y,332706
1991,2953.2574697658715,5,1.5,0.86,3,n,n,433388
1990,3492.0703768856315,6,2.5,0.32,2,y,y,531110
1984,3568.0329156455837,4,2.5,1.09,2,n,n,484054
1984,1930.406990603046,6,2.0,0.9,0,n,n,218061
1994,2584.574805202429,3,1.0,1.11,0,y,y,344336
1990,1987.4078111792837,3,2.0,0.95,2,n,n,257361
2001,3311.8802835165493,6,2.5,1.12,3,n,n,566082
2002,2692.515008746091,5,2.5,1.0,3,n,y,466377
2001,3952.581082189191,3,1.5,0.8,2,y,n,617387
2016,4038.489640752513,4,3.0,0.63,1,n,n,700223
1989,2095.990571365647,6,1.0,0.54,2,n,y,277498
1987,2410.7794582505335,4,2.5,0.75,2,n,y,320366
1990,2742.009824476417,6,1.0,1.08,3,y,y,422501
2010,3089.4053349468873,2,1.0,1.28,1,n,y,487610
2000,3733.641146541246,4,2.0,1.0,1,y,y,585046
1976,2864.4779600852626,5,3.0,1.2,3,y,y,392671
1996,3125.2774621878234,6,2.0,0.88,1,y,y,491991
1992,3815.7776660497943,6,3.0,0.88,0,y,y,575566
1985,1706.9582078655783,4,3.0,1.27,2,y,n,240093
2008,2614.057133431866,5,2.5,1.28,2,y,n,493808
1998,2923.5394807521275,3,2.0,1.3,3,n,n,458030
1984,2179.1883354526053,5,1.0,0.83,2,y,y,279328
1995,3304.541926379138,5,1.0,1.03,1,n,y,471131
1988,3786.557853217385,4,2.0,0.95,3,y,y,562233
1992,2909.5247109832694,5,3.0,0.76,1,n,y,422828
1986,3191.681820966462,2,1.5,0.91,2,n,n,399902
1992,3192.3641533204054,3,3.0,0.82,1,y,n,466154
1982,2307.053785568026,6,2.0,1.04,0,y,y,286658
1987,2929.0570865597592,2,1.5,0.8,1,y,n,368858
1996,2544.2450179814805,5,1.0,1.21,0,y,y,369786
2000,3584.87118857271,3,1.0,0.77,2,n,n,529280
2005,3849.09450071553,3,2.5,0.84,0,y,y,607464
1974,2343.6783260534935,4,2.0,1.11,0,y,y,233201
1989,3578.1313161746075,3,1.5,0.72,0,n,y,450019
2002,3309.6590701166483,6,1.0,0.71,1,y,y,532098
1977,4130.269898662472,2,1.0,1.36,0,y,n,484940
1999,3527.1410938322842,3,2.5,0.89,2,y,n,559921
1991,2815.822616060889,6,2.5,1.06,1,y,n,430773
2019,2124.99026752387,2,1.0,1.08,2,n,y,399948
2002,2678.252985072487,5,3.0,0.78,3,n,y,468437
1980,1720.8201874431247,3,2.0,0.94,0,y,n,157223
1977,3155.2526602213347,5,1.5,0.77,0,n,n,347337
2004,3076.9129304355793,4,2.0,0.96,0,n,n,470936
2007,3632.388731029452,4,1.5,1.04,3,n,y,607958
1985,2818.0980955474124,6,2.5,0.77,2,n,n,391764
1999,3214.5329341202782,6,3.0,1.24,0,y,n,525779
1989,1228.09604634936,3,2.5,1.18,1,y,y,154414
1998,2770.6522353674704,5,3.0,1.11,3,n,n,467247
1994,2443.7262600942076,6,1.0,1.46,1,n,y,353458
2006,4276.46130436635,4,2.5,1.49,2,n,n,706319
1996,2561.1673323804275,2,3.0,1.06,0,y,y,370075
1984,3027.8245555091703,5,1.0,0.86,1,n,n,372073
1986,2482.4846846976016,6,1.5,0.71,2,n,y,330522
1985,3384.9047954572065,6,2.5,0.98,1,n,y,464935
2002,1640.9913392381911,6,2.0,0.92,0,n,y,264948
1999,3254.6786045803287,3,2.5,1.14,2,n,n,502801
2003,3518.7589434522047,2,2.5,1.25,1,n,y,539063
2000,2690.35868660465,6,2.0,1.05,0,n,n,414303
1992,2644.999809612322,3,2.0,1.02,2,y,y,387049
2000,4143.584457773287,6,1.5,0.75,2,n,n,650287
2000,2949.8407797320647,5,2.0,0.8,2,n,y,469476
1996,3816.1640209600796,2,1.5,0.92,2,n,n,543724
1989,2675.940253576683,5,1.5,1.02,0,y,y,359191
2014,3175.965066065417,6,1.5,0.76,2,y,n,595294
2008,3812.988598960009,6,2.0,0.92,3,y,y,685748
2002,1036.5458067609252,6,1.0,1.15,1,y,y,197731
1980,1956.56019709949,5,3.0,1.5,0,n,y,215984
1986,2636.5287423687187,4,1.0,1.11,3,y,n,367129
1988,3383.215957907708,2,1.0,0.75,0,y,y,418732
1974,1252.3454038878417,3,2.5,0.83,1,n,y,57801
2004,3244.827377015519,2,1.5,1.19,0,n,y,472074
1982,2999.331901304984,6,3.0,1.28,3,y,n,454099
1992,2734.3335511394757,2,2.5,1.01,1,n,y,362800
1991,2823.1193719415196,4,3.0,0.96,0,y,n,402867
2004,2570.2766202397684,5,2.0,1.06,1,y,y,441441
1988,4033.3845727402045,3,1.0,0.89,1,n,n,523357
1998,3249.2942875392,6,2.0,1.29,2,n,y,521744
2004,2682.9631509183178,3,2.0,1.06,0,y,n,423344
1994,3798.829079132279,3,1.0,1.11,3,y,n,571474
1981,3634.284689701789,4,2.5,0.74,2,n,y,473742
1996,3474.35081448626,6,2.5,1.4,2,n,n,554652
1997,2888.993853447869,5,2.5,0.87,1,y,n,458899
1999,3162.6088275594007,6,2.5,1.08,2,y,y,538091
1991,2792.046097999403,2,2.5,1.32,3,y,y,421106
1991,4940.963605326135,6,2.0,0.76,2,n,y,732544
1999,2867.6352161202663,5,1.0,1.62,2,n,n,449445
1986,2020.0021786263449,2,3.0,1.16,1,n,y,235400
1987,4023.846070292193,4,3.0,1.0,3,y,n,608576
1983,2675.8670162990848,2,2.5,0.97,3,y,y,358430
1985,2292.1679294524456,4,1.5,0.77,3,n,y,292875
1996,1501.9909723430815,3,1.0,1.58,0,y,n,198998
1988,2191.305846508708,5,1.0,1.08,3,y,y,319895
1982,2825.390527542872,2,3.0,0.89,2,n,y,347158
1998,3481.064327813934,2,1.0,1.39,0,y,n,493009
2002,2347.8871061185046,3,2.5,1.16,3,y,n,417083
1993,2429.497828662446,3,2.5,1.23,2,n,y,350374
1991,3261.933412356385,3,2.5,0.98,1,y,y,466490
1988,2824.4820311709755,2,2.0,1.31,0,n,n,338322
1982,3545.020174462959,6,3.0,1.03,3,y,y,532203
1992,2837.6198201764946,3,1.0,1.06,1,n,y,366542
1985,2857.2424931882447,4,3.0,1.11,3,y,n,425236
2008,2645.007276358851,3,2.0,1.38,0,n,y,422451
1992,3150.591646464745,4,1.5,0.46,0,n,n,406988
1995,2397.0328055687633,4,2.5,1.12,2,y,n,383854
2004,2369.0000207102335,5,2.0,1.17,3,y,n,442900
1993,3288.6025924904684,5,1.0,1.39,1,n,y,464140
1984,4031.6639478191723,2,1.0,1.47,3,n,n,531799
1989,2749.681191824706,6,1.5,0.98,1,n,y,374652
1989,3326.569206924254,6,3.0,1.11,3,n,y,515635
1989,1555.5946807576383,3,1.0,1.62,0,y,y,172639
1984,3839.652905137249,5,1.0,0.71,0,y,y,496597
2006,2225.0102467840948,3,1.0,0.63,2,n,y,353201
1990,3521.5982378826143,2,1.0,1.12,3,n,n,480039
2006,3932.9661827154036,2,1.0,0.76,2,y,n,621344
2017,3310.2511032102184,2,2.5,1.12,1,y,y,595837
2019,3026.1733092717286,5,1.5,1.18,1,y,y,579125
1999,4189.969913658772,5,1.0,1.24,1,y,y,647095
1993,4575.339502369132,2,1.0,0.93,3,n,y,650250
1999,3928.649280497408,2,1.0,1.04,1,y,n,574897
1977,3215.3792391771876,2,3.0,1.1,1,y,n,388806
1985,2298.6977791572635,3,2.0,0.89,1,n,n,263154
2004,2571.271037707854,3,1.5,0.53,3,y,n,436140
2002,2772.13843885287,3,1.0,0.72,0,y,n,406620
1999,3375.2300320869745,5,1.5,0.81,3,y,y,555934
2006,2125.5316025357897,5,2.0,1.41,0,y,y,374979
1999,3439.6278981237283,3,1.0,1.55,3,y,n,549194
2005,2410.2279318148708,3,3.0,0.73,3,y,y,442484
2001,2722.79772263619,3,1.5,1.3,2,n,n,420419
2003,2338.883136762075,2,2.5,1.35,2,n,y,378582
2005,3310.5169460484335,2,2.0,0.85,1,y,y,524327
2002,2054.9584736772126,5,3.0,0.97,3,y,n,397793
1994,3824.286575259324,4,2.0,1.32,0,n,n,538442
1988,1728.8621715081804,2,2.5,0.95,3,n,n,221079
1992,3175.5325490833793,3,2.0,0.87,0,y,n,434379
2004,1755.6406223811075,4,1.0,0.76,0,n,y,254746
1992,3533.969731772923,2,1.5,0.66,2,n,n,477495
1994,2425.629993669708,5,1.5,0.73,3,n,y,367294
1988,4685.007681472601,3,3.0,1.18,3,n,n,685451
1999,3089.455875641775,5,1.0,0.92,1,n,y,457218
1983,3631.933568740418,3,2.5,0.81,3,n,y,489440
1999,3271.7016964318,2,2.0,1.61,2,n,y,494905
2006,2854.723340673201,2,1.5,0.64,3,n,y,460308
2003,3122.104567224848,6,3.0,0.79,0,y,y,525165
1991,3611.718143100975,6,1.5,1.04,0,y,n,519857
1992,3298.043810130501,3,1.0,0.82,1,n,y,432006
2001,3214.206060896684,5,3.0,0.93,0,n,n,501080
1990,3596.9728962033964,5,1.5,1.23,1,n,y,500495
2001,3998.016829393948,6,1.5,1.51,2,y,y,664852
2007,3556.882151788652,5,1.0,1.2,3,y,n,621532
1986,2691.3261137197705,5,2.5,1.12,1,y,y,377998
2019,3614.0960226012426,5,1.5,1.05,3,n,y,675364
2002,3112.02871576397,5,3.0,0.75,2,n,y,518054
1984,3625.1324346766655,6,2.5,1.07,2,n,y,512319
2005,2947.2509458980926,4,3.0,1.34,0,n,n,477187
1995,3790.6013012950143,3,2.5,0.85,3,n,n,573840
2000,3080.987521642361,3,1.0,0.98,1,n,y,441848
1986,3296.4179503904625,6,1.0,1.06,0,y,y,440362
1996,2384.550704288995,2,1.5,1.04,1,n,n,315782
1983,3987.2998621459487,3,3.0,1.19,1,n,n,525944
2010,2629.8048802138705,3,2.5,1.1,1,n,n,448470
1971,3301.0044794103296,3,1.0,1.07,3,n,n,361200
1986,3230.4165677510105,2,3.0,0.76,1,y,y,430962
1979,4036.453610843857,3,2.5,0.83,2,y,n,535418
1994,3234.3619279389204,3,1.0,0.91,1,n,n,433804
1989,3310.9686920920744,2,3.0,0.72,1,y,y,457445
2005,3053.584361148489,2,3.0,1.19,1,y,n,505887
2010,2737.8670814710736,4,2.0,0.42,3,y,n,506980
1973,3612.169781822649,4,3.0,1.37,3,n,y,462375
1978,2728.9893667294473,2,2.5,0.88,3,n,y,320048
1984,3256.264072565246,6,2.5,1.56,2,y,n,484339
1987,2442.944658132177,5,2.5,1.48,1,y,y,351141
1993,3504.690038935698,2,2.0,0.69,0,y,n,476053
2000,2292.912106337626,2,1.5,1.66,0,n,y,316336
1998,3682.519624474323,3,2.5,1.1,1,n,n,546377
2003,2568.6689460197726,6,3.0,0.8,0,n,n,422300
1991,2153.2801429343062,5,2.5,0.85,3,n,n,328242
1973,3635.167166750558,3,2.5,0.84,2,y,y,445375
1986,2610.718969254384,2,3.0,0.7,1,y,y,337107
1985,3091.9783148323536,4,2.0,0.56,0,y,y,392196
1997,3734.5725235201007,6,1.0,1.01,1,y,n,575335
2006,3244.1086070755227,4,2.5,1.35,1,n,n,534366
2004,3410.3390999733847,5,2.5,0.5,3,n,n,576550
2005,2668.5274958476466,2,3.0,1.36,2,y,n,465679
1995,3611.9133250937703,5,1.0,1.18,3,n,y,549486
1991,3505.8736786124414,5,2.0,0.99,3,n,y,525731
1991,2540.982824576171,3,2.5,0.94,0,n,n,322747
2000,2838.200217153399,5,1.5,0.71,2,y,y,463880
1997,2851.0546257315495,5,1.5,1.11,0,y,y,426808
1981,2239.3765296943666,2,2.0,1.09,2,n,n,242256
2007,2185.8362680800356,2,3.0,1.21,3,n,y,396025
1989,2315.1086357075387,4,1.5,1.14,0,n,n,276866
1993,2675.8076895961635,2,3.0,0.6,2,n,y,375371
1999,2030.5531208217037,4,2.5,1.21,3,y,n,365232
2001,4444.909294363704,6,1.0,1.28,2,n,n,700936
1998,3477.6162424883414,4,1.5,0.83,1,n,n,506592
1987,2376.877803977968,6,1.5,0.82,3,n,y,336331
1990,2861.948429944897,6,2.0,1.16,2,n,y,421692
1987,3673.105957013952,2,1.5,1.17,2,y,y,501015
2003,2911.074170481306,3,2.5,0.84,0,y,y,456761
1992,3481.5658428395263,6,3.0,0.96,2,n,n,536634
1988,2401.3133709071035,2,3.0,1.25,1,y,n,323947
2006,2887.8721185950753,5,2.5,1.01,0,y,y,490830
2000,3083.755912324567,4,2.0,0.73,1,n,y,463513
1970,2279.735734575414,6,2.5,0.77,1,n,n,221010
1975,4109.346812330878,5,1.0,1.59,0,y,n,505252
2011,3520.9193663590468,6,3.0,1.43,0,y,y,634587
1991,2294.7553645169946,6,1.0,0.9,3,y,n,357713
1995,1708.3431172830888,3,2.0,1.25,1,n,y,230001
2000,2858.003936708117,4,2.5,1.05,3,y,n,491950
1989,2188.0422580181867,6,1.5,0.99,1,n,y,290556
1989,2577.6353861620305,3,2.0,1.25,2,y,n,365395
1991,1894.3984510929374,4,2.0,0.92,3,n,y,272959
1986,2949.0710477118046,6,2.0,1.49,0,y,y,409710
1997,3537.2815477377662,4,2.0,0.84,1,y,y,538192
1991,4675.6684605650935,2,1.0,0.77,1,y,n,642900
1988,3099.7596687245064,5,2.5,0.93,2,y,y,461413
1992,2540.5142332951064,5,2.0,0.92,2,n,y,369877
1984,2410.568782501163,6,1.0,0.88,0,n,y,274785
1987,2912.611358607919,2,2.5,0.9,1,y,y,382891
2000,2885.2509818098893,3,2.0,1.88,3,n,y,470987
2001,3093.53936858195,5,2.5,0.86,2,n,n,504430
2003,3307.6336358780186,3,1.0,0.95,0,n,n,475395
1988,1114.4898045566256,4,1.5,1.1,1,n,y,106173
2000,2979.990015806976,5,2.5,1.06,0,n,y,455398
2002,3294.111661905934,3,1.0,1.32,1,y,y,508916
1989,2930.957808716188,5,2.0,1.29,3,n,n,433993
1976,2137.21574818355,6,3.0,0.52,2,y,y,268382
1988,2416.931368616154,6,2.5,0.26,0,n,y,308939
2006,2956.4580343729076,3,2.0,1.53,3,y,n,526418
1982,2913.831320914291,4,1.5,1.07,0,y,y,350624
1991,3275.8604737284845,6,2.0,0.81,2,y,n,503529
2009,3279.9731045716453,3,2.5,1.63,0,n,y,533945
2001,2322.1432624251656,3,3.0,1.12,0,y,y,370121
1980,3925.9925521390464,2,3.0,1.23,3,n,n,522348
2008,2480.586519773135,5,1.5,0.55,2,n,y,427837
2005,3973.936081156611,3,3.0,0.9,1,y,y,649590
1997,3318.2834813520913,2,3.0,1.03,0,n,n,468192
1996,2338.758505593481,5,1.0,0.47,1,n,n,322863
1984,1856.865370105711,3,3.0,0.72,3,y,n,254329
1998,2663.4873450302202,5,2.0,0.85,1,n,y,402273
1993,3462.1086803815365,3,3.0,0.91,2,y,n,527966
1998,2381.501279868724,3,2.0,1.01,3,n,y,372375
2006,3037.675529486996,5,3.0,0.86,1,y,n,533551
2004,4067.2331582894835,5,1.0,0.67,0,y,n,630134
1987,3426.870919817481,6,2.5,1.17,3,n,y,514080
1984,3105.674090042621,4,3.0,0.96,1,n,y,405251
2002,3745.2114179892133,6,1.5,0.73,3,n,y,615231
1988,3782.6522375796376,4,2.0,1.33,3,y,y,567347
1987,3208.854540409016,6,1.5,1.24,0,n,y,422428
1996,2532.402270579846,2,1.5,1.05,3,y,n,388110
1991,3514.0313446280743,2,1.5,0.65,3,n,y,484354
1979,3918.4282725750604,2,2.0,0.95,3,y,n,517014
2005,2645.7876301592323,2,2.0,0.87,1,y,n,424918
1969,2578.5288671215985,2,3.0,0.58,3,y,y,275479
2014,2907.069760221225,5,1.5,0.57,3,n,y,537110
1988,3053.854195889061,3,1.5,1.19,1,n,n,388428
2000,3056.8150579436233,5,2.0,0.82,0,y,n,475822
1981,2891.2369913044067,5,2.5,1.21,1,y,n,384335
1990,3762.8146069038835,3,2.5,0.97,1,y,n,536472
1994,1273.3690747731816,5,1.5,0.98,3,y,y,218205
2012,3664.751524492382,4,1.5,1.07,3,n,y,638262
1996,2064.9720248888398,3,3.0,1.03,3,n,y,330195
1981,2616.6640146792442,3,2.5,1.14,2,n,y,317099
2012,4169.690740855563,3,1.0,1.09,0,y,y,671803
2015,3526.8053927997876,3,3.0,0.78,1,y,n,630720
1995,3559.560998876049,4,2.0,0.98,0,n,y,498634
1999,3255.9773443016775,4,1.5,0.64,0,y,n,480496
2000,4005.592088035342,6,3.0,0.57,1,y,n,654388
1994,2367.902368198568,4,3.0,0.98,0,y,y,349885
2012,2064.331525588064,4,1.5,0.93,2,y,n,401099
2006,2683.454561408428,5,1.0,0.86,3,n,y,460418
2010,3068.9664071668,5,2.5,0.97,3,y,n,582394
1980,4149.194340819649,3,2.0,1.32,1,n,y,522179
2004,3672.1493752856827,4,1.0,1.45,2,n,y,582572
1976,4630.11455834127,6,3.0,0.82,3,y,y,661817
1981,3365.3103061254997,5,2.5,1.36,1,n,n,437696
1986,2621.0718741631144,4,1.5,0.99,0,y,n,325510
2001,3738.5205745712306,4,2.5,1.1,3,n,n,609778
1997,2330.980542763055,5,3.0,0.99,1,y,n,384497
1991,2501.569164874919,2,1.0,1.05,3,n,n,330985
1998,2425.1994181910104,4,1.5,1.03,2,y,n,386729
2001,2792.890505168394,2,3.0,1.25,2,y,n,462683
1999,4581.599237720187,6,1.0,0.86,0,y,n,695139
2001,2761.988737880686,4,2.0,1.03,0,n,n,409748
2004,2621.525191467492,2,1.5,1.26,2,n,y,409628
2004,2861.165154223205,4,1.5,0.8,3,y,n,493674
2013,3449.6562958314457,3,2.5,0.83,2,y,n,617398
1987,2378.6006437429633,2,1.0,1.42,2,n,y,283090
1990,4274.61699627691,2,1.0,0.91,2,y,y,594842
2003,2239.8424539781504,3,1.0,1.44,3,n,n,367576
1984,2879.2278029854715,3,1.0,0.75,1,n,y,328134
1989,3008.611541332617,6,1.0,0.67,1,n,n,401341
1985,2778.7498416002263,2,3.0,0.91,3,y,n,390462
1986,2476.1493496861667,5,3.0,1.22,1,n,y,334722
1990,3324.487373799874,6,1.5,0.91,0,n,n,449823
1972,2903.226976288134,5,1.5,0.85,2,y,y,335734
1999,3132.9427961954616,4,3.0,0.65,1,y,n,499691
1996,3724.694250585511,4,2.0,0.9,1,n,n,542204
1997,2961.9912659450406,3,2.0,1.2,0,n,y,412298
2000,3938.680429459201,5,3.0,1.14,2,n,n,637902
1970,4065.2306910472334,6,3.0,0.59,2,y,n,528634
2011,2114.507104985364,4,1.0,0.64,0,y,n,361776
2005,2323.3015199314477,6,1.5,0.83,2,y,y,423445
2009,3337.530115242455,5,2.0,0.51,0,n,y,538279
2007,2871.1040139257093,6,3.0,1.18,2,y,y,543365
1996,1964.143637215541,3,3.0,0.76,0,n,y,266021
2006,2509.665089015556,2,3.0,1.2,1,n,y,409449
1991,3433.036532252422,5,2.5,0.84,0,n,y,475055
2003,2862.6490826898143,6,1.0,1.05,0,y,n,460147
2010,1954.1654674562674,3,3.0,1.07,2,n,y,369174
1986,2610.8125636451846,5,2.0,1.37,3,n,n,372171
1987,3760.775681921321,4,3.0,1.13,0,y,y,526066
1994,3808.2994378716426,2,2.0,1.19,3,n,n,559094
2006,1119.7280558340876,4,1.0,1.07,0,y,y,194009
1998,2705.6846607914213,6,1.5,0.97,2,y,y,447902
1976,2956.877895046898,2,1.5,0.93,3,n,y,329981
1996,2078.826978054434,3,3.0,1.26,1,y,n,325724
1989,2438.4438859157353,3,2.0,0.95,2,y,y,340016
1978,3312.7012720555063,3,1.5,1.28,1,y,n,398605
