530022.0,1.6218801236407607,0.1507337525439755,-1.3817467761654108,-0.6821129777988038,-0.3363544747644248,0.4025272755227504,0.0,1.0,0.0,1.0
394102.0,1.9398727410127776,-1.428539235820027,0.0053944380553026,-1.4009674040504705,-0.9876257449819478,1.288284116526358,0.0,1.0,1.0,0.0
419121.0,0.4559071932766985,-0.3611359623574735,0.6989650451656594,0.0367414484528629,-0.7026945642617818,-0.483229565480857,1.0,0.0,1.0,0.0
308629.0,-0.922060815335375,-1.0622318557475896,0.0053944380553026,-0.6821129777988038,-0.6619901098731865,1.288284116526358,0.0,1.0,0.0,1.0
286031.0,-0.286075580591341,-1.3345215510026178,-1.3817467761654108,-1.4009674040504705,0.7626657937276446,1.288284116526358,0.0,1.0,1.0,0.0
443257.0,0.2439121150286872,-0.0548639885946273,-0.688176169055054,0.0367414484528629,-0.7026945642617818,-0.483229565480857,0.0,1.0,0.0,1.0
688473.0,0.8798973497727212,1.631598547307449,0.0053944380553026,-1.4009674040504705,-0.092127748432854,1.288284116526358,0.0,1.0,1.0,0.0
565669.0,1.833875201888772,0.0282410314889241,0.6989650451656594,1.4744503009561964,0.1520989778987173,-0.483229565480857,0.0,1.0,0.0,1.0
378378.0,-0.922060815335375,0.0884334491485782,-0.688176169055054,0.0367414484528629,1.780277153442524,-1.3689864064844643,1.0,0.0,0.0,1.0
597087.0,-0.7100657370873636,1.651905353365876,0.0053944380553026,0.0367414484528629,0.2742123410645029,0.4025272755227504,1.0,0.0,0.0,1.0
553851.0,0.1379145759046816,1.2020828978345954,-0.688176169055054,0.7555958747045297,0.111394523510122,-1.3689864064844643,1.0,0.0,0.0,1.0
660944.0,1.3038875062687438,1.092557717220786,0.6989650451656594,-0.6821129777988038,2.6350706956030225,0.4025272755227504,0.0,1.0,0.0,1.0
372687.0,-1.240053432707392,0.2325157901635868,-0.688176169055054,0.0367414484528629,-0.0514232940442587,-1.3689864064844643,1.0,0.0,1.0,0.0
520199.0,0.8798973497727212,0.1478416653855837,0.6989650451656594,0.7555958747045297,2.512957332437238,-1.3689864064844643,0.0,1.0,1.0,0.0
620609.0,0.6679022715247098,1.0231606287183372,0.6989650451656594,0.0367414484528629,1.2511192463907872,1.288284116526358,1.0,0.0,0.0,1.0
594927.0,1.4098850453927494,0.393026302907097,0.0053944380553026,0.7555958747045297,-0.9062168362047572,1.288284116526358,0.0,1.0,0.0,1.0
490605.0,-1.1340558935833862,0.6144458376566847,1.392535652276016,-0.6821129777988038,0.7219613393390494,1.288284116526358,1.0,0.0,0.0,1.0
617088.0,0.4559071932766985,1.2522096377204703,1.392535652276016,-0.6821129777988038,-1.8831237415310416,-0.483229565480857,0.0,1.0,0.0,1.0
560051.0,0.3499096541526929,1.034749360288208,1.392535652276016,-0.6821129777988038,0.0706900691215268,-1.3689864064844643,1.0,0.0,1.0,0.0
557768.0,-2.088033745699437,1.9186591801991657,-1.3817467761654108,-1.4009674040504705,-0.8248079274275669,1.288284116526358,0.0,1.0,1.0,0.0
483289.0,-1.3460509718313975,0.6923540646680018,1.392535652276016,0.7555958747045297,-0.9062168362047572,0.4025272755227504,1.0,0.0,0.0,1.0
399561.0,0.5619047324007043,-0.9323025471723604,0.0053944380553026,0.0367414484528629,-0.9469212905933526,1.288284116526358,0.0,1.0,1.0,0.0
344493.0,-0.3920731197153467,-0.7696177298981055,1.392535652276016,0.0367414484528629,-0.4584678379302104,-0.483229565480857,1.0,0.0,1.0,0.0
403050.0,1.833875201888772,-1.4240741486339603,0.0053944380553026,0.7555958747045297,1.9837994253855,1.288284116526358,1.0,0.0,0.0,1.0
350888.0,-0.922060815335375,-0.8777727653765932,0.6989650451656594,1.4744503009561964,0.477734613007479,0.4025272755227504,0.0,1.0,0.0,1.0
581409.0,0.2439121150286872,1.088652571930552,-1.3817467761654108,-0.6821129777988038,-1.1911480169249238,1.288284116526358,0.0,1.0,1.0,0.0
448932.0,-0.8160632762113693,0.0476417133896169,1.392535652276016,0.7555958747045297,1.1290058832250016,-0.483229565480857,0.0,1.0,0.0,1.0
370295.0,-1.876038667451426,0.3882528026058574,-0.688176169055054,-1.4009674040504705,1.3732326095565728,-1.3689864064844643,0.0,1.0,1.0,0.0
405502.0,0.0319170367806759,-0.200702865269736,0.0053944380553026,0.7555958747045297,0.9254836112820256,-1.3689864064844643,1.0,0.0,1.0,0.0
501563.0,-0.604068197963358,1.136690509206624,-1.3817467761654108,1.4744503009561964,-1.9238281959196368,-1.3689864064844643,1.0,0.0,0.0,1.0
244210.0,-3.2540066760635,-0.6532764536697211,0.0053944380553026,0.7555958747045297,-0.6619901098731865,0.4025272755227504,0.0,1.0,0.0,1.0
351356.0,0.1379145759046816,-1.1158267382305675,-0.688176169055054,0.7555958747045297,1.6988682446653336,0.4025272755227504,0.0,1.0,0.0,1.0
492173.0,0.2439121150286872,0.2826307285559705,0.6989650451656594,0.0367414484528629,1.0068925200592158,-1.3689864064844643,0.0,1.0,1.0,0.0
317710.0,-1.452048510955403,-0.2185754740294457,-0.688176169055054,-1.4009674040504705,0.0299856147329316,-1.3689864064844643,0.0,1.0,0.0,1.0
712909.0,2.575857975756812,1.364104704065584,0.6989650451656594,0.0367414484528629,-0.2956500203758296,-0.483229565480857,1.0,0.0,1.0,0.0
320732.0,-1.240053432707392,-0.3731478234123607,0.0053944380553026,0.0367414484528629,1.454641518333763,-1.3689864064844643,1.0,0.0,1.0,0.0
594044.0,1.5158825845167552,0.7475792433114942,0.6989650451656594,-0.6821129777988038,1.6988682446653336,-0.483229565480857,1.0,0.0,1.0,0.0
236742.0,-0.286075580591341,-1.4977109533218815,-1.3817467761654108,0.7555958747045297,-0.2142411115986396,-0.483229565480857,1.0,0.0,0.0,1.0
598815.0,1.197889967144738,1.0451907328626369,-0.688176169055054,0.0367414484528629,1.454641518333763,-0.483229565480857,1.0,0.0,0.0,1.0
440169.0,0.8798973497727212,-0.5316180036879381,-0.688176169055054,0.7555958747045297,-0.0107188396556635,1.288284116526358,1.0,0.0,0.0,1.0
570374.0,0.0319170367806759,1.4570944727613948,-0.688176169055054,0.0367414484528629,0.2742123410645029,-1.3689864064844643,1.0,0.0,0.0,1.0
229314.0,-1.0280583544593809,-0.9905913182412086,-1.3817467761654108,-0.6821129777988038,0.0706900691215268,-1.3689864064844643,1.0,0.0,1.0,0.0
433347.0,-0.1800780414673354,0.2626646768035253,0.0053944380553026,0.0367414484528629,-0.7841034730389718,-1.3689864064844643,1.0,0.0,1.0,0.0
581756.0,1.833875201888772,0.1043866359399955,0.6989650451656594,0.7555958747045297,1.5360504271109536,1.288284116526358,1.0,0.0,0.0,1.0
303988.0,-0.8160632762113693,-0.9455178292150808,-0.688176169055054,0.0367414484528629,-0.7026945642617818,1.288284116526358,1.0,0.0,1.0,0.0
225578.0,-0.604068197963358,-1.3224376771338278,0.0053944380553026,-0.6821129777988038,-1.761010378365256,-1.3689864064844643,1.0,0.0,0.0,1.0
335821.0,-0.0740805023433297,-0.4544433089757679,-0.688176169055054,-1.4009674040504705,-0.1328322028214492,-1.3689864064844643,1.0,0.0,1.0,0.0
471840.0,0.1379145759046816,-0.2779732143734824,1.392535652276016,0.7555958747045297,2.2687306061056667,1.288284116526358,1.0,0.0,1.0,0.0
259091.0,0.3499096541526929,-1.727408166994035,0.0053944380553026,0.7555958747045297,-2.127350467862613,-1.3689864064844643,0.0,1.0,0.0,1.0
545004.0,-1.6640435892034149,1.2940717444721972,1.392535652276016,0.0367414484528629,-1.679601469588066,0.4025272755227504,0.0,1.0,0.0,1.0
334385.0,-1.240053432707392,-0.3645994659764449,0.6989650451656594,0.7555958747045297,0.1520989778987173,-1.3689864064844643,1.0,0.0,1.0,0.0
493792.0,1.0918924280207325,-0.1976494163010639,0.6989650451656594,0.0367414484528629,1.047596974447811,-0.483229565480857,0.0,1.0,0.0,1.0
447959.0,0.7738998106487155,0.0748002745040357,0.0053944380553026,-1.4009674040504705,0.7219613393390494,-1.3689864064844643,1.0,0.0,1.0,0.0
504972.0,2.0458702801367834,-0.2799229444957973,-0.688176169055054,1.4744503009561964,-0.2142411115986396,-1.3689864064844643,0.0,1.0,1.0,0.0
510787.0,0.3499096541526929,0.1226114113792274,1.392535652276016,-1.4009674040504705,-1.3132613800907091,1.288284116526358,0.0,1.0,0.0,1.0
471876.0,0.9858948888967268,0.14853050509315,-1.3817467761654108,-0.6821129777988038,0.2335078866759077,-1.3689864064844643,0.0,1.0,1.0,0.0
473318.0,0.1379145759046816,0.3117462820876228,-1.3817467761654108,0.0367414484528629,0.4370301586188838,-0.483229565480857,0.0,1.0,0.0,1.0
329725.0,-0.7100657370873636,-0.6966583573709467,-0.688176169055054,1.4744503009561964,0.111394523510122,-1.3689864064844643,0.0,1.0,1.0,0.0
467375.0,-1.876038667451426,1.0771324829330091,0.0053944380553026,0.7555958747045297,-0.5805812010959961,-0.483229565480857,1.0,0.0,0.0,1.0
285943.0,0.6679022715247098,-1.3720925892118454,-0.688176169055054,-1.4009674040504705,0.5184390673960743,-0.483229565480857,1.0,0.0,1.0,0.0
319733.0,-2.6180214413194656,0.0525935001356154,-0.688176169055054,0.0367414484528629,0.5184390673960743,0.4025272755227504,1.0,0.0,0.0,1.0
536786.0,0.5619047324007043,0.1113799133706687,1.392535652276016,1.4744503009561964,-0.7026945642617818,0.4025272755227504,0.0,1.0,1.0,0.0
585024.0,-0.3920731197153467,1.2619505563359172,1.392535652276016,0.0367414484528629,-0.7026945642617818,0.4025272755227504,1.0,0.0,1.0,0.0
390460.0,2.0458702801367834,-1.3109308225113976,-0.688176169055054,-1.4009674040504705,1.2511192463907872,1.288284116526358,1.0,0.0,1.0,0.0
444009.0,-0.8160632762113693,0.2524499613345748,0.6989650451656594,0.0367414484528629,-0.2956500203758296,0.4025272755227504,1.0,0.0,0.0,1.0
470119.0,0.3499096541526929,-0.0713516188377268,-0.688176169055054,0.7555958747045297,-0.37705892915302,0.4025272755227504,0.0,1.0,0.0,1.0
244755.0,0.3499096541526929,-2.06239213190778,-1.3817467761654108,1.4744503009561964,0.7219613393390494,1.288284116526358,1.0,0.0,1.0,0.0
313732.0,0.2439121150286872,-1.1775027869365329,0.0053944380553026,-1.4009674040504705,-0.5398767467074009,-0.483229565480857,0.0,1.0,1.0,0.0
352638.0,-0.922060815335375,-0.3771312080677542,0.6989650451656594,0.0367414484528629,-0.6212856554845914,-0.483229565480857,1.0,0.0,0.0,1.0
395361.0,-1.240053432707392,0.240806245119105,-0.688176169055054,-0.6821129777988038,-0.2549455659872344,0.4025272755227504,1.0,0.0,1.0,0.0
513661.0,-0.922060815335375,0.8854563231597004,0.0053944380553026,-0.6821129777988038,1.4953459727223584,1.288284116526358,1.0,0.0,1.0,0.0
423131.0,0.4559071932766985,-0.2870242846077214,0.0053944380553026,0.0367414484528629,-0.4991722923188056,-1.3689864064844643,0.0,1.0,0.0,1.0
388387.0,-0.0740805023433297,-0.3399057465701625,0.6989650451656594,0.7555958747045297,-0.8655123818161622,-1.3689864064844643,1.0,0.0,1.0,0.0
546239.0,1.0918924280207325,0.2643822966670124,1.392535652276016,0.0367414484528629,-0.0514232940442587,0.4025272755227504,1.0,0.0,1.0,0.0
397459.0,0.5619047324007043,-0.7851777213308081,0.0053944380553026,-0.6821129777988038,1.4953459727223584,1.288284116526358,1.0,0.0,1.0,0.0
365660.0,-1.6640435892034149,-0.4060919283982034,0.0053944380553026,0.7555958747045297,0.3963257042302885,1.288284116526358,0.0,1.0,0.0,1.0
397443.0,-0.604068197963358,-0.3622789665106011,1.392535652276016,0.7555958747045297,2.2687306061056667,-0.483229565480857,1.0,0.0,1.0,0.0
513348.0,0.7738998106487155,0.0495838632043732,-0.688176169055054,1.4744503009561964,0.2335078866759077,0.4025272755227504,0.0,1.0,0.0,1.0
545095.0,-0.1800780414673354,1.1867793642989568,1.392535652276016,-1.4009674040504705,0.2335078866759077,-1.3689864064844643,1.0,0.0,1.0,0.0
373732.0,0.9858948888967268,-0.9500534349537664,0.0053944380553026,0.0367414484528629,0.7219613393390494,-0.483229565480857,1.0,0.0,1.0,0.0
617632.0,0.8798973497727212,0.7936792229686125,-0.688176169055054,1.4744503009561964,0.5998479761732637,1.288284116526358,0.0,1.0,0.0,1.0
573801.0,0.6679022715247098,0.8050689859132185,-1.3817467761654108,1.4744503009561964,-0.7841034730389718,1.288284116526358,1.0,0.0,1.0,0.0
225218.0,-0.3920731197153467,-1.7262694300078516,-1.3817467761654108,0.0367414484528629,1.5360504271109536,-0.483229565480857,0.0,1.0,1.0,0.0
498804.0,2.2578653583847945,-0.7695174955749845,1.392535652276016,-0.6821129777988038,0.0299856147329316,0.4025272755227504,0.0,1.0,0.0,1.0
414933.0,-1.3460509718313975,0.2728591138901368,-0.688176169055054,0.7555958747045297,-2.6972128293029454,1.288284116526358,1.0,0.0,0.0,1.0
287280.0,-2.088033745699437,-0.6418816606253608,0.0053944380553026,-0.6821129777988038,-0.1735366572100444,0.4025272755227504,0.0,1.0,0.0,1.0
384411.0,-1.6640435892034149,0.1102633889757008,0.6989650451656594,-1.4009674040504705,-1.3132613800907091,1.288284116526358,1.0,0.0,0.0,1.0
365350.0,-0.4980706588393523,-1.1046671946157065,1.392535652276016,1.4744503009561964,-0.9469212905933526,1.288284116526358,0.0,1.0,1.0,0.0
401770.0,0.2439121150286872,-0.8510215461952164,1.392535652276016,-0.6821129777988038,-2.127350467862613,1.288284116526358,0.0,1.0,1.0,0.0
497052.0,0.4559071932766985,0.3416636849775976,0.6989650451656594,-0.6821129777988038,-0.1328322028214492,-1.3689864064844643,0.0,1.0,1.0,0.0
514232.0,0.7738998106487155,0.4316561496145595,-0.688176169055054,0.0367414484528629,1.1290058832250016,-1.3689864064844643,0.0,1.0,0.0,1.0
296432.0,0.2439121150286872,-1.2995209270476011,-1.3817467761654108,1.4744503009561964,1.1697103376135969,-0.483229565480857,1.0,0.0,1.0,0.0
555547.0,-1.3460509718313975,1.2823503254862931,-0.688176169055054,0.0367414484528629,1.5360504271109536,1.288284116526358,0.0,1.0,1.0,0.0
361094.0,-0.8160632762113693,-0.6601494280443926,0.6989650451656594,-1.4009674040504705,-0.6212856554845914,1.288284116526358,0.0,1.0,1.0,0.0
477952.0,-0.1800780414673354,0.3860778676728369,0.6989650451656594,1.4744503009561964,0.8033702481162398,-1.3689864064844643,1.0,0.0,1.0,0.0
289139.0,0.5619047324007043,-1.5394594182092165,1.392535652276016,-1.4009674040504705,-0.3363544747644248,-0.483229565480857,1.0,0.0,0.0,1.0
469853.0,-0.0740805023433297,0.1039142485792356,0.0053944380553026,0.0367414484528629,0.3556212498416933,1.288284116526358,1.0,0.0,0.0,1.0
556071.0,0.2439121150286872,0.5558147089739603,0.6989650451656594,0.7555958747045297,-0.092127748432854,0.4025272755227504,0.0,1.0,1.0,0.0
566601.0,-0.7100657370873636,1.069739152252899,0.0053944380553026,1.4744503009561964,0.111394523510122,0.4025272755227504,0.0,1.0,1.0,0.0
253127.0,0.6679022715247098,-2.0464917435148124,1.392535652276016,-0.6821129777988038,0.477734613007479,-1.3689864064844643,0.0,1.0,1.0,0.0
350300.0,0.1379145759046816,-0.5824891733005672,-0.688176169055054,0.0367414484528629,0.8847791568934302,-1.3689864064844643,1.0,0.0,1.0,0.0
422125.0,-0.922060815335375,0.1005161765572072,0.0053944380553026,0.7555958747045297,0.3963257042302885,0.4025272755227504,1.0,0.0,1.0,0.0
609565.0,0.2439121150286872,0.7899350059630437,1.392535652276016,0.7555958747045297,0.5591435217846685,1.288284116526358,0.0,1.0,1.0,0.0
488074.0,-0.922060815335375,1.042587869326711,-1.3817467761654108,-0.6821129777988038,-0.7026945642617818,0.4025272755227504,1.0,0.0,0.0,1.0
401439.0,0.8798973497727212,-1.191344240382341,1.392535652276016,0.7555958747045297,1.2918237007793825,1.288284116526358,1.0,0.0,0.0,1.0
345129.0,-2.51202390219546,0.1938642129966377,1.392535652276016,-0.6821129777988038,-0.2549455659872344,-0.483229565480857,1.0,0.0,0.0,1.0
485903.0,0.7738998106487155,-0.051308085442054,1.392535652276016,-0.6821129777988038,1.943094970996905,-1.3689864064844643,0.0,1.0,1.0,0.0
504821.0,-0.604068197963358,0.6930891255616272,0.6989650451656594,-1.4009674040504705,-1.1911480169249238,0.4025272755227504,0.0,1.0,0.0,1.0
685628.0,1.5158825845167552,1.408686032082871,-1.3817467761654108,-0.6821129777988038,1.1290058832250016,1.288284116526358,0.0,1.0,1.0,0.0
409279.0,0.9858948888967268,-0.8087710264713479,-1.3817467761654108,0.7555958747045297,-0.0107188396556635,0.4025272755227504,0.0,1.0,0.0,1.0
345814.0,-0.604068197963358,-0.8474849504831286,0.6989650451656594,0.0367414484528629,-0.4584678379302104,1.288284116526358,1.0,0.0,0.0,1.0
575736.0,1.7278776627647665,0.3262693365227355,0.6989650451656594,-0.6821129777988038,1.3325281551679775,-0.483229565480857,0.0,1.0,1.0,0.0
402853.0,0.5619047324007043,-0.856557784082173,0.0053944380553026,1.4744503009561964,-0.9876257449819478,1.288284116526358,1.0,0.0,1.0,0.0
488601.0,0.4559071932766985,0.2200802547562135,-1.3817467761654108,1.4744503009561964,-0.7841034730389718,-0.483229565480857,0.0,1.0,0.0,1.0
421045.0,0.6679022715247098,-0.504924058779296,0.6989650451656594,0.7555958747045297,-0.5805812010959961,-0.483229565480857,1.0,0.0,0.0,1.0
483607.0,2.3638628975088003,-0.7515501567490673,-0.688176169055054,-1.4009674040504705,0.111394523510122,1.288284116526358,0.0,1.0,1.0,0.0
499617.0,-1.1340558935833862,0.6872242780738742,0.0053944380553026,0.7555958747045297,0.9661880656706208,0.4025272755227504,0.0,1.0,0.0,1.0
288769.0,-1.1340558935833862,-1.0318207337870076,0.6989650451656594,1.4744503009561964,-0.8655123818161622,-1.3689864064844643,0.0,1.0,0.0,1.0
431589.0,-0.286075580591341,0.004196711560259,1.392535652276016,-0.6821129777988038,-0.9062168362047572,-1.3689864064844643,0.0,1.0,1.0,0.0
526678.0,1.7278776627647665,0.1839852464200582,0.6989650451656594,-1.4009674040504705,-0.2142411115986396,-0.483229565480857,1.0,0.0,0.0,1.0
235174.0,-1.3460509718313975,-1.1811565119391545,0.0053944380553026,0.0367414484528629,-1.3946702888678997,-1.3689864064844643,0.0,1.0,0.0,1.0
462562.0,-0.604068197963358,0.3879616310511916,0.0053944380553026,0.0367414484528629,0.640552430561859,0.4025272755227504,1.0,0.0,1.0,0.0
470947.0,1.197889967144738,-0.6829994730303219,0.6989650451656594,0.0367414484528629,0.0299856147329316,1.288284116526358,0.0,1.0,0.0,1.0
593817.0,0.4559071932766985,1.2183716731729817,-0.688176169055054,1.4744503009561964,-1.0690346537591382,-1.3689864064844643,0.0,1.0,1.0,0.0
114210.0,-1.876038667451426,-2.227883839085669,0.0053944380553026,-0.6821129777988038,-1.8831237415310416,0.4025272755227504,0.0,1.0,1.0,0.0
477826.0,-0.286075580591341,0.5293950963163344,-1.3817467761654108,0.7555958747045297,-0.1735366572100444,0.4025272755227504,1.0,0.0,0.0,1.0
237927.0,-0.0740805023433297,-2.1048113481851334,0.6989650451656594,1.4744503009561964,0.1520989778987173,-0.483229565480857,0.0,1.0,1.0,0.0
394628.0,-1.452048510955403,0.0081298567713394,0.0053944380553026,1.4744503009561964,0.477734613007479,0.4025272755227504,1.0,0.0,1.0,0.0
287717.0,-0.1800780414673354,-1.6760358970010212,1.392535652276016,0.7555958747045297,1.3732326095565728,-0.483229565480857,0.0,1.0,1.0,0.0
386245.0,-0.7100657370873636,-0.6821165157206401,1.392535652276016,0.0367414484528629,2.797888513157404,0.4025272755227504,0.0,1.0,0.0,1.0
159930.0,-2.194031284823443,-1.853117667246186,1.392535652276016,0.0367414484528629,-0.1328322028214492,-0.483229565480857,0.0,1.0,1.0,0.0
541549.0,0.4559071932766985,0.5511378112003148,0.6989650451656594,-1.4009674040504705,-0.4991722923188056,0.4025272755227504,0.0,1.0,1.0,0.0
483480.0,1.5158825845167552,-0.6279732882793034,-0.688176169055054,0.7555958747045297,1.0883014288364063,1.288284116526358,0.0,1.0,1.0,0.0
431876.0,0.1379145759046816,-0.2529709779283089,1.392535652276016,-0.6821129777988038,-1.1911480169249238,0.4025272755227504,1.0,0.0,1.0,0.0
805093.0,1.197889967144738,2.515980699643243,-0.688176169055054,1.4744503009561964,-0.6212856554845914,0.4025272755227504,0.0,1.0,1.0,0.0
473171.0,0.3499096541526929,0.0793943916563353,-1.3817467761654108,-1.4009674040504705,0.640552430561859,1.288284116526358,0.0,1.0,0.0,1.0
629986.0,2.151867819260789,0.451872331198097,0.6989650451656594,0.0367414484528629,0.7219613393390494,0.4025272755227504,0.0,1.0,1.0,0.0
308833.0,-0.4980706588393523,-1.2779822959134666,0.6989650451656594,0.7555958747045297,-0.8655123818161622,1.288284116526358,1.0,0.0,0.0,1.0
528453.0,0.9858948888967268,0.0222672516914276,0.6989650451656594,-1.4009674040504705,1.0883014288364063,1.288284116526358,0.0,1.0,1.0,0.0
366392.0,-1.0280583544593809,-0.3434511122184827,-0.688176169055054,0.0367414484528629,-0.6212856554845914,0.4025272755227504,0.0,1.0,0.0,1.0
680404.0,1.4098850453927494,1.8772626684492275,-0.688176169055054,0.0367414484528629,-0.2142411115986396,-1.3689864064844643,1.0,0.0,0.0,1.0
587205.0,0.0319170367806759,1.3138243385527577,0.6989650451656594,-0.6821129777988038,0.3556212498416933,-1.3689864064844643,0.0,1.0,1.0,0.0
478163.0,0.8798973497727212,-0.2279731789276432,-1.3817467761654108,1.4744503009561964,0.4370301586188838,0.4025272755227504,0.0,1.0,1.0,0.0
526115.0,-0.1800780414673354,0.5248123984247606,1.392535652276016,-0.6821129777988038,-0.4991722923188056,0.4025272755227504,0.0,1.0,0.0,1.0
433123.0,-2.194031284823443,0.8182676920139001,0.0053944380553026,0.0367414484528629,-0.0107188396556635,0.4025272755227504,1.0,0.0,1.0,0.0
415461.0,-1.452048510955403,0.1820405116143789,-0.688176169055054,0.7555958747045297,0.1928034322873125,0.4025272755227504,0.0,1.0,1.0,0.0
229309.0,0.0319170367806759,-1.7434014824996211,-1.3817467761654108,-0.6821129777988038,1.1290058832250016,0.4025272755227504,1.0,0.0,1.0,0.0
331847.0,-0.0740805023433297,-0.8104059049582917,-0.688176169055054,-0.6821129777988038,-0.6212856554845914,0.4025272755227504,1.0,0.0,0.0,1.0
626984.0,0.5619047324007043,1.1700788568590867,0.0053944380553026,0.0367414484528629,1.2511192463907872,0.4025272755227504,0.0,1.0,1.0,0.0
320676.0,-1.876038667451426,-0.6796002397688827,0.0053944380553026,1.4744503009561964,1.210414792002192,0.4025272755227504,0.0,1.0,1.0,0.0
321705.0,-1.1340558935833862,-0.9700336710125288,0.6989650451656594,1.4744503009561964,-0.5805812010959961,1.288284116526358,1.0,0.0,0.0,1.0
386899.0,-0.8160632762113693,-0.0450588505459326,0.0053944380553026,0.0367414484528629,-0.0107188396556635,-0.483229565480857,1.0,0.0,1.0,0.0
470487.0,0.0319170367806759,0.1818268680584744,-1.3817467761654108,0.0367414484528629,0.8847791568934302,0.4025272755227504,0.0,1.0,1.0,0.0
247478.0,-1.982036206575432,-0.655356649290352,-1.3817467761654108,0.7555958747045297,-1.0690346537591382,-0.483229565480857,1.0,0.0,0.0,1.0
380124.0,-0.8160632762113693,0.0062981022719163,-1.3817467761654108,0.7555958747045297,-0.0107188396556635,-0.483229565480857,1.0,0.0,0.0,1.0
439683.0,-0.1800780414673354,0.0274708042621251,0.6989650451656594,0.0367414484528629,-0.092127748432854,-1.3689864064844643,0.0,1.0,0.0,1.0
525478.0,0.2439121150286872,0.6002965658026541,0.6989650451656594,0.0367414484528629,0.4370301586188838,-1.3689864064844643,0.0,1.0,1.0,0.0
588273.0,1.197889967144738,0.5657077907647724,0.0053944380553026,1.4744503009561964,0.8847791568934302,-0.483229565480857,0.0,1.0,0.0,1.0
364505.0,0.0319170367806759,-0.5362342540555064,0.0053944380553026,-0.6821129777988038,-0.0514232940442587,-0.483229565480857,1.0,0.0,0.0,1.0
587028.0,-1.0280583544593809,1.289351390864232,1.392535652276016,0.7555958747045297,1.047596974447811,1.288284116526358,1.0,0.0,0.0,1.0
400642.0,-1.0280583544593809,-0.0913311073032352,-0.688176169055054,0.0367414484528629,1.047596974447811,0.4025272755227504,0.0,1.0,0.0,1.0
502924.0,0.0319170367806759,0.0143754562875834,1.392535652276016,-0.6821129777988038,1.8616860622197144,1.288284116526358,0.0,1.0,1.0,0.0
448852.0,-0.0740805023433297,0.3654371962569953,-1.3817467761654108,-1.4009674040504705,0.3149167954530981,0.4025272755227504,1.0,0.0,0.0,1.0
366666.0,-1.876038667451426,-0.3051048460882121,1.392535652276016,0.7555958747045297,-1.028330199370543,0.4025272755227504,0.0,1.0,1.0,0.0
260279.0,-1.240053432707392,-1.0599919488225569,-0.688176169055054,-1.4009674040504705,0.3963257042302885,1.288284116526358,1.0,0.0,1.0,0.0
432246.0,0.2439121150286872,-0.3389287725240016,-0.688176169055054,0.7555958747045297,0.1520989778987173,1.288284116526358,1.0,0.0,1.0,0.0
180177.0,-1.1340558935833862,-1.7405440242679473,-1.3817467761654108,0.0367414484528629,0.5998479761732637,0.4025272755227504,1.0,0.0,1.0,0.0
453821.0,0.2439121150286872,0.0161473231354697,-0.688176169055054,0.7555958747045297,-0.6619901098731865,0.4025272755227504,1.0,0.0,1.0,0.0
414646.0,-1.240053432707392,-0.1702522718890128,1.392535652276016,0.7555958747045297,1.1290058832250016,1.288284116526358,1.0,0.0,1.0,0.0
343645.0,-1.0280583544593809,-0.502674008961455,-0.688176169055054,0.0367414484528629,-0.6212856554845914,1.288284116526358,1.0,0.0,0.0,1.0
727776.0,1.9398727410127776,1.4862698788431628,0.6989650451656594,-1.4009674040504705,-1.3132613800907091,1.288284116526358,0.0,1.0,0.0,1.0
183506.0,-2.724018980443472,-0.8493515737485045,-1.3817467761654108,1.4744503009561964,-1.028330199370543,-1.3689864064844643,1.0,0.0,1.0,0.0
580465.0,0.4559071932766985,1.0236585992170386,1.392535652276016,0.7555958747045297,0.5184390673960743,-1.3689864064844643,1.0,0.0,0.0,1.0
485957.0,-0.286075580591341,0.6615621917097985,-0.688176169055054,0.0367414484528629,0.0706900691215268,-1.3689864064844643,0.0,1.0,1.0,0.0
359300.0,1.0918924280207325,-1.2553929919046456,-0.688176169055054,-0.6821129777988038,1.2918237007793825,1.288284116526358,1.0,0.0,1.0,0.0
346258.0,1.3038875062687438,-1.4778292922622842,-1.3817467761654108,1.4744503009561964,1.0883014288364063,-0.483229565480857,0.0,1.0,0.0,1.0
376656.0,-0.3920731197153467,-0.2482198247017172,-0.688176169055054,-0.6821129777988038,-1.3946702888678997,0.4025272755227504,1.0,0.0,0.0,1.0
397509.0,-0.7100657370873636,-0.1163015165878964,0.0053944380553026,-1.4009674040504705,-1.761010378365256,0.4025272755227504,0.0,1.0,1.0,0.0
645783.0,2.151867819260789,0.642957415996247,0.0053944380553026,-0.6821129777988038,-0.092127748432854,1.288284116526358,0.0,1.0,1.0,0.0
408571.0,0.3499096541526929,-0.3436338389880455,-0.688176169055054,-0.6821129777988038,-0.7026945642617818,-0.483229565480857,0.0,1.0,1.0,0.0
168306.0,-1.5580460500794089,-1.7017094894177516,0.0053944380553026,1.4744503009561964,0.2742123410645029,-1.3689864064844643,1.0,0.0,1.0,0.0
309432.0,-0.0740805023433297,-1.2250495560928751,0.6989650451656594,-0.6821129777988038,-0.9469212905933526,-0.483229565480857,0.0,1.0,1.0,0.0
613510.0,1.5158825845167552,1.0074656325989588,1.392535652276016,-1.4009674040504705,-1.5574881064222803,-0.483229565480857,1.0,0.0,0.0,1.0
525047.0,-0.922060815335375,0.8149023898193016,1.392535652276016,1.4744503009561964,-0.7433990186503765,0.4025272755227504,1.0,0.0,1.0,0.0
504518.0,1.4098850453927494,-0.1395497868635696,0.0053944380553026,0.0367414484528629,0.8440747025048351,-0.483229565480857,0.0,1.0,0.0,1.0
212427.0,-0.8160632762113693,-1.8715390487774937,0.0053944380553026,1.4744503009561964,-0.2549455659872344,0.4025272755227504,1.0,0.0,1.0,0.0
481390.0,0.7738998106487155,-0.4699730785359862,1.392535652276016,0.7555958747045297,1.1697103376135969,0.4025272755227504,0.0,1.0,0.0,1.0
413034.0,0.9858948888967268,-0.6553061296402021,-1.3817467761654108,-0.6821129777988038,0.4370301586188838,0.4025272755227504,0.0,1.0,1.0,0.0
300804.0,0.0319170367806759,-1.4617218173494189,0.0053944380553026,1.4744503009561964,0.477734613007479,0.4025272755227504,1.0,0.0,0.0,1.0
271687.0,-0.4980706588393523,-0.9935221486294552,-1.3817467761654108,0.0367414484528629,-1.231852471313519,-0.483229565480857,1.0,0.0,0.0,1.0
327821.0,0.1379145759046816,-1.0286604987492614,-1.3817467761654108,-1.4009674040504705,1.4953459727223584,0.4025272755227504,0.0,1.0,1.0,0.0
521577.0,-0.7100657370873636,0.9739743015041412,-0.688176169055054,0.0367414484528629,-1.0690346537591382,1.288284116526358,1.0,0.0,1.0,0.0
268444.0,0.2439121150286872,-1.3864448466102297,-1.3817467761654108,0.0367414484528629,0.2742123410645029,-0.483229565480857,1.0,0.0,0.0,1.0
304723.0,-0.604068197963358,-0.964043743039559,-0.688176169055054,0.7555958747045297,-0.6212856554845914,0.4025272755227504,1.0,0.0,1.0,0.0
211478.0,-0.4980706588393523,-2.063535574692404,0.0053944380553026,0.7555958747045297,1.9023905166083095,-0.483229565480857,0.0,1.0,1.0,0.0
341598.0,-1.3460509718313975,0.0612493475203535,-1.3817467761654108,-1.4009674040504705,0.7626657937276446,-0.483229565480857,1.0,0.0,0.0,1.0
308428.0,0.6679022715247098,-1.4278536354168343,-1.3817467761654108,0.0367414484528629,-1.1911480169249238,1.288284116526358,1.0,0.0,1.0,0.0
747694.0,2.2578653583847945,1.7529051140644245,0.6989650451656594,-0.6821129777988038,-0.5805812010959961,0.4025272755227504,1.0,0.0,1.0,0.0
143526.0,-0.922060815335375,-2.147444189422588,0.0053944380553026,0.7555958747045297,-3.144961827577492,-0.483229565480857,1.0,0.0,1.0,0.0
609530.0,-0.1800780414673354,1.312249315957107,1.392535652276016,1.4744503009561964,0.3556212498416933,-1.3689864064844643,0.0,1.0,0.0,1.0
431826.0,2.151867819260789,-0.9433847231786398,0.6989650451656594,-0.6821129777988038,0.6812568849504541,-0.483229565480857,1.0,0.0,0.0,1.0
451385.0,0.1379145759046816,-0.5592928855558819,0.6989650451656594,1.4744503009561964,0.477734613007479,1.288284116526358,0.0,1.0,1.0,0.0
339119.0,0.5619047324007043,-0.8734599346331337,-0.688176169055054,-1.4009674040504705,-0.1328322028214492,-1.3689864064844643,0.0,1.0,1.0,0.0
429396.0,-0.4980706588393523,0.1173092568521638,-1.3817467761654108,0.0367414484528629,-0.1735366572100444,1.288284116526358,1.0,0.0,1.0,0.0
377073.0,0.4559071932766985,-0.6446317931701618,0.0053944380553026,0.0367414484528629,-0.8248079274275669,-0.483229565480857,1.0,0.0,1.0,0.0
497536.0,1.0918924280207325,0.1629701043722101,0.0053944380553026,-1.4009674040504705,-0.7026945642617818,0.4025272755227504,1.0,0.0,1.0,0.0
638909.0,0.7738998106487155,1.121848906886697,0.6989650451656594,0.7555958747045297,-1.516783652033685,0.4025272755227504,0.0,1.0,0.0,1.0
408611.0,-0.4980706588393523,-0.6128879440638716,1.392535652276016,0.0367414484528629,-0.0107188396556635,1.288284116526358,0.0,1.0,0.0,1.0
589030.0,0.3499096541526929,0.8914559644908154,0.0053944380553026,0.7555958747045297,1.413937063945168,1.288284116526358,1.0,0.0,1.0,0.0
311853.0,-0.4980706588393523,-1.0045991976169195,-1.3817467761654108,0.7555958747045297,-0.1735366572100444,1.288284116526358,1.0,0.0,0.0,1.0
398279.0,0.9858948888967268,-0.6728451074762637,-1.3817467761654108,-0.6821129777988038,-1.679601469588066,1.288284116526358,1.0,0.0,0.0,1.0
407113.0,1.7278776627647665,-1.0673169498008996,0.0053944380553026,0.0367414484528629,-1.5981925608108756,-0.483229565480857,0.0,1.0,0.0,1.0
312199.0,-2.194031284823443,-0.0751159530088074,-0.688176169055054,-0.6821129777988038,1.6581637902767383,-1.3689864064844643,0.0,1.0,1.0,0.0
538417.0,-1.5580460500794089,1.1376278882256108,0.6989650451656594,1.4744503009561964,-0.092127748432854,1.288284116526358,1.0,0.0,1.0,0.0
281334.0,1.6218801236407607,-2.409807891888576,0.6989650451656594,1.4744503009561964,0.8033702481162398,0.4025272755227504,1.0,0.0,1.0,0.0
494385.0,-0.604068197963358,0.6214399782347153,-0.688176169055054,-1.4009674040504705,-0.4991722923188056,1.288284116526358,0.0,1.0,0.0,1.0
351776.0,-1.0280583544593809,-0.2848290306134079,-1.3817467761654108,0.7555958747045297,-0.2549455659872344,0.4025272755227504,1.0,0.0,1.0,0.0
622678.0,1.833875201888772,0.6159921797989549,-0.688176169055054,1.4744503009561964,0.5591435217846685,1.288284116526358,1.0,0.0,0.0,1.0
184089.0,-3.8899919108075336,-0.6086030601299853,-0.688176169055054,0.0367414484528629,-0.0107188396556635,0.4025272755227504,1.0,0.0,1.0,0.0
365562.0,-1.3460509718313975,0.1358384813024495,-1.3817467761654108,0.0367414484528629,-0.4177633835416152,-1.3689864064844643,0.0,1.0,0.0,1.0
426550.0,0.5619047324007043,-0.5972893652206769,0.0053944380553026,0.0367414484528629,0.3149167954530981,0.4025272755227504,0.0,1.0,1.0,0.0
572858.0,2.0458702801367834,0.1532976504026643,0.0053944380553026,0.7555958747045297,0.3556212498416933,-0.483229565480857,0.0,1.0,0.0,1.0
357050.0,0.5619047324007043,-1.1750903071017766,-0.688176169055054,1.4744503009561964,-1.0690346537591382,1.288284116526358,1.0,0.0,0.0,1.0
282574.0,-2.406026363071454,-0.4952408434343918,-1.3817467761654108,-1.4009674040504705,1.576754881499548,1.288284116526358,0.0,1.0,1.0,0.0
310801.0,-1.6640435892034149,-0.7228911514644191,-1.3817467761654108,0.7555958747045297,0.5184390673960743,1.288284116526358,0.0,1.0,1.0,0.0
274823.0,1.5158825845167552,-1.840168278806292,-0.688176169055054,0.0367414484528629,0.8033702481162398,-1.3689864064844643,1.0,0.0,1.0,0.0
524482.0,1.7278776627647665,0.1898550875909668,-1.3817467761654108,0.0367414484528629,-0.9876257449819478,0.4025272755227504,1.0,0.0,1.0,0.0
531365.0,-0.1800780414673354,1.065827113035065,-1.3817467761654108,0.7555958747045297,0.8440747025048351,-0.483229565480857,1.0,0.0,0.0,1.0
712987.0,-0.7100657370873636,2.6074424817227664,-0.688176169055054,0.7555958747045297,2.146617242939881,-0.483229565480857,0.0,1.0,0.0,1.0
621821.0,1.197889967144738,1.046597716387774,0.6989650451656594,0.7555958747045297,0.1928034322873125,-0.483229565480857,1.0,0.0,0.0,1.0
476881.0,0.7738998106487155,0.0745514168312536,0.0053944380553026,0.7555958747045297,-1.5981925608108756,-0.483229565480857,1.0,0.0,1.0,0.0
532200.0,1.197889967144738,0.752572615919825,-1.3817467761654108,-0.6821129777988038,1.047596974447811,-1.3689864064844643,1.0,0.0,1.0,0.0
507108.0,1.833875201888772,-0.2199373390393991,-1.3817467761654108,-1.4009674040504705,-0.092127748432854,1.288284116526358,0.0,1.0,1.0,0.0
472352.0,-0.0740805023433297,-0.0791302896701247,1.392535652276016,-0.6821129777988038,1.8209816078311192,0.4025272755227504,0.0,1.0,1.0,0.0
417239.0,0.8798973497727212,-0.3479628519629615,0.0053944380553026,-0.6821129777988038,1.780277153442524,-1.3689864064844643,1.0,0.0,0.0,1.0
768806.0,-0.3920731197153467,2.8848542409099878,1.392535652276016,-1.4009674040504705,-1.272556925702114,0.4025272755227504,0.0,1.0,0.0,1.0
414972.0,-0.3920731197153467,0.0771635405805412,-1.3817467761654108,-0.6821129777988038,0.5184390673960743,-0.483229565480857,0.0,1.0,1.0,0.0
98715.0,-0.604068197963358,-2.54993873485284,-0.688176169055054,-1.4009674040504705,1.6174593358881433,-0.483229565480857,1.0,0.0,1.0,0.0
267522.0,1.0918924280207325,-2.2901345773972817,0.0053944380553026,-0.6821129777988038,-0.4584678379302104,1.288284116526358,0.0,1.0,1.0,0.0
541758.0,1.3038875062687438,0.124145781287933,-1.3817467761654108,0.7555958747045297,-0.4177633835416152,1.288284116526358,0.0,1.0,1.0,0.0
207091.0,1.0918924280207325,-2.53175900186811,-1.3817467761654108,-1.4009674040504705,-2.086646013474018,1.288284116526358,0.0,1.0,1.0,0.0
570178.0,0.0319170367806759,1.588571145350705,-0.688176169055054,-0.6821129777988038,-1.7203059239766612,-1.3689864064844643,1.0,0.0,0.0,1.0
433754.0,-1.452048510955403,0.1528201388966618,0.0053944380553026,0.0367414484528629,1.2918237007793825,1.288284116526358,0.0,1.0,1.0,0.0
362056.0,0.3499096541526929,-0.9480463099589672,-0.688176169055054,0.7555958747045297,0.8847791568934302,-0.483229565480857,0.0,1.0,0.0,1.0
307030.0,-2.3000288239474487,-0.2838968059618564,-1.3817467761654108,0.0367414484528629,1.8209816078311192,1.288284116526358,1.0,0.0,0.0,1.0
650544.0,0.3499096541526929,1.6286437136904617,0.0053944380553026,-0.6821129777988038,2.5943662412144275,-0.483229565480857,0.0,1.0,1.0,0.0
618347.0,1.6218801236407607,0.8871267333882346,-0.688176169055054,1.4744503009561964,0.6812568849504541,-1.3689864064844643,0.0,1.0,0.0,1.0
295280.0,-0.1800780414673354,-1.4264922824977857,-0.688176169055054,-0.6821129777988038,-0.0514232940442587,1.288284116526358,0.0,1.0,0.0,1.0
720820.0,0.6679022715247098,1.9114998792187776,1.392535652276016,-0.6821129777988038,-0.4584678379302104,0.4025272755227504,0.0,1.0,1.0,0.0
536978.0,0.3499096541526929,1.2781403512102791,-1.3817467761654108,-1.4009674040504705,-0.6619901098731865,-1.3689864064844643,1.0,0.0,0.0,1.0
700118.0,0.3499096541526929,2.0657991082336573,0.0053944380553026,-0.6821129777988038,0.111394523510122,1.288284116526358,1.0,0.0,1.0,0.0
565105.0,1.197889967144738,0.300869941292098,1.392535652276016,0.7555958747045297,-0.7841034730389718,-0.483229565480857,0.0,1.0,0.0,1.0
556643.0,0.3499096541526929,0.9853323185771146,0.0053944380553026,-0.6821129777988038,0.640552430561859,-1.3689864064844643,0.0,1.0,1.0,0.0
486047.0,0.3499096541526929,-0.3393650727056759,0.6989650451656594,1.4744503009561964,0.5184390673960743,1.288284116526358,0.0,1.0,1.0,0.0
521779.0,-0.4980706588393523,0.8546634224338988,-0.688176169055054,-0.6821129777988038,0.5591435217846685,0.4025272755227504,0.0,1.0,1.0,0.0
345258.0,0.7738998106487155,-0.9323225934853376,-0.688176169055054,-1.4009674040504705,0.5998479761732637,-1.3689864064844643,0.0,1.0,1.0,0.0
471114.0,0.2439121150286872,0.0030726056065422,1.392535652276016,0.7555958747045297,0.3556212498416933,-0.483229565480857,1.0,0.0,1.0,0.0
690399.0,1.0918924280207325,2.005522291615028,-1.3817467761654108,0.0367414484528629,1.3325281551679775,-0.483229565480857,1.0,0.0,1.0,0.0
535480.0,1.3038875062687438,0.5209101755520432,-0.688176169055054,-0.6821129777988038,0.8033702481162398,-0.483229565480857,1.0,0.0,1.0,0.0
391174.0,1.833875201888772,-1.1605234308584147,0.0053944380553026,1.4744503009561964,0.9661880656706208,-1.3689864064844643,1.0,0.0,0.0,1.0
249750.0,-1.1340558935833862,-1.240587111968204,-1.3817467761654108,0.0367414484528629,-1.0690346537591382,0.4025272755227504,0.0,1.0,1.0,0.0
544419.0,-0.286075580591341,0.9196196287374536,1.392535652276016,-1.4009674040504705,-0.0107188396556635,-0.483229565480857,0.0,1.0,0.0,1.0
426452.0,-0.286075580591341,0.1501036303944471,0.0053944380553026,-0.6821129777988038,0.0706900691215268,-0.483229565480857,1.0,0.0,0.0,1.0
333499.0,-0.7100657370873636,-0.812628579523119,-1.3817467761654108,1.4744503009561964,-0.7841034730389718,0.4025272755227504,0.0,1.0,1.0,0.0
356099.0,0.4559071932766985,-0.6318365243932648,-0.688176169055054,-1.4009674040504705,-1.47607919764509,-1.3689864064844643,0.0,1.0,0.0,1.0
480852.0,-0.0740805023433297,0.2878343365768854,-1.3817467761654108,1.4744503009561964,-0.8655123818161622,1.288284116526358,1.0,0.0,0.0,1.0
451859.0,1.197889967144738,-0.1355882857752197,0.0053944380553026,-0.6821129777988038,0.6812568849504541,-1.3689864064844643,1.0,0.0,0.0,1.0
355884.0,1.6218801236407607,-1.5094507731729638,0.6989650451656594,0.7555958747045297,-0.092127748432854,-0.483229565480857,1.0,0.0,1.0,0.0
536661.0,0.7738998106487155,0.3919849571402915,0.6989650451656594,1.4744503009561964,0.2742123410645029,-0.483229565480857,1.0,0.0,0.0,1.0
457511.0,-0.7100657370873636,0.3220015450850683,1.392535652276016,0.0367414484528629,-0.092127748432854,-1.3689864064844643,0.0,1.0,1.0,0.0
382952.0,1.3038875062687438,-1.0225515691427651,1.392535652276016,-1.4009674040504705,-0.0107188396556635,-0.483229565480857,1.0,0.0,0.0,1.0
345989.0,0.4559071932766985,-1.0190766579463588,0.0053944380553026,-1.4009674040504705,2.0652083341626906,0.4025272755227504,1.0,0.0,1.0,0.0
443612.0,-0.0740805023433297,-0.2145228094219854,0.6989650451656594,0.0367414484528629,0.1520989778987173,1.288284116526358,1.0,0.0,1.0,0.0
494135.0,0.1379145759046816,0.3383685824107088,-1.3817467761654108,-0.6821129777988038,-0.8248079274275669,1.288284116526358,0.0,1.0,1.0,0.0
288276.0,-0.8160632762113693,-1.243050148103062,1.392535652276016,0.0367414484528629,-1.3946702888678997,-0.483229565480857,0.0,1.0,1.0,0.0
254975.0,-3.2540066760635,-0.2668885994268917,0.0053944380553026,-0.6821129777988038,0.0706900691215268,0.4025272755227504,1.0,0.0,1.0,0.0
478503.0,0.7738998106487155,-0.2253668152822897,-0.688176169055054,1.4744503009561964,-0.9062168362047572,0.4025272755227504,0.0,1.0,0.0,1.0
409207.0,-0.604068197963358,-0.2612183888157848,-0.688176169055054,1.4744503009561964,-0.9876257449819478,0.4025272755227504,0.0,1.0,0.0,1.0
434964.0,1.4098850453927494,-0.6061363128652116,1.392535652276016,0.0367414484528629,0.1520989778987173,-1.3689864064844643,1.0,0.0,1.0,0.0
517946.0,0.1379145759046816,0.9212071504364672,-0.688176169055054,-1.4009674040504705,-0.4584678379302104,-1.3689864064844643,0.0,1.0,1.0,0.0
222219.0,0.0319170367806759,-1.594821597829121,-1.3817467761654108,-1.4009674040504705,-0.5398767467074009,-1.3689864064844643,0.0,1.0,1.0,0.0
564916.0,-0.604068197963358,0.7078554584867693,1.392535652276016,1.4744503009561964,-0.2549455659872344,1.288284116526358,0.0,1.0,0.0,1.0
409335.0,-1.240053432707392,-0.0079551941356849,1.392535652276016,0.0367414484528629,0.8847791568934302,0.4025272755227504,1.0,0.0,0.0,1.0
612630.0,1.3038875062687438,0.541546582117182,0.0053944380553026,1.4744503009561964,-1.272556925702114,1.288284116526358,0.0,1.0,0.0,1.0
298560.0,-1.6640435892034149,-0.4105793146732173,-0.688176169055054,0.0367414484528629,0.640552430561859,-0.483229565480857,1.0,0.0,0.0,1.0
518260.0,-0.4980706588393523,0.9670888684991223,0.6989650451656594,-0.6821129777988038,0.2742123410645029,-0.483229565480857,1.0,0.0,1.0,0.0
234585.0,-0.4980706588393523,-1.779057790508442,0.0053944380553026,0.7555958747045297,0.9254836112820256,0.4025272755227504,1.0,0.0,0.0,1.0
540049.0,-0.3920731197153467,0.7018652383090794,-0.688176169055054,0.7555958747045297,0.640552430561859,1.288284116526358,0.0,1.0,0.0,1.0
197802.0,-1.6640435892034149,-1.7035349156095143,0.0053944380553026,1.4744503009561964,0.1928034322873125,-0.483229565480857,0.0,1.0,1.0,0.0
593861.0,1.197889967144738,0.7342752041515046,1.392535652276016,0.7555958747045297,-0.6619901098731865,-0.483229565480857,1.0,0.0,0.0,1.0
506713.0,-0.922060815335375,0.988650259196322,0.0053944380553026,0.7555958747045297,0.5591435217846685,-0.483229565480857,1.0,0.0,1.0,0.0
323228.0,-1.6640435892034149,-0.0151987852288931,0.0053944380553026,-0.6821129777988038,-1.231852471313519,-1.3689864064844643,1.0,0.0,1.0,0.0
315299.0,-0.604068197963358,-1.2778321190261848,0.6989650451656594,0.7555958747045297,0.8847791568934302,0.4025272755227504,0.0,1.0,1.0,0.0
344743.0,0.6679022715247098,-1.525964655709961,1.392535652276016,-1.4009674040504705,-0.5805812010959961,1.288284116526358,0.0,1.0,1.0,0.0
529615.0,2.3638628975088003,-0.2795369482235927,-0.688176169055054,1.4744503009561964,-1.679601469588066,-0.483229565480857,0.0,1.0,0.0,1.0
689548.0,1.6218801236407607,1.331254542276777,1.392535652276016,0.0367414484528629,-0.2142411115986396,0.4025272755227504,1.0,0.0,0.0,1.0
407913.0,-1.6640435892034149,0.2004526825019039,0.0053944380553026,-0.6821129777988038,1.6581637902767383,0.4025272755227504,0.0,1.0,1.0,0.0
381113.0,0.6679022715247098,-0.798599773848795,-0.688176169055054,-1.4009674040504705,-0.4991722923188056,0.4025272755227504,0.0,1.0,0.0,1.0
314513.0,-1.5580460500794089,-0.4441987643885675,0.0053944380553026,0.0367414484528629,0.5591435217846685,-1.3689864064844643,0.0,1.0,1.0,0.0
507415.0,0.3499096541526929,-0.0346023289403943,0.6989650451656594,0.7555958747045297,-0.8655123818161622,1.288284116526358,0.0,1.0,1.0,0.0
618064.0,0.3499096541526929,1.3762620879126224,0.0053944380553026,0.7555958747045297,1.413937063945168,-1.3689864064844643,0.0,1.0,0.0,1.0
493310.0,-0.4980706588393523,0.7472771476918173,-0.688176169055054,-0.6821129777988038,0.1520989778987173,-0.483229565480857,0.0,1.0,1.0,0.0
234815.0,-0.8160632762113693,-1.6181855093148445,-1.3817467761654108,-0.6821129777988038,0.1928034322873125,1.288284116526358,0.0,1.0,0.0,1.0
241848.0,-1.7700411283274202,-1.3751947774073323,0.0053944380553026,0.7555958747045297,1.5360504271109536,0.4025272755227504,0.0,1.0,0.0,1.0
630189.0,-1.240053432707392,1.8878957037248325,0.0053944380553026,1.4744503009561964,0.7626657937276446,1.288284116526358,1.0,0.0,1.0,0.0
357094.0,-1.0280583544593809,-0.2846667832101766,-1.3817467761654108,0.0367414484528629,1.8616860622197144,-0.483229565480857,0.0,1.0,0.0,1.0
174973.0,-1.3460509718313975,-1.2964618935237409,-1.3817467761654108,-1.4009674040504705,0.6812568849504541,-1.3689864064844643,1.0,0.0,1.0,0.0
314838.0,-2.406026363071454,-0.1093171441631612,-0.688176169055054,-0.6821129777988038,-0.6619901098731865,1.288284116526358,1.0,0.0,1.0,0.0
386031.0,0.2439121150286872,-0.4135279100725181,-1.3817467761654108,-1.4009674040504705,-1.3132613800907091,1.288284116526358,1.0,0.0,0.0,1.0
367320.0,-0.8160632762113693,-0.2673834323444255,0.6989650451656594,0.7555958747045297,0.7219613393390494,-1.3689864064844643,1.0,0.0,1.0,0.0
514142.0,0.1379145759046816,0.6681590525103768,-0.688176169055054,0.0367414484528629,-0.6212856554845914,0.4025272755227504,1.0,0.0,1.0,0.0
425071.0,0.9858948888967268,-0.8151202278393597,-1.3817467761654108,0.7555958747045297,0.3963257042302885,1.288284116526358,0.0,1.0,0.0,1.0
540883.0,0.1379145759046816,1.3199044195594822,-0.688176169055054,-1.4009674040504705,-0.8655123818161622,-1.3689864064844643,1.0,0.0,0.0,1.0
354423.0,-0.7100657370873636,-0.2117308396657458,0.0053944380553026,-1.4009674040504705,-1.0690346537591382,-0.483229565480857,1.0,0.0,0.0,1.0
175270.0,-3.783994371683528,-0.5697424827264262,-0.688176169055054,-1.4009674040504705,-0.8655123818161622,0.4025272755227504,1.0,0.0,1.0,0.0
597100.0,0.6679022715247098,0.9521976883184466,0.6989650451656594,0.0367414484528629,1.0883014288364063,0.4025272755227504,1.0,0.0,0.0,1.0
443937.0,-1.1340558935833862,0.5739052165645423,-0.688176169055054,0.0367414484528629,-0.5398767467074009,0.4025272755227504,1.0,0.0,0.0,1.0
248279.0,-1.3460509718313975,-0.8486971419453593,-1.3817467761654108,0.7555958747045297,0.9254836112820256,-1.3689864064844643,1.0,0.0,0.0,1.0
495545.0,0.4559071932766985,0.0746758057141842,1.392535652276016,1.4744503009561964,0.0706900691215268,-0.483229565480857,1.0,0.0,0.0,1.0
343874.0,-1.0280583544593809,-0.2911269747106804,-1.3817467761654108,0.7555958747045297,1.8616860622197144,-0.483229565480857,1.0,0.0,1.0,0.0
549169.0,-1.1340558935833862,1.2924165893876682,0.0053944380553026,0.0367414484528629,-0.4991722923188056,1.288284116526358,1.0,0.0,1.0,0.0
530505.0,0.1379145759046816,0.5884194726376419,1.392535652276016,-0.6821129777988038,-1.231852471313519,-0.483229565480857,0.0,1.0,1.0,0.0
384270.0,0.0319170367806759,-0.7796937213033078,0.6989650451656594,1.4744503009561964,-0.2142411115986396,0.4025272755227504,1.0,0.0,1.0,0.0
234311.0,-0.604068197963358,-1.4517874282319034,-0.688176169055054,0.7555958747045297,-0.9062168362047572,-0.483229565480857,1.0,0.0,0.0,1.0
484892.0,-0.7100657370873636,1.122597860014496,-0.688176169055054,-0.6821129777988038,-1.272556925702114,-1.3689864064844643,1.0,0.0,0.0,1.0
584031.0,1.0918924280207325,0.5370711895082286,1.392535652276016,0.0367414484528629,0.5998479761732637,-0.483229565480857,0.0,1.0,1.0,0.0
445479.0,0.6679022715247098,-0.2646122734470863,0.6989650451656594,-0.6821129777988038,1.4953459727223584,-1.3689864064844643,0.0,1.0,1.0,0.0
324276.0,-0.3920731197153467,-0.4790694835786341,-1.3817467761654108,-1.4009674040504705,0.1928034322873125,-0.483229565480857,1.0,0.0,0.0,1.0
337381.0,0.1379145759046816,-1.025879999309988,-1.3817467761654108,1.4744503009561964,1.2918237007793825,0.4025272755227504,1.0,0.0,0.0,1.0
608012.0,-0.4980706588393523,1.94866300660832,0.6989650451656594,-0.6821129777988038,-0.9876257449819478,-1.3689864064844643,1.0,0.0,0.0,1.0
554980.0,0.5619047324007043,0.5864053273688333,0.0053944380553026,0.7555958747045297,-1.3132613800907091,1.288284116526358,1.0,0.0,0.0,1.0
522252.0,1.197889967144738,-0.2164066658847019,0.0053944380553026,0.7555958747045297,0.5184390673960743,1.288284116526358,0.0,1.0,1.0,0.0
389947.0,0.1379145759046816,-0.4510732886979653,0.0053944380553026,0.0367414484528629,0.8847791568934302,-0.483229565480857,1.0,0.0,1.0,0.0
703081.0,-0.0740805023433297,2.0443881733514075,0.6989650451656594,1.4744503009561964,0.8847791568934302,-0.483229565480857,0.0,1.0,0.0,1.0
500671.0,0.5619047324007043,0.1193278876495039,0.0053944380553026,0.0367414484528629,0.111394523510122,1.288284116526358,1.0,0.0,0.0,1.0
445807.0,-0.8160632762113693,0.7046271363071122,-1.3817467761654108,1.4744503009561964,-1.272556925702114,-1.3689864064844643,1.0,0.0,1.0,0.0
212858.0,-1.0280583544593809,-1.456302185558178,0.0053944380553026,-1.4009674040504705,-1.8424192871424463,0.4025272755227504,1.0,0.0,1.0,0.0
440792.0,-1.1340558935833862,0.3904695524760124,-0.688176169055054,-0.6821129777988038,0.7626657937276446,0.4025272755227504,0.0,1.0,0.0,1.0
492859.0,-0.8160632762113693,0.8100709004504638,0.0053944380553026,0.7555958747045297,0.8440747025048351,-0.483229565480857,1.0,0.0,0.0,1.0
394836.0,0.2439121150286872,-0.5624224053193759,-1.3817467761654108,1.4744503009561964,0.1520989778987173,-0.483229565480857,0.0,1.0,0.0,1.0
270414.0,-0.4980706588393523,-1.221171575897217,1.392535652276016,-0.6821129777988038,0.5591435217846685,-1.3689864064844643,1.0,0.0,0.0,1.0
497214.0,1.197889967144738,-0.3360776785095218,0.0053944380553026,1.4744503009561964,-0.6212856554845914,0.4025272755227504,0.0,1.0,1.0,0.0
391866.0,0.4559071932766985,-0.7922920263150028,-0.688176169055054,0.0367414484528629,2.228026151717071,1.288284116526358,1.0,0.0,0.0,1.0
547322.0,1.197889967144738,0.3203098119818257,-0.688176169055054,0.0367414484528629,-0.092127748432854,0.4025272755227504,0.0,1.0,1.0,0.0
373135.0,0.2439121150286872,-0.3672896270793878,-0.688176169055054,0.0367414484528629,-0.7841034730389718,-1.3689864064844643,1.0,0.0,0.0,1.0
326747.0,0.9858948888967268,-1.495424012537815,0.0053944380553026,-1.4009674040504705,0.3963257042302885,1.288284116526358,1.0,0.0,0.0,1.0
376473.0,-0.7100657370873636,0.1942570618227462,-0.688176169055054,-1.4009674040504705,-0.5805812010959961,-1.3689864064844643,1.0,0.0,1.0,0.0
172572.0,-0.8160632762113693,-1.8854895741107445,-1.3817467761654108,-0.6821129777988038,0.8847791568934302,0.4025272755227504,1.0,0.0,1.0,0.0
280918.0,0.2439121150286872,-1.6607722540908805,0.6989650451656594,1.4744503009561964,-0.2549455659872344,-0.483229565480857,1.0,0.0,0.0,1.0
612198.0,1.3038875062687438,0.9005890126069256,-1.3817467761654108,0.7555958747045297,0.640552430561859,1.288284116526358,1.0,0.0,1.0,0.0
182049.0,-0.8160632762113693,-1.996504643922186,1.392535652276016,0.7555958747045297,0.0299856147329316,-1.3689864064844643,1.0,0.0,1.0,0.0
610302.0,-0.286075580591341,1.9081974299073303,-0.688176169055054,0.7555958747045297,-0.4991722923188056,-1.3689864064844643,1.0,0.0,1.0,0.0
262677.0,-0.1800780414673354,-1.5018860619740173,-0.688176169055054,1.4744503009561964,0.8440747025048351,-0.483229565480857,1.0,0.0,1.0,0.0
288710.0,2.151867819260789,-2.225644675442952,-0.688176169055054,0.0367414484528629,-0.0514232940442587,0.4025272755227504,1.0,0.0,1.0,0.0
545052.0,0.9858948888967268,0.3322408692840424,0.0053944380553026,0.0367414484528629,-1.0690346537591382,0.4025272755227504,0.0,1.0,0.0,1.0
211527.0,0.6679022715247098,-2.0617442346117287,-1.3817467761654108,0.7555958747045297,1.8616860622197144,-1.3689864064844643,1.0,0.0,0.0,1.0
430952.0,-0.7100657370873636,-0.4694159928526541,1.392535652276016,1.4744503009561964,0.3556212498416933,1.288284116526358,0.0,1.0,1.0,0.0
474046.0,-0.3920731197153467,0.0850068609626095,0.6989650451656594,-0.6821129777988038,0.0299856147329316,1.288284116526358,0.0,1.0,0.0,1.0
650146.0,-0.0740805023433297,1.3482808621973803,1.392535652276016,1.4744503009561964,2.146617242939881,1.288284116526358,1.0,0.0,1.0,0.0
398718.0,-0.8160632762113693,-0.2673986706463993,0.6989650451656594,-0.6821129777988038,-0.2549455659872344,0.4025272755227504,0.0,1.0,0.0,1.0
534746.0,0.9858948888967268,0.3097612779407323,1.392535652276016,-1.4009674040504705,0.8847791568934302,0.4025272755227504,1.0,0.0,1.0,0.0
350331.0,-0.922060815335375,-0.0824600492117105,-0.688176169055054,-1.4009674040504705,-0.6619901098731865,-0.483229565480857,1.0,0.0,1.0,0.0
622293.0,0.1379145759046816,1.4272125931626882,0.0053944380553026,0.7555958747045297,-0.3363544747644248,-0.483229565480857,0.0,1.0,1.0,0.0
605268.0,2.469860436632806,0.3000850916767799,-1.3817467761654108,-0.6821129777988038,0.640552430561859,1.288284116526358,0.0,1.0,1.0,0.0
451438.0,-1.452048510955403,0.6362690496881477,0.6989650451656594,0.7555958747045297,-1.0690346537591382,-1.3689864064844643,0.0,1.0,0.0,1.0
640911.0,2.575857975756812,0.5893774547573698,0.0053944380553026,-1.4009674040504705,0.8847791568934302,0.4025272755227504,0.0,1.0,1.0,0.0
221119.0,-1.5580460500794089,-1.450818319766129,1.392535652276016,-0.6821129777988038,2.2687306061056667,-1.3689864064844643,0.0,1.0,0.0,1.0
690765.0,1.3038875062687438,1.4094594161370255,0.0053944380553026,1.4744503009561964,-2.249463831028398,0.4025272755227504,0.0,1.0,1.0,0.0
618195.0,0.5619047324007043,1.1217248351410802,0.6989650451656594,1.4744503009561964,-1.028330199370543,0.4025272755227504,1.0,0.0,0.0,1.0
264401.0,-0.286075580591341,-1.5931846347429837,0.6989650451656594,1.4744503009561964,-1.3539658344793042,-1.3689864064844643,0.0,1.0,1.0,0.0
533061.0,1.3038875062687438,-0.1427493147057405,1.392535652276016,0.7555958747045297,-0.1328322028214492,1.288284116526358,1.0,0.0,0.0,1.0
728104.0,1.9398727410127776,1.411610178709736,1.392535652276016,0.7555958747045297,0.3556212498416933,-0.483229565480857,0.0,1.0,1.0,0.0
432705.0,1.6218801236407607,-1.1001321286435546,-0.688176169055054,0.7555958747045297,0.2335078866759077,1.288284116526358,0.0,1.0,1.0,0.0
444426.0,2.575857975756812,-1.0918679323888705,-0.688176169055054,0.7555958747045297,-0.9062168362047572,-0.483229565480857,0.0,1.0,1.0,0.0
267139.0,-0.7100657370873636,-1.3604676682839798,-0.688176169055054,-1.4009674040504705,-0.8655123818161622,1.288284116526358,0.0,1.0,0.0,1.0
383953.0,-0.922060815335375,-0.2890653743136552,-1.3817467761654108,0.0367414484528629,-0.2142411115986396,1.288284116526358,0.0,1.0,1.0,0.0
476661.0,0.8798973497727212,-0.021177900978662,0.0053944380553026,0.7555958747045297,-1.47607919764509,-1.3689864064844643,0.0,1.0,0.0,1.0
500771.0,-0.604068197963358,1.200916072833139,-1.3817467761654108,-1.4009674040504705,-0.0107188396556635,-0.483229565480857,1.0,0.0,0.0,1.0
322444.0,-0.286075580591341,-0.7785840099102247,0.6989650451656594,-0.6821129777988038,1.2918237007793825,-1.3689864064844643,1.0,0.0,1.0,0.0
287215.0,-0.922060815335375,-0.8169760303648993,1.392535652276016,-1.4009674040504705,0.3556212498416933,-1.3689864064844643,1.0,0.0,0.0,1.0
368122.0,-0.8160632762113693,-0.4225797749793186,-0.688176169055054,0.7555958747045297,-1.1504435625363287,1.288284116526358,1.0,0.0,1.0,0.0
755101.0,1.4098850453927494,2.4460643093198886,-1.3817467761654108,0.7555958747045297,-0.5398767467074009,-0.483229565480857,1.0,0.0,0.0,1.0
574973.0,0.4559071932766985,0.7976391413596797,-0.688176169055054,1.4744503009561964,-1.5981925608108756,0.4025272755227504,0.0,1.0,0.0,1.0
602832.0,0.4559071932766985,1.3158570919688972,-0.688176169055054,1.4744503009561964,-0.2142411115986396,-0.483229565480857,1.0,0.0,0.0,1.0
300446.0,-0.4980706588393523,-0.8445089801763452,-1.3817467761654108,0.7555958747045297,0.0299856147329316,-0.483229565480857,1.0,0.0,0.0,1.0
496085.0,-1.3460509718313975,1.1593242104191142,-1.3817467761654108,-0.6821129777988038,-0.7026945642617818,1.288284116526358,1.0,0.0,1.0,0.0
579457.0,1.9398727410127776,0.4345675942024917,-1.3817467761654108,1.4744503009561964,-0.2549455659872344,0.4025272755227504,1.0,0.0,0.0,1.0
583667.0,0.9858948888967268,0.5167510481037337,0.6989650451656594,0.7555958747045297,0.4370301586188838,1.288284116526358,1.0,0.0,0.0,1.0
299409.0,-1.452048510955403,-0.5608755047377484,0.6989650451656594,-1.4009674040504705,-0.0107188396556635,-1.3689864064844643,0.0,1.0,0.0,1.0
482088.0,-0.4980706588393523,0.4438153919417639,0.0053944380553026,0.0367414484528629,1.5360504271109536,-0.483229565480857,0.0,1.0,0.0,1.0
497739.0,0.9858948888967268,0.4868948633920212,0.0053944380553026,-1.4009674040504705,-0.9469212905933526,-1.3689864064844643,1.0,0.0,1.0,0.0
485472.0,0.1379145759046816,0.4652094320669566,-1.3817467761654108,-1.4009674040504705,-0.9062168362047572,0.4025272755227504,0.0,1.0,0.0,1.0
454057.0,1.6218801236407607,-0.3904186696965674,-0.688176169055054,0.0367414484528629,-1.1911480169249238,-1.3689864064844643,0.0,1.0,1.0,0.0
460355.0,1.7278776627647665,-0.6851756115262928,0.0053944380553026,0.7555958747045297,-0.7433990186503765,-0.483229565480857,0.0,1.0,0.0,1.0
639972.0,0.4559071932766985,1.8096808384694063,0.0053944380553026,0.7555958747045297,-1.679601469588066,-1.3689864064844643,1.0,0.0,1.0,0.0
437276.0,-1.0280583544593809,0.0166372478083277,0.6989650451656594,0.7555958747045297,1.6174593358881433,1.288284116526358,1.0,0.0,1.0,0.0
577723.0,1.4098850453927494,0.542829944781197,1.392535652276016,1.4744503009561964,0.0706900691215268,-1.3689864064844643,1.0,0.0,1.0,0.0
592674.0,-2.088033745699437,2.2228647578314127,1.392535652276016,-1.4009674040504705,0.8033702481162398,-1.3689864064844643,0.0,1.0,0.0,1.0
276959.0,-0.8160632762113693,-1.2234656492432137,-0.688176169055054,-1.4009674040504705,-0.9876257449819478,1.288284116526358,0.0,1.0,0.0,1.0
521676.0,0.6679022715247098,0.4087246690059737,1.392535652276016,-0.6821129777988038,-0.9062168362047572,-1.3689864064844643,0.0,1.0,1.0,0.0
655999.0,0.2439121150286872,1.443415291725766,0.6989650451656594,1.4744503009561964,-0.4991722923188056,1.288284116526358,1.0,0.0,1.0,0.0
387660.0,0.6679022715247098,-0.7838187241311566,-0.688176169055054,-0.6821129777988038,0.1520989778987173,1.288284116526358,1.0,0.0,1.0,0.0
345840.0,2.0458702801367834,-1.8485390415412155,-0.688176169055054,0.0367414484528629,1.3325281551679775,1.288284116526358,1.0,0.0,1.0,0.0
668703.0,1.3038875062687438,1.4519724906572609,-0.688176169055054,-1.4009674040504705,1.3325281551679775,0.4025272755227504,0.0,1.0,1.0,0.0
316110.0,-0.3920731197153467,-1.010814124027662,1.392535652276016,1.4744503009561964,-0.8655123818161622,-1.3689864064844643,1.0,0.0,0.0,1.0
568840.0,-0.3920731197153467,1.2432557322769802,1.392535652276016,-1.4009674040504705,-0.4584678379302104,0.4025272755227504,1.0,0.0,0.0,1.0
343360.0,0.4559071932766985,-1.105473040073075,-0.688176169055054,0.7555958747045297,-0.7841034730389718,-0.483229565480857,0.0,1.0,0.0,1.0
327961.0,-0.286075580591341,-0.914803616303014,0.6989650451656594,0.0367414484528629,0.8033702481162398,-0.483229565480857,1.0,0.0,1.0,0.0
394148.0,0.3499096541526929,-0.7094583671675706,0.0053944380553026,0.7555958747045297,-0.3363544747644248,-0.483229565480857,0.0,1.0,1.0,0.0
416324.0,1.6218801236407607,-1.0770861715209286,-0.688176169055054,0.7555958747045297,0.5184390673960743,1.288284116526358,1.0,0.0,1.0,0.0
276051.0,0.0319170367806759,-1.5061575932352491,0.6989650451656594,-1.4009674040504705,-0.8248079274275669,-0.483229565480857,0.0,1.0,0.0,1.0
510576.0,0.7738998106487155,-0.0318157736467867,1.392535652276016,-1.4009674040504705,1.943094970996905,0.4025272755227504,0.0,1.0,1.0,0.0
479930.0,-0.1800780414673354,0.1566370708434467,1.392535652276016,-0.6821129777988038,-0.5398767467074009,1.288284116526358,1.0,0.0,0.0,1.0
456479.0,0.2439121150286872,-0.0726091522775118,0.6989650451656594,-1.4009674040504705,2.0652083341626906,-0.483229565480857,0.0,1.0,1.0,0.0
496304.0,0.3499096541526929,0.2743864991569982,-0.688176169055054,0.0367414484528629,-0.3363544747644248,1.288284116526358,1.0,0.0,0.0,1.0
418264.0,-0.1800780414673354,0.0959302978329879,-0.688176169055054,0.7555958747045297,0.8440747025048351,-1.3689864064844643,1.0,0.0,0.0,1.0
567341.0,0.6679022715247098,0.735439308268046,0.0053944380553026,0.0367414484528629,0.9254836112820256,-0.483229565480857,0.0,1.0,1.0,0.0
363462.0,0.0319170367806759,-0.905374456887309,1.392535652276016,-1.4009674040504705,-0.7026945642617818,1.288284116526358,1.0,0.0,1.0,0.0
568981.0,0.7738998106487155,0.7115705052175962,-0.688176169055054,-1.4009674040504705,-0.6212856554845914,1.288284116526358,0.0,1.0,0.0,1.0
408331.0,-0.4980706588393523,-0.2663902100522016,0.0053944380553026,-1.4009674040504705,-1.0690346537591382,1.288284116526358,0.0,1.0,1.0,0.0
652386.0,-0.1800780414673354,1.7295112417617944,0.0053944380553026,0.0367414484528629,0.7219613393390494,0.4025272755227504,0.0,1.0,1.0,0.0
506414.0,-1.0280583544593809,0.813260625564503,0.6989650451656594,1.4744503009561964,2.3908439692714523,-0.483229565480857,1.0,0.0,0.0,1.0
540092.0,-0.8160632762113693,1.1472696789942067,-0.688176169055054,0.0367414484528629,0.0706900691215268,1.288284116526358,1.0,0.0,0.0,1.0
551965.0,0.7738998106487155,0.3624174904817523,1.392535652276016,-0.6821129777988038,-0.7841034730389718,0.4025272755227504,0.0,1.0,1.0,0.0
379266.0,-1.0280583544593809,-0.4145628042253262,1.392535652276016,1.4744503009561964,-1.761010378365256,0.4025272755227504,1.0,0.0,1.0,0.0
459275.0,0.1379145759046816,0.1000712413291928,0.6989650451656594,1.4744503009561964,0.3149167954530981,-1.3689864064844643,1.0,0.0,1.0,0.0
380722.0,-0.3920731197153467,-0.5028844391584608,0.6989650451656594,0.7555958747045297,-2.086646013474018,0.4025272755227504,1.0,0.0,0.0,1.0
271313.0,-1.0280583544593809,-1.4001778189855787,0.0053944380553026,1.4744503009561964,0.111394523510122,1.288284116526358,1.0,0.0,1.0,0.0
464243.0,2.0458702801367834,-0.5170491681909595,0.0053944380553026,-0.6821129777988038,-0.7026945642617818,-1.3689864064844643,0.0,1.0,1.0,0.0
232340.0,-0.7100657370873636,-1.3954495744385322,-1.3817467761654108,1.4744503009561964,-1.1097391081477337,-0.483229565480857,1.0,0.0,1.0,0.0
384786.0,-0.8160632762113693,-0.6786085337905032,1.392535652276016,0.0367414484528629,-0.4177633835416152,1.288284116526358,0.0,1.0,1.0,0.0
596614.0,-0.7100657370873636,1.325567226296563,1.392535652276016,0.7555958747045297,-1.516783652033685,1.288284116526358,1.0,0.0,0.0,1.0
629304.0,1.833875201888772,1.1859623827899437,0.0053944380553026,-1.4009674040504705,-1.3132613800907091,-0.483229565480857,1.0,0.0,0.0,1.0
388999.0,0.0319170367806759,-0.5914691169010012,0.0053944380553026,0.0367414484528629,0.8033702481162398,-0.483229565480857,0.0,1.0,0.0,1.0
55663.0,-1.1340558935833862,-3.2520233542227026,1.392535652276016,-1.4009674040504705,0.3149167954530981,0.4025272755227504,0.0,1.0,0.0,1.0
316653.0,0.9858948888967268,-1.3222085704089452,0.0053944380553026,-0.6821129777988038,-1.47607919764509,-0.483229565480857,1.0,0.0,0.0,1.0
453647.0,0.6679022715247098,-0.2496445030687824,0.0053944380553026,0.7555958747045297,-2.168054922251208,-0.483229565480857,0.0,1.0,1.0,0.0
435314.0,-0.1800780414673354,0.350295911909048,-1.3817467761654108,-0.6821129777988038,-0.8655123818161622,-1.3689864064844643,0.0,1.0,1.0,0.0
602136.0,0.6679022715247098,0.9973787030708698,0.6989650451656594,-0.6821129777988038,-0.9469212905933526,1.288284116526358,1.0,0.0,0.0,1.0
125922.0,-2.088033745699437,-2.083325212466397,-0.688176169055054,-1.4009674040504705,0.3149167954530981,1.288284116526358,0.0,1.0,0.0,1.0
502815.0,-0.3920731197153467,0.43867463661944,0.6989650451656594,0.0367414484528629,-0.8248079274275669,0.4025272755227504,0.0,1.0,1.0,0.0
392986.0,0.5619047324007043,-0.5014115061438946,-0.688176169055054,0.0367414484528629,0.5184390673960743,-0.483229565480857,1.0,0.0,0.0,1.0
327441.0,0.5619047324007043,-1.4909931570183417,0.6989650451656594,0.0367414484528629,-0.9062168362047572,1.288284116526358,1.0,0.0,0.0,1.0
605718.0,0.3499096541526929,1.428776483056123,-1.3817467761654108,1.4744503009561964,-0.1328322028214492,-1.3689864064844643,0.0,1.0,0.0,1.0
342344.0,-1.7700411283274202,-0.3192055931063176,1.392535652276016,0.0367414484528629,1.6174593358881433,-1.3689864064844643,0.0,1.0,0.0,1.0
551553.0,-0.286075580591341,0.7853416949462624,0.6989650451656594,0.0367414484528629,0.5591435217846685,0.4025272755227504,0.0,1.0,1.0,0.0
468589.0,-1.0280583544593809,0.0575787411634187,0.6989650451656594,1.4744503009561964,1.413937063945168,1.288284116526358,0.0,1.0,0.0,1.0
589208.0,1.9398727410127776,-0.0288368856169041,0.6989650451656594,0.7555958747045297,0.8033702481162398,1.288284116526358,0.0,1.0,1.0,0.0
389523.0,0.0319170367806759,-0.9277031303387162,1.392535652276016,0.7555958747045297,-0.4177633835416152,0.4025272755227504,0.0,1.0,1.0,0.0
242209.0,-0.3920731197153467,-1.5760694789842562,0.6989650451656594,0.7555958747045297,0.9254836112820256,-1.3689864064844643,1.0,0.0,1.0,0.0
222412.0,-1.3460509718313975,-1.2853445993360375,-0.688176169055054,-1.4009674040504705,1.0068925200592158,-0.483229565480857,0.0,1.0,1.0,0.0
439916.0,-0.4980706588393523,0.2507171867931636,0.6989650451656594,-0.6821129777988038,0.6812568849504541,-0.483229565480857,1.0,0.0,0.0,1.0
467312.0,-0.604068197963358,0.3682194661329347,1.392535652276016,-1.4009674040504705,1.1697103376135969,0.4025272755227504,1.0,0.0,0.0,1.0
563674.0,0.5619047324007043,1.0448262026865924,0.0053944380553026,-1.4009674040504705,0.0706900691215268,-1.3689864064844643,0.0,1.0,0.0,1.0
329337.0,-0.604068197963358,-0.4408402947024172,-1.3817467761654108,1.4744503009561964,-0.9469212905933526,-1.3689864064844643,1.0,0.0,1.0,0.0
217852.0,-1.1340558935833862,-1.256273570363735,-1.3817467761654108,-0.6821129777988038,0.9254836112820256,-1.3689864064844643,0.0,1.0,1.0,0.0
272977.0,-0.4980706588393523,-1.5346371690565903,1.392535652276016,0.0367414484528629,0.5591435217846685,0.4025272755227504,1.0,0.0,1.0,0.0
388932.0,-0.3920731197153467,-0.470046450402959,0.0053944380553026,0.0367414484528629,-0.1735366572100444,1.288284116526358,1.0,0.0,0.0,1.0
439961.0,-0.604068197963358,-0.1795341736643569,0.6989650451656594,1.4744503009561964,-0.5398767467074009,0.4025272755227504,0.0,1.0,1.0,0.0
303955.0,0.1379145759046816,-0.8278281439078762,-1.3817467761654108,-1.4009674040504705,-1.5574881064222803,-0.483229565480857,1.0,0.0,0.0,1.0
614875.0,-0.7100657370873636,1.7567745454717802,-0.688176169055054,1.4744503009561964,-0.7841034730389718,-0.483229565480857,0.0,1.0,0.0,1.0
322612.0,-0.3920731197153467,-0.7362506893178586,-0.688176169055054,-1.4009674040504705,-0.6212856554845914,-0.483229565480857,0.0,1.0,1.0,0.0
469622.0,0.6679022715247098,-0.0847806030268699,1.392535652276016,0.0367414484528629,-0.7841034730389718,-0.483229565480857,1.0,0.0,1.0,0.0
528769.0,-0.8160632762113693,0.7478071214149359,1.392535652276016,0.0367414484528629,-0.4177633835416152,0.4025272755227504,0.0,1.0,1.0,0.0
607126.0,-0.0740805023433297,1.1291829282120138,1.392535652276016,0.0367414484528629,1.1697103376135969,1.288284116526358,1.0,0.0,0.0,1.0
237658.0,-0.3920731197153467,-1.684639126892558,0.0053944380553026,-1.4009674040504705,-0.4177633835416152,1.288284116526358,1.0,0.0,1.0,0.0
501167.0,1.6218801236407607,0.1547256702400308,-1.3817467761654108,0.7555958747045297,1.210414792002192,-1.3689864064844643,1.0,0.0,0.0,1.0
389546.0,0.7738998106487155,-0.5757963793552164,-1.3817467761654108,-1.4009674040504705,0.477734613007479,-0.483229565480857,0.0,1.0,1.0,0.0
277315.0,-0.0740805023433297,-1.7594977717703513,0.6989650451656594,1.4744503009561964,0.3963257042302885,-0.483229565480857,0.0,1.0,0.0,1.0
570756.0,-0.7100657370873636,1.0863890208645388,1.392535652276016,-1.4009674040504705,-0.6212856554845914,1.288284116526358,0.0,1.0,0.0,1.0
340057.0,-0.286075580591341,-0.9749494163398632,0.0053944380553026,0.0367414484528629,0.477734613007479,1.288284116526358,1.0,0.0,1.0,0.0
456620.0,0.1379145759046816,0.0017763088578856,0.0053944380553026,1.4744503009561964,1.210414792002192,-0.483229565480857,1.0,0.0,0.0,1.0
394925.0,-0.0740805023433297,-0.1170546795155631,-0.688176169055054,-1.4009674040504705,0.2742123410645029,-1.3689864064844643,0.0,1.0,1.0,0.0
129476.0,-3.042011597815488,-1.4758800367934548,0.0053944380553026,0.7555958747045297,-0.1328322028214492,-0.483229565480857,1.0,0.0,0.0,1.0
715589.0,1.0918924280207325,1.8098341737594723,0.0053944380553026,1.4744503009561964,0.5184390673960743,0.4025272755227504,1.0,0.0,0.0,1.0
476002.0,1.6218801236407607,-0.5820146943182383,0.0053944380553026,0.7555958747045297,-2.3308727398055886,0.4025272755227504,0.0,1.0,1.0,0.0
285474.0,-1.3460509718313975,-0.7841396624524526,0.6989650451656594,0.0367414484528629,-1.1097391081477337,-0.483229565480857,1.0,0.0,1.0,0.0
301318.0,0.1379145759046816,-1.1717919267864212,-1.3817467761654108,-0.6821129777988038,-2.0459415590854224,1.288284116526358,1.0,0.0,1.0,0.0
478145.0,-0.0740805023433297,-0.0325344754197146,1.392535652276016,1.4744503009561964,-0.0514232940442587,-0.483229565480857,0.0,1.0,0.0,1.0
393764.0,1.0918924280207325,-0.76359733998326,-1.3817467761654108,1.4744503009561964,0.5184390673960743,-0.483229565480857,1.0,0.0,0.0,1.0
622223.0,0.6679022715247098,1.221571558567657,-1.3817467761654108,0.7555958747045297,0.4370301586188838,0.4025272755227504,0.0,1.0,1.0,0.0
492886.0,1.3038875062687438,0.0728041868721703,-0.688176169055054,0.0367414484528629,0.7626657937276446,-0.483229565480857,1.0,0.0,1.0,0.0
287569.0,-1.1340558935833862,-0.8227714287507677,-1.3817467761654108,0.7555958747045297,-0.0514232940442587,0.4025272755227504,1.0,0.0,1.0,0.0
306713.0,-0.922060815335375,-0.78200183199901,0.0053944380553026,-1.4009674040504705,0.5184390673960743,-0.483229565480857,0.0,1.0,0.0,1.0
380154.0,-2.51202390219546,0.2721429687786966,1.392535652276016,-0.6821129777988038,1.454641518333763,-0.483229565480857,0.0,1.0,1.0,0.0
489767.0,-0.286075580591341,0.4517024817191185,0.6989650451656594,-0.6821129777988038,-0.0107188396556635,-0.483229565480857,0.0,1.0,0.0,1.0
506748.0,0.2439121150286872,0.2801650309952387,0.6989650451656594,-1.4009674040504705,0.9661880656706208,0.4025272755227504,0.0,1.0,1.0,0.0
549712.0,1.197889967144738,0.3695652047715937,-1.3817467761654108,-0.6821129777988038,-0.2549455659872344,1.288284116526358,0.0,1.0,1.0,0.0
483038.0,0.2439121150286872,0.2648230927816864,0.0053944380553026,-1.4009674040504705,1.780277153442524,-0.483229565480857,0.0,1.0,0.0,1.0
535594.0,0.2439121150286872,0.5919126316065643,-0.688176169055054,0.0367414484528629,0.7219613393390494,0.4025272755227504,0.0,1.0,0.0,1.0
499650.0,-0.4980706588393523,0.5471055704534514,-0.688176169055054,0.7555958747045297,-0.2142411115986396,0.4025272755227504,0.0,1.0,0.0,1.0
185950.0,-1.7700411283274202,-2.040011164081481,1.392535652276016,1.4744503009561964,-0.9876257449819478,0.4025272755227504,0.0,1.0,1.0,0.0
377566.0,0.3499096541526929,-0.7110877100743331,0.0053944380553026,1.4744503009561964,-1.3946702888678997,-0.483229565480857,1.0,0.0,1.0,0.0
402057.0,0.7738998106487155,-0.7318104204286856,0.0053944380553026,1.4744503009561964,-0.9062168362047572,-1.3689864064844643,0.0,1.0,1.0,0.0
381073.0,0.2439121150286872,-0.6841160869534291,-0.688176169055054,-1.4009674040504705,1.454641518333763,0.4025272755227504,0.0,1.0,0.0,1.0
502261.0,1.6218801236407607,-0.0723177423430538,-0.688176169055054,1.4744503009561964,-1.8017148327538512,-1.3689864064844643,0.0,1.0,1.0,0.0
291488.0,0.5619047324007043,-1.8656054761899736,0.0053944380553026,-0.6821129777988038,-0.0107188396556635,1.288284116526358,0.0,1.0,1.0,0.0
549158.0,1.7278776627647665,0.6117752069570107,-1.3817467761654108,0.7555958747045297,-0.9469212905933526,-1.3689864064844643,1.0,0.0,1.0,0.0
567560.0,0.9858948888967268,0.6772916438448899,0.0053944380553026,-1.4009674040504705,0.0299856147329316,1.288284116526358,1.0,0.0,0.0,1.0
589674.0,2.0458702801367834,0.0439889942129496,0.6989650451656594,1.4744503009561964,0.7626657937276446,1.288284116526358,1.0,0.0,0.0,1.0
515506.0,0.4559071932766985,0.2735134893674251,-0.688176169055054,1.4744503009561964,-1.8831237415310416,0.4025272755227504,0.0,1.0,1.0,0.0
716271.0,1.5158825845167552,1.248913313381507,0.6989650451656594,1.4744503009561964,0.0299856147329316,1.288284116526358,0.0,1.0,0.0,1.0
621187.0,1.197889967144738,0.7111806405833253,1.392535652276016,-1.4009674040504705,-0.0107188396556635,1.288284116526358,0.0,1.0,1.0,0.0
591538.0,2.575857975756812,0.1064708138239382,-1.3817467761654108,0.0367414484528629,-0.6212856554845914,1.288284116526358,0.0,1.0,0.0,1.0
526046.0,0.1379145759046816,0.5089401379898654,0.6989650451656594,0.0367414484528629,0.640552430561859,-0.483229565480857,0.0,1.0,0.0,1.0
550265.0,0.3499096541526929,1.081983246102068,-1.3817467761654108,-0.6821129777988038,1.413937063945168,-1.3689864064844643,0.0,1.0,1.0,0.0
329153.0,0.3499096541526929,-1.6972426081286338,0.6989650451656594,0.7555958747045297,1.047596974447811,1.288284116526358,0.0,1.0,1.0,0.0
634802.0,-0.286075580591341,1.5991119762682522,-0.688176169055054,1.4744503009561964,1.2511192463907872,1.288284116526358,1.0,0.0,1.0,0.0
386575.0,0.9858948888967268,-0.9626802397349988,-1.3817467761654108,0.7555958747045297,-1.516783652033685,0.4025272755227504,0.0,1.0,0.0,1.0
427862.0,-0.922060815335375,0.3596998797319607,-1.3817467761654108,0.0367414484528629,1.576754881499548,0.4025272755227504,1.0,0.0,0.0,1.0
314073.0,-1.1340558935833862,-1.035368962728093,1.392535652276016,1.4744503009561964,0.6812568849504541,0.4025272755227504,1.0,0.0,1.0,0.0
629421.0,-0.7100657370873636,1.7984560722167429,1.392535652276016,0.7555958747045297,-0.1328322028214492,-1.3689864064844643,0.0,1.0,0.0,1.0
599877.0,1.0918924280207325,1.0103076918876015,0.6989650451656594,1.4744503009561964,-1.272556925702114,-1.3689864064844643,1.0,0.0,0.0,1.0
497260.0,-0.8160632762113693,0.5602054925719877,0.6989650451656594,1.4744503009561964,-0.5805812010959961,-0.483229565480857,0.0,1.0,1.0,0.0
497043.0,0.8798973497727212,-0.3461344206544341,1.392535652276016,1.4744503009561964,-1.7203059239766612,0.4025272755227504,0.0,1.0,0.0,1.0
295848.0,-1.1340558935833862,-0.488295853694083,-0.688176169055054,0.0367414484528629,-0.4584678379302104,-1.3689864064844643,1.0,0.0,1.0,0.0
246725.0,-0.3920731197153467,-1.3704668298230325,0.0053944380553026,0.7555958747045297,-1.3539658344793042,-1.3689864064844643,1.0,0.0,1.0,0.0
584176.0,-1.0280583544593809,1.6701996123709868,1.392535652276016,0.7555958747045297,0.9661880656706208,-1.3689864064844643,1.0,0.0,0.0,1.0
314144.0,-0.8160632762113693,-0.3582366971244232,-1.3817467761654108,-0.6821129777988038,1.2511192463907872,-1.3689864064844643,1.0,0.0,0.0,1.0
608785.0,1.3038875062687438,0.5999098644894449,1.392535652276016,0.0367414484528629,-0.0107188396556635,1.288284116526358,1.0,0.0,0.0,1.0
465807.0,-0.4980706588393523,0.6525902403001403,-0.688176169055054,-1.4009674040504705,1.6581637902767383,-1.3689864064844643,0.0,1.0,0.0,1.0
512475.0,0.3499096541526929,0.3427676804244383,0.0053944380553026,0.7555958747045297,-0.0514232940442587,-0.483229565480857,0.0,1.0,0.0,1.0
250266.0,1.0918924280207325,-1.8972110432442169,-0.688176169055054,-0.6821129777988038,-0.7433990186503765,-0.483229565480857,1.0,0.0,1.0,0.0
491446.0,-2.088033745699437,1.1253242833267794,1.392535652276016,0.7555958747045297,1.780277153442524,-0.483229565480857,1.0,0.0,1.0,0.0
389695.0,1.5158825845167552,-1.0724045275296636,0.6989650451656594,-1.4009674040504705,-0.7433990186503765,0.4025272755227504,1.0,0.0,0.0,1.0
374699.0,-0.4980706588393523,-0.1011400473376017,-0.688176169055054,-0.6821129777988038,-0.9469212905933526,-0.483229565480857,1.0,0.0,1.0,0.0
204457.0,-0.922060815335375,-1.801284585561183,0.0053944380553026,0.7555958747045297,-1.1504435625363287,0.4025272755227504,1.0,0.0,1.0,0.0
347855.0,-0.286075580591341,-0.7403512767177512,-0.688176169055054,-0.6821129777988038,-1.1097391081477337,0.4025272755227504,0.0,1.0,0.0,1.0
483576.0,-1.5580460500794089,1.1421949126709667,0.6989650451656594,-0.6821129777988038,-0.8655123818161622,-0.483229565480857,1.0,0.0,0.0,1.0
121762.0,-1.3460509718313975,-2.232801784486474,-1.3817467761654108,0.0367414484528629,2.350139514882857,0.4025272755227504,1.0,0.0,1.0,0.0
575929.0,1.197889967144738,0.8569021054741538,-1.3817467761654108,0.0367414484528629,-0.4177633835416152,0.4025272755227504,1.0,0.0,0.0,1.0
452291.0,-0.604068197963358,0.5761820773613016,-0.688176169055054,0.0367414484528629,-2.412281648582779,-1.3689864064844643,0.0,1.0,1.0,0.0
448115.0,0.3499096541526929,0.2462266398787936,-1.3817467761654108,-1.4009674040504705,1.0068925200592158,-1.3689864064844643,0.0,1.0,1.0,0.0
360445.0,-0.604068197963358,-0.4035392477943312,0.0053944380553026,0.0367414484528629,-0.4177633835416152,-1.3689864064844643,0.0,1.0,0.0,1.0
423171.0,0.7738998106487155,-0.5280119634360403,-0.688176169055054,1.4744503009561964,1.3732326095565728,-1.3689864064844643,0.0,1.0,0.0,1.0
315068.0,-0.922060815335375,-0.6446795436386678,-1.3817467761654108,-0.6821129777988038,2.0245038797740955,-0.483229565480857,0.0,1.0,1.0,0.0
584942.0,-0.0740805023433297,0.929248383484248,0.6989650451656594,0.7555958747045297,0.5184390673960743,0.4025272755227504,0.0,1.0,0.0,1.0
493709.0,0.9858948888967268,-0.1997421484602335,1.392535652276016,0.7555958747045297,-0.9469212905933526,0.4025272755227504,1.0,0.0,1.0,0.0
539816.0,1.0918924280207325,0.0313540227423952,1.392535652276016,0.0367414484528629,-0.1735366572100444,0.4025272755227504,0.0,1.0,0.0,1.0
646756.0,0.7738998106487155,1.346574083141695,0.0053944380553026,-0.6821129777988038,0.5998479761732637,0.4025272755227504,0.0,1.0,1.0,0.0
548136.0,-0.0740805023433297,1.1687521096832143,0.6989650451656594,-0.6821129777988038,0.9254836112820256,-1.3689864064844643,1.0,0.0,0.0,1.0
680164.0,0.8798973497727212,1.819480964810344,1.392535652276016,-1.4009674040504705,0.111394523510122,-0.483229565480857,1.0,0.0,1.0,0.0
447954.0,-1.982036206575432,0.5955932077112818,0.6989650451656594,0.7555958747045297,-0.7841034730389718,1.288284116526358,1.0,0.0,1.0,0.0
538119.0,1.6218801236407607,0.693521862432914,-1.3817467761654108,-1.4009674040504705,1.047596974447811,-1.3689864064844643,1.0,0.0,0.0,1.0
393451.0,-1.7700411283274202,0.2815386084218249,0.0053944380553026,1.4744503009561964,0.0299856147329316,-0.483229565480857,1.0,0.0,0.0,1.0
598377.0,-0.8160632762113693,1.636121358018468,1.392535652276016,-1.4009674040504705,-0.2549455659872344,-0.483229565480857,0.0,1.0,0.0,1.0
460797.0,-0.922060815335375,0.2568278678432613,1.392535652276016,0.7555958747045297,-0.6212856554845914,-0.483229565480857,0.0,1.0,1.0,0.0
545435.0,0.8798973497727212,0.2535849595649086,-0.688176169055054,0.0367414484528629,1.413937063945168,1.288284116526358,0.0,1.0,1.0,0.0
372559.0,-0.3920731197153467,-0.0871400140404062,-0.688176169055054,-1.4009674040504705,-1.272556925702114,-0.483229565480857,1.0,0.0,0.0,1.0
266437.0,-0.4980706588393523,-1.5511431671949152,-1.3817467761654108,0.0367414484528629,0.640552430561859,1.288284116526358,0.0,1.0,0.0,1.0
628594.0,0.9858948888967268,1.10915986449927,0.0053944380553026,0.0367414484528629,-0.5398767467074009,1.288284116526358,1.0,0.0,1.0,0.0
315711.0,1.3038875062687438,-1.4890241633023469,0.6989650451656594,0.0367414484528629,-1.4353747432564947,-1.3689864064844643,1.0,0.0,1.0,0.0
344542.0,-0.1800780414673354,-0.4017657153713543,-1.3817467761654108,-1.4009674040504705,0.640552430561859,-0.483229565480857,1.0,0.0,0.0,1.0
339677.0,-0.0740805023433297,-0.985988143460589,0.0053944380553026,1.4744503009561964,-2.005237104696828,0.4025272755227504,1.0,0.0,0.0,1.0
430804.0,-0.4980706588393523,0.1586490183993498,-0.688176169055054,-1.4009674040504705,0.3149167954530981,1.288284116526358,1.0,0.0,0.0,1.0
684853.0,-0.8160632762113693,2.2231327295668817,0.6989650451656594,0.0367414484528629,0.0299856147329316,0.4025272755227504,0.0,1.0,1.0,0.0
461775.0,2.575857975756812,-1.0802173289759736,1.392535652276016,-0.6821129777988038,-0.6212856554845914,-0.483229565480857,0.0,1.0,1.0,0.0
200041.0,-1.5580460500794089,-1.16306359440892,-0.688176169055054,0.0367414484528629,-0.6212856554845914,-1.3689864064844643,1.0,0.0,1.0,0.0
427102.0,0.2439121150286872,-0.207428107057382,1.392535652276016,-1.4009674040504705,-3.185666281966088,0.4025272755227504,1.0,0.0,0.0,1.0
403330.0,0.6679022715247098,-1.03486157335199,1.392535652276016,0.7555958747045297,-0.2142411115986396,1.288284116526358,1.0,0.0,0.0,1.0
467789.0,1.3038875062687438,0.0154066573668336,-1.3817467761654108,0.7555958747045297,0.4370301586188838,-1.3689864064844643,1.0,0.0,1.0,0.0
401404.0,1.5158825845167552,-1.2970783446289376,0.6989650451656594,1.4744503009561964,1.0883014288364063,0.4025272755227504,1.0,0.0,0.0,1.0
568222.0,0.7738998106487155,0.5141040388758119,0.0053944380553026,0.7555958747045297,0.3963257042302885,0.4025272755227504,0.0,1.0,1.0,0.0
557673.0,0.6679022715247098,0.1511966403841494,0.6989650451656594,1.4744503009561964,1.047596974447811,1.288284116526358,0.0,1.0,1.0,0.0
498538.0,0.0319170367806759,0.256301363891432,1.392535652276016,-0.6821129777988038,1.4953459727223584,-0.483229565480857,0.0,1.0,0.0,1.0
456188.0,-0.286075580591341,0.3832603024932973,0.0053944380553026,0.0367414484528629,3.1235241482661653,-1.3689864064844643,1.0,0.0,1.0,0.0
446541.0,-0.604068197963358,-0.0989699228004476,0.6989650451656594,-0.6821129777988038,0.8440747025048351,1.288284116526358,0.0,1.0,1.0,0.0
459140.0,0.2439121150286872,0.2365832253770868,0.0053944380553026,-0.6821129777988038,-0.4584678379302104,-0.483229565480857,1.0,0.0,1.0,0.0
403909.0,0.5619047324007043,-0.1521923295875749,-1.3817467761654108,0.0367414484528629,-0.2956500203758296,-1.3689864064844643,1.0,0.0,1.0,0.0
311721.0,-0.0740805023433297,-1.3139784627348272,0.0053944380553026,1.4744503009561964,-1.028330199370543,-0.483229565480857,0.0,1.0,0.0,1.0
294346.0,-0.1800780414673354,-1.0432404945681053,-1.3817467761654108,0.7555958747045297,0.3149167954530981,-0.483229565480857,1.0,0.0,0.0,1.0
509737.0,1.4098850453927494,-0.1828894784825706,1.392535652276016,1.4744503009561964,-0.4991722923188056,-0.483229565480857,1.0,0.0,1.0,0.0
501957.0,0.1379145759046816,0.1582277910761634,-1.3817467761654108,1.4744503009561964,0.640552430561859,1.288284116526358,0.0,1.0,0.0,1.0
441551.0,-0.286075580591341,-0.3716350853987232,1.392535652276016,1.4744503009561964,0.2742123410645029,1.288284116526358,1.0,0.0,1.0,0.0
704907.0,1.197889967144738,1.7121999685079503,0.6989650451656594,0.0367414484528629,-0.7841034730389718,-0.483229565480857,0.0,1.0,1.0,0.0
598919.0,-0.1800780414673354,1.3686753805726712,-1.3817467761654108,-0.6821129777988038,0.5184390673960743,1.288284116526358,0.0,1.0,1.0,0.0
484461.0,-0.0740805023433297,0.3341140987760693,1.392535652276016,-1.4009674040504705,0.0706900691215268,0.4025272755227504,1.0,0.0,1.0,0.0
529171.0,0.1379145759046816,0.3499058259100499,0.6989650451656594,-0.6821129777988038,0.1928034322873125,1.288284116526358,0.0,1.0,1.0,0.0
484001.0,0.3499096541526929,-0.301644267094954,0.0053944380553026,1.4744503009561964,1.5360504271109536,1.288284116526358,0.0,1.0,1.0,0.0
467858.0,0.1379145759046816,0.2856389415360898,-1.3817467761654108,1.4744503009561964,-0.2549455659872344,-1.3689864064844643,0.0,1.0,1.0,0.0
478622.0,-2.51202390219546,1.30141551068556,1.392535652276016,1.4744503009561964,0.4370301586188838,-1.3689864064844643,1.0,0.0,0.0,1.0
340965.0,-0.604068197963358,-0.6478442640620764,-1.3817467761654108,-1.4009674040504705,-1.028330199370543,1.288284116526358,0.0,1.0,1.0,0.0
419520.0,-0.1800780414673354,-0.2759043610917236,0.0053944380553026,-0.6821129777988038,1.576754881499548,1.288284116526358,1.0,0.0,0.0,1.0
636613.0,0.3499096541526929,1.7737129696589324,-0.688176169055054,0.0367414484528629,-0.8248079274275669,-1.3689864064844643,0.0,1.0,0.0,1.0
597944.0,0.0319170367806759,1.3482670160051882,-1.3817467761654108,1.4744503009561964,0.1928034322873125,-0.483229565480857,0.0,1.0,0.0,1.0
518082.0,-0.4980706588393523,0.9798528580686704,0.0053944380553026,1.4744503009561964,0.5184390673960743,-1.3689864064844643,1.0,0.0,1.0,0.0
604556.0,1.197889967144738,0.8243987710221564,0.6989650451656594,0.0367414484528629,0.1928034322873125,0.4025272755227504,1.0,0.0,0.0,1.0
387081.0,-0.1800780414673354,-0.899816612678357,0.0053944380553026,0.7555958747045297,2.146617242939881,1.288284116526358,0.0,1.0,0.0,1.0
518715.0,-0.0740805023433297,0.5539741589670732,0.0053944380553026,0.0367414484528629,-1.3539658344793042,0.4025272755227504,0.0,1.0,0.0,1.0
449370.0,1.5158825845167552,-0.3790845701544525,0.0053944380553026,-1.4009674040504705,-0.092127748432854,-1.3689864064844643,0.0,1.0,1.0,0.0
220400.0,-2.088033745699437,-0.9830932468913414,-1.3817467761654108,0.0367414484528629,-0.5398767467074009,-0.483229565480857,0.0,1.0,0.0,1.0
551860.0,1.0918924280207325,0.7019679980220567,-1.3817467761654108,0.0367414484528629,-0.9062168362047572,0.4025272755227504,1.0,0.0,1.0,0.0
484854.0,-0.922060815335375,0.5278515582330627,1.392535652276016,1.4744503009561964,-0.2549455659872344,-1.3689864064844643,0.0,1.0,0.0,1.0
449109.0,-0.922060815335375,0.4099155195663358,0.0053944380553026,-1.4009674040504705,0.3963257042302885,1.288284116526358,1.0,0.0,1.0,0.0
582699.0,1.7278776627647665,0.4044413205796954,0.0053944380553026,-0.6821129777988038,-0.4991722923188056,0.4025272755227504,0.0,1.0,1.0,0.0
384486.0,0.0319170367806759,-0.3659318536449873,-1.3817467761654108,0.0367414484528629,-0.4584678379302104,0.4025272755227504,1.0,0.0,1.0,0.0
364246.0,1.0918924280207325,-0.8880217221839223,-0.688176169055054,-0.6821129777988038,-0.3363544747644248,-0.483229565480857,1.0,0.0,1.0,0.0
407287.0,0.6679022715247098,-0.4758352213441534,-0.688176169055054,0.7555958747045297,0.2335078866759077,-0.483229565480857,1.0,0.0,1.0,0.0
436328.0,0.5619047324007043,-0.5894075442959006,-0.688176169055054,0.7555958747045297,-0.6619901098731865,1.288284116526358,0.0,1.0,0.0,1.0
513164.0,0.6679022715247098,0.276718731576755,0.0053944380553026,-0.6821129777988038,-0.5805812010959961,1.288284116526358,1.0,0.0,0.0,1.0
409518.0,-1.0280583544593809,0.2251652974585808,-1.3817467761654108,0.7555958747045297,-0.0107188396556635,0.4025272755227504,1.0,0.0,1.0,0.0
465608.0,0.3499096541526929,-0.4554585156708091,0.6989650451656594,0.7555958747045297,0.5184390673960743,1.288284116526358,0.0,1.0,0.0,1.0
525113.0,-0.4980706588393523,0.6557876477173954,-0.688176169055054,0.7555958747045297,-0.6619901098731865,1.288284116526358,0.0,1.0,0.0,1.0
292638.0,-0.3920731197153467,-1.0298501923572203,-1.3817467761654108,0.0367414484528629,-1.231852471313519,-0.483229565480857,0.0,1.0,1.0,0.0
607668.0,1.4098850453927494,0.566559095969282,0.0053944380553026,0.0367414484528629,-0.6619901098731865,1.288284116526358,0.0,1.0,0.0,1.0
358461.0,-0.922060815335375,-0.4096769240465498,-1.3817467761654108,0.0367414484528629,1.943094970996905,1.288284116526358,1.0,0.0,1.0,0.0
648762.0,-0.286075580591341,1.9374509232771224,0.0053944380553026,-1.4009674040504705,0.2335078866759077,1.288284116526358,1.0,0.0,0.0,1.0
357553.0,-0.1800780414673354,-0.8870618361263898,0.6989650451656594,0.7555958747045297,-0.8248079274275669,-0.483229565480857,0.0,1.0,1.0,0.0
340267.0,-1.0280583544593809,-0.2808697011059369,0.0053944380553026,0.7555958747045297,-0.7841034730389718,-1.3689864064844643,1.0,0.0,1.0,0.0
424650.0,1.4098850453927494,-0.7538499395122493,1.392535652276016,1.4744503009561964,-2.249463831028398,-1.3689864064844643,1.0,0.0,1.0,0.0
603731.0,0.2439121150286872,1.4822843159150196,1.392535652276016,-0.6821129777988038,-0.2549455659872344,-1.3689864064844643,1.0,0.0,1.0,0.0
513248.0,0.4559071932766985,0.5623444052879666,-1.3817467761654108,-0.6821129777988038,-2.412281648582779,0.4025272755227504,0.0,1.0,1.0,0.0
292683.0,1.3038875062687438,-1.731518427111987,1.392535652276016,-0.6821129777988038,-1.028330199370543,-1.3689864064844643,1.0,0.0,1.0,0.0
525357.0,0.0319170367806759,0.3165892807785623,-0.688176169055054,1.4744503009561964,0.8440747025048351,1.288284116526358,0.0,1.0,1.0,0.0
454912.0,-2.194031284823443,0.6521870834282159,0.6989650451656594,1.4744503009561964,0.0706900691215268,1.288284116526358,1.0,0.0,0.0,1.0
328874.0,0.3499096541526929,-0.818233392149642,0.0053944380553026,-0.6821129777988038,-1.1911480169249238,-1.3689864064844643,1.0,0.0,1.0,0.0
399071.0,-1.240053432707392,0.2897934215203138,-1.3817467761654108,-0.6821129777988038,-2.086646013474018,1.288284116526358,1.0,0.0,0.0,1.0
265094.0,-0.1800780414673354,-1.8287654864139156,1.392535652276016,1.4744503009561964,-0.8248079274275669,0.4025272755227504,1.0,0.0,0.0,1.0
458202.0,0.2439121150286872,0.2111154910832018,0.6989650451656594,-1.4009674040504705,-0.6212856554845914,-0.483229565480857,1.0,0.0,1.0,0.0
581960.0,1.9398727410127776,-0.0566246012940531,0.0053944380553026,1.4744503009561964,0.3556212498416933,1.288284116526358,0.0,1.0,0.0,1.0
597850.0,0.0319170367806759,1.8902368862700096,-1.3817467761654108,-0.6821129777988038,-0.6212856554845914,-1.3689864064844643,1.0,0.0,0.0,1.0
427457.0,0.5619047324007043,-0.5689633189340014,-0.688176169055054,1.4744503009561964,-0.2956500203758296,1.288284116526358,1.0,0.0,0.0,1.0
323689.0,-1.1340558935833862,-0.9046859915498502,0.0053944380553026,0.0367414484528629,-0.6619901098731865,1.288284116526358,0.0,1.0,0.0,1.0
461468.0,0.3499096541526929,0.2574645114853635,-1.3817467761654108,0.7555958747045297,-0.4584678379302104,-0.483229565480857,1.0,0.0,1.0,0.0
699801.0,-0.0740805023433297,2.164341923156737,0.0053944380553026,0.7555958747045297,-1.5981925608108756,1.288284116526358,1.0,0.0,0.0,1.0
601781.0,0.1379145759046816,1.126088033056906,0.0053944380553026,1.4744503009561964,1.1697103376135969,-0.483229565480857,0.0,1.0,1.0,0.0
400477.0,-0.286075580591341,-0.5064270769098365,1.392535652276016,1.4744503009561964,-0.0107188396556635,-1.3689864064844643,0.0,1.0,1.0,0.0
376396.0,-0.604068197963358,-0.6327689522519917,0.6989650451656594,-1.4009674040504705,-0.0107188396556635,1.288284116526358,0.0,1.0,0.0,1.0
434186.0,-0.4980706588393523,-0.0904922117342071,0.6989650451656594,-0.6821129777988038,-0.0514232940442587,0.4025272755227504,0.0,1.0,0.0,1.0
