324129.0,-0.286075580591341,-0.9254110020725782,0.6989650451656594,-1.4009674040504705,-1.272556925702114,-0.483229565480857,0.0,1.0,0.0,1.0
295527.0,-0.1800780414673354,-1.0523796262627567,0.0053944380553026,-1.4009674040504705,0.2335078866759077,-1.3689864064844643,0.0,1.0,1.0,0.0
564726.0,0.4559071932766985,0.6935853448295196,1.392535652276016,-0.6821129777988038,0.8033702481162398,-0.483229565480857,0.0,1.0,1.0,0.0
599656.0,-0.3920731197153467,1.3510619908550674,1.392535652276016,0.7555958747045297,1.2511192463907872,-1.3689864064844643,0.0,1.0,0.0,1.0
516469.0,-1.452048510955403,1.3875192719933434,0.0053944380553026,0.0367414484528629,-1.3946702888678997,-1.3689864064844643,0.0,1.0,1.0,0.0
494565.0,0.2439121150286872,0.626199539468461,-0.688176169055054,-1.4009674040504705,0.7626657937276446,-1.3689864064844643,0.0,1.0,0.0,1.0
623546.0,-0.4980706588393523,1.8565501657141692,-0.688176169055054,-1.4009674040504705,-0.092127748432854,0.4025272755227504,0.0,1.0,1.0,0.0
587425.0,-0.0740805023433297,1.1879402388058686,0.0053944380553026,-0.6821129777988038,0.1520989778987173,0.4025272755227504,0.0,1.0,0.0,1.0
612952.0,0.8798973497727212,1.161271174028044,-0.688176169055054,1.4744503009561964,1.780277153442524,-0.483229565480857,1.0,0.0,1.0,0.0
160321.0,-0.604068197963358,-2.172608844477653,-0.688176169055054,0.7555958747045297,-0.5398767467074009,-1.3689864064844643,0.0,1.0,1.0,0.0
601697.0,1.7278776627647665,0.3837831654952091,1.392535652276016,0.0367414484528629,-0.8248079274275669,1.288284116526358,1.0,0.0,1.0,0.0
475699.0,1.3038875062687438,-0.258596152528616,0.0053944380553026,1.4744503009561964,-0.6619901098731865,-0.483229565480857,1.0,0.0,1.0,0.0
296864.0,0.6679022715247098,-1.261553630030154,-1.3817467761654108,-1.4009674040504705,1.4953459727223584,-1.3689864064844643,0.0,1.0,1.0,0.0
346333.0,1.0918924280207325,-1.7037030312218149,0.6989650451656594,0.7555958747045297,0.477734613007479,0.4025272755227504,0.0,1.0,1.0,0.0
278264.0,0.9858948888967268,-1.6926597827390657,-0.688176169055054,0.0367414484528629,-0.0107188396556635,-0.483229565480857,1.0,0.0,0.0,1.0
337108.0,-0.3920731197153467,-0.8327339487076377,-1.3817467761654108,-0.6821129777988038,-1.231852471313519,1.288284116526358,0.0,1.0,1.0,0.0
410516.0,0.3499096541526929,-0.2328771028293576,1.392535652276016,-1.4009674040504705,-0.1328322028214492,-1.3689864064844643,1.0,0.0,0.0,1.0
361272.0,0.5619047324007043,-0.8043444371729596,-1.3817467761654108,-0.6821129777988038,0.3963257042302885,-0.483229565480857,0.0,1.0,1.0,0.0
532623.0,1.197889967144738,0.2077153594640795,1.392535652276016,-0.6821129777988038,-1.3539658344793042,0.4025272755227504,1.0,0.0,0.0,1.0
458710.0,0.5619047324007043,-0.2759934846867312,0.6989650451656594,-0.6821129777988038,-1.3539658344793042,0.4025272755227504,0.0,1.0,0.0,1.0
475354.0,-1.5580460500794089,0.8073345004089238,-0.688176169055054,1.4744503009561964,0.9254836112820256,-0.483229565480857,0.0,1.0,0.0,1.0
612268.0,1.833875201888772,0.6060389540705046,1.392535652276016,0.0367414484528629,2.1059127885512856,-0.483229565480857,1.0,0.0,1.0,0.0
400338.0,-0.0740805023433297,-0.087779232313221,0.0053944380553026,-1.4009674040504705,-0.4991722923188056,-0.483229565480857,1.0,0.0,1.0,0.0
504731.0,0.8798973497727212,0.0691661428545852,0.0053944380553026,1.4744503009561964,1.3732326095565728,-1.3689864064844643,0.0,1.0,1.0,0.0
203040.0,-1.876038667451426,-0.9706237909256492,-0.688176169055054,0.0367414484528629,-1.5574881064222803,-1.3689864064844643,1.0,0.0,1.0,0.0
432298.0,0.6679022715247098,-0.2482939042562337,0.6989650451656594,-1.4009674040504705,-0.5398767467074009,-1.3689864064844643,0.0,1.0,0.0,1.0
567507.0,0.0319170367806759,1.164900732808637,0.0053944380553026,-0.6821129777988038,-1.8424192871424463,-0.483229565480857,0.0,1.0,1.0,0.0
285729.0,-0.4980706588393523,-0.790381280233251,-0.688176169055054,-0.6821129777988038,-0.1735366572100444,-1.3689864064844643,1.0,0.0,1.0,0.0
316668.0,0.2439121150286872,-1.144426423129954,1.392535652276016,-0.6821129777988038,1.2918237007793825,-1.3689864064844643,1.0,0.0,1.0,0.0
418915.0,-0.3920731197153467,-0.1198363053227491,-0.688176169055054,0.0367414484528629,-1.272556925702114,0.4025272755227504,0.0,1.0,0.0,1.0
427926.0,1.9398727410127776,-1.033098688357614,-1.3817467761654108,0.7555958747045297,-0.37705892915302,0.4025272755227504,0.0,1.0,0.0,1.0
223110.0,-0.4980706588393523,-1.9282184936911733,0.0053944380553026,0.7555958747045297,0.9661880656706208,-0.483229565480857,0.0,1.0,1.0,0.0
522376.0,0.7738998106487155,0.4091687492358637,-0.688176169055054,0.0367414484528629,-0.0514232940442587,-0.483229565480857,0.0,1.0,0.0,1.0
521593.0,0.1379145759046816,0.6888047331029412,-0.688176169055054,0.7555958747045297,1.454641518333763,-1.3689864064844643,0.0,1.0,1.0,0.0
532233.0,0.5619047324007043,0.2733064626753242,0.6989650451656594,-1.4009674040504705,-0.0514232940442587,1.288284116526358,0.0,1.0,1.0,0.0
684252.0,1.5158825845167552,1.0024591065425146,1.392535652276016,1.4744503009561964,0.1520989778987173,0.4025272755227504,0.0,1.0,1.0,0.0
441949.0,-0.7100657370873636,-0.0347480445158398,0.6989650451656594,0.7555958747045297,-0.9876257449819478,0.4025272755227504,0.0,1.0,1.0,0.0
546188.0,0.1379145759046816,0.3684547655300216,1.392535652276016,-0.6821129777988038,1.5360504271109536,1.288284116526358,0.0,1.0,0.0,1.0
431390.0,0.5619047324007043,-0.7965603759344372,1.392535652276016,-0.6821129777988038,0.1928034322873125,1.288284116526358,0.0,1.0,1.0,0.0
615789.0,0.7738998106487155,1.2069098030364944,-1.3817467761654108,1.4744503009561964,1.1697103376135969,0.4025272755227504,1.0,0.0,1.0,0.0
656074.0,0.8798973497727212,1.2283064421223846,0.6989650451656594,0.7555958747045297,-1.4353747432564947,0.4025272755227504,0.0,1.0,0.0,1.0
655549.0,-1.1340558935833862,2.5142364555551207,-0.688176169055054,0.7555958747045297,0.2335078866759077,-0.483229565480857,1.0,0.0,1.0,0.0
517673.0,-1.7700411283274202,0.9245911260391748,1.392535652276016,1.4744503009561964,0.7219613393390494,1.288284116526358,1.0,0.0,1.0,0.0
770551.0,-1.240053432707392,3.0884712385485185,1.392535652276016,1.4744503009561964,-0.1735366572100444,-0.483229565480857,0.0,1.0,1.0,0.0
684934.0,0.7738998106487155,1.6402184930903685,1.392535652276016,0.0367414484528629,-1.3132613800907091,-0.483229565480857,0.0,1.0,0.0,1.0
669647.0,1.0918924280207325,1.3020822137521857,0.6989650451656594,-0.6821129777988038,1.3732326095565728,0.4025272755227504,0.0,1.0,0.0,1.0
353441.0,0.3499096541526929,-1.3810870817271388,0.6989650451656594,1.4744503009561964,0.111394523510122,0.4025272755227504,0.0,1.0,1.0,0.0
532573.0,0.3499096541526929,0.8267916865175357,0.6989650451656594,0.0367414484528629,-0.4177633835416152,-1.3689864064844643,1.0,0.0,1.0,0.0
493569.0,-0.604068197963358,0.3126515860947823,1.392535652276016,0.0367414484528629,0.477734613007479,0.4025272755227504,0.0,1.0,1.0,0.0
638474.0,0.3499096541526929,1.5382981768566246,-1.3817467761654108,0.7555958747045297,-0.6619901098731865,0.4025272755227504,0.0,1.0,1.0,0.0
400586.0,0.0319170367806759,-0.2183464008912032,-0.688176169055054,1.4744503009561964,0.8033702481162398,-1.3689864064844643,1.0,0.0,1.0,0.0
552906.0,0.7738998106487155,0.7234616850474432,0.6989650451656594,-1.4009674040504705,-1.272556925702114,0.4025272755227504,1.0,0.0,1.0,0.0
394190.0,-2.406026363071454,0.970502943654738,-1.3817467761654108,-1.4009674040504705,-0.2549455659872344,-1.3689864064844643,0.0,1.0,0.0,1.0
283760.0,0.1379145759046816,-1.377775958240818,-1.3817467761654108,-0.6821129777988038,-0.5805812010959961,1.288284116526358,1.0,0.0,1.0,0.0
344706.0,0.5619047324007043,-1.1256945177802942,1.392535652276016,0.7555958747045297,0.1928034322873125,-1.3689864064844643,1.0,0.0,0.0,1.0
399165.0,-0.8160632762113693,-0.2414115660261666,1.392535652276016,-0.6821129777988038,0.4370301586188838,-0.483229565480857,0.0,1.0,1.0,0.0
748400.0,0.5619047324007043,2.449199366689509,1.392535652276016,0.0367414484528629,-0.4177633835416152,-0.483229565480857,1.0,0.0,0.0,1.0
462489.0,0.7738998106487155,-0.2524111646803926,-1.3817467761654108,0.7555958747045297,0.3149167954530981,0.4025272755227504,0.0,1.0,1.0,0.0
440046.0,-1.7700411283274202,0.8754501753959283,0.0053944380553026,-0.6821129777988038,-0.5398767467074009,-1.3689864064844643,0.0,1.0,0.0,1.0
502114.0,0.4559071932766985,0.7230881538491332,-0.688176169055054,-1.4009674040504705,2.5943662412144275,-1.3689864064844643,1.0,0.0,1.0,0.0
423776.0,-1.5580460500794089,0.2261364996207742,-0.688176169055054,0.0367414484528629,0.4370301586188838,1.288284116526358,0.0,1.0,0.0,1.0
388918.0,0.4559071932766985,-0.640192662076207,-1.3817467761654108,0.0367414484528629,-0.4584678379302104,1.288284116526358,1.0,0.0,0.0,1.0
475780.0,-0.3920731197153467,0.0687094289737594,-0.688176169055054,1.4744503009561964,0.3149167954530981,1.288284116526358,0.0,1.0,0.0,1.0
610596.0,1.197889967144738,1.0593826735135088,-0.688176169055054,0.0367414484528629,0.1520989778987173,0.4025272755227504,1.0,0.0,1.0,0.0
278463.0,-0.7100657370873636,-1.3373700567878393,0.0053944380553026,1.4744503009561964,0.1520989778987173,0.4025272755227504,1.0,0.0,1.0,0.0
481187.0,-0.1800780414673354,0.4666877161940683,1.392535652276016,-1.4009674040504705,0.5998479761732637,-0.483229565480857,1.0,0.0,0.0,1.0
290805.0,-2.3000288239474487,-0.134734002426784,-0.688176169055054,-1.4009674040504705,1.047596974447811,-1.3689864064844643,0.0,1.0,0.0,1.0
555378.0,-0.0740805023433297,0.9614187268572314,0.0053944380553026,0.7555958747045297,-0.3363544747644248,0.4025272755227504,1.0,0.0,1.0,0.0
425869.0,-1.0280583544593809,0.2265250054583667,0.6989650451656594,0.7555958747045297,0.3149167954530981,-0.483229565480857,1.0,0.0,0.0,1.0
440873.0,0.0319170367806759,-0.2695955597245744,0.6989650451656594,1.4744503009561964,-1.6388970151994708,-0.483229565480857,0.0,1.0,0.0,1.0
502632.0,-1.240053432707392,0.4836950749501298,0.6989650451656594,1.4744503009561964,0.477734613007479,1.288284116526358,0.0,1.0,1.0,0.0
300270.0,-0.0740805023433297,-1.210356815615759,-1.3817467761654108,0.7555958747045297,0.1928034322873125,-0.483229565480857,0.0,1.0,1.0,0.0
280053.0,-0.286075580591341,-1.3011284519369948,1.392535652276016,0.0367414484528629,0.8440747025048351,-1.3689864064844643,1.0,0.0,0.0,1.0
383763.0,0.3499096541526929,-1.0547537140208194,1.392535652276016,1.4744503009561964,-0.1735366572100444,-0.483229565480857,0.0,1.0,1.0,0.0
463061.0,0.3499096541526929,-0.2244020640839725,1.392535652276016,-0.6821129777988038,-0.37705892915302,1.288284116526358,1.0,0.0,0.0,1.0
380115.0,1.4098850453927494,-0.8039627168028997,-1.3817467761654108,0.7555958747045297,0.0706900691215268,-1.3689864064844643,1.0,0.0,1.0,0.0
347471.0,-1.6640435892034149,-0.1408705080194463,0.0053944380553026,0.7555958747045297,1.0068925200592158,-0.483229565480857,1.0,0.0,0.0,1.0
542503.0,0.6679022715247098,0.3564774166541584,1.392535652276016,0.7555958747045297,-0.4584678379302104,0.4025272755227504,1.0,0.0,0.0,1.0
658656.0,-0.286075580591341,2.201176439599857,-1.3817467761654108,0.0367414484528629,-0.9876257449819478,-0.483229565480857,0.0,1.0,1.0,0.0
415335.0,-0.8160632762113693,0.0167225245784397,1.392535652276016,0.0367414484528629,-0.9469212905933526,-1.3689864064844643,0.0,1.0,1.0,0.0
491552.0,0.5619047324007043,-0.1666131767011647,1.392535652276016,0.0367414484528629,-0.4991722923188056,0.4025272755227504,0.0,1.0,1.0,0.0
340743.0,-1.3460509718313975,-0.4488661794464023,-1.3817467761654108,-0.6821129777988038,0.3556212498416933,1.288284116526358,0.0,1.0,0.0,1.0
524681.0,-0.0740805023433297,0.845706258346345,-0.688176169055054,0.0367414484528629,-0.4177633835416152,0.4025272755227504,1.0,0.0,1.0,0.0
419221.0,0.8798973497727212,-0.3310760019183782,-1.3817467761654108,1.4744503009561964,1.1290058832250016,-1.3689864064844643,1.0,0.0,1.0,0.0
446502.0,-0.1800780414673354,-0.1890387677570421,0.0053944380553026,-0.6821129777988038,0.8440747025048351,1.288284116526358,0.0,1.0,0.0,1.0
405643.0,0.0319170367806759,-0.7153327695160128,1.392535652276016,1.4744503009561964,0.9254836112820256,0.4025272755227504,1.0,0.0,0.0,1.0
611962.0,-0.4980706588393523,1.4027103953403577,1.392535652276016,-1.4009674040504705,-1.7203059239766612,1.288284116526358,0.0,1.0,1.0,0.0
595354.0,-0.7100657370873636,1.2348597775772368,1.392535652276016,0.7555958747045297,0.8847791568934302,1.288284116526358,1.0,0.0,0.0,1.0
451521.0,1.6218801236407607,-1.133189629533206,1.392535652276016,0.0367414484528629,0.2335078866759077,1.288284116526358,0.0,1.0,0.0,1.0
349609.0,-0.4980706588393523,-0.7766533505311252,0.6989650451656594,0.0367414484528629,-0.2142411115986396,-0.483229565480857,0.0,1.0,0.0,1.0
329148.0,-1.7700411283274202,-0.1630587980417051,0.6989650451656594,-0.6821129777988038,-0.5805812010959961,-0.483229565480857,1.0,0.0,1.0,0.0
376347.0,0.0319170367806759,-0.7417642167988954,-0.688176169055054,1.4744503009561964,0.5591435217846685,-0.483229565480857,0.0,1.0,0.0,1.0
490440.0,-0.922060815335375,0.8875085804631595,-0.688176169055054,0.7555958747045297,0.5591435217846685,-1.3689864064844643,0.0,1.0,1.0,0.0
556977.0,1.0918924280207325,0.3369479750476952,0.6989650451656594,-0.6821129777988038,-0.0107188396556635,0.4025272755227504,0.0,1.0,0.0,1.0
465665.0,-0.4980706588393523,0.5073110188359332,-1.3817467761654108,-0.6821129777988038,-0.092127748432854,1.288284116526358,1.0,0.0,0.0,1.0
463432.0,-0.4980706588393523,0.6958861280875707,-1.3817467761654108,0.0367414484528629,-0.2956500203758296,-0.483229565480857,1.0,0.0,1.0,0.0
484223.0,-0.8160632762113693,0.4266368852993518,0.0053944380553026,-0.6821129777988038,0.5998479761732637,1.288284116526358,0.0,1.0,1.0,0.0
364592.0,1.3038875062687438,-1.3676212938781969,-0.688176169055054,0.7555958747045297,-0.6619901098731865,1.288284116526358,1.0,0.0,1.0,0.0
541134.0,0.0319170367806759,1.036843472842207,-1.3817467761654108,0.0367414484528629,-0.37705892915302,0.4025272755227504,1.0,0.0,1.0,0.0
666409.0,1.0918924280207325,0.9957915524041564,0.6989650451656594,1.4744503009561964,-0.4177633835416152,1.288284116526358,0.0,1.0,0.0,1.0
537794.0,1.7278776627647665,-0.2855611722785663,1.392535652276016,-1.4009674040504705,0.7219613393390494,1.288284116526358,0.0,1.0,0.0,1.0
490480.0,0.3499096541526929,0.0400004488840263,0.6989650451656594,1.4744503009561964,-0.2549455659872344,0.4025272755227504,1.0,0.0,0.0,1.0
496162.0,-0.0740805023433297,0.828044525526219,-0.688176169055054,-1.4009674040504705,0.5184390673960743,-0.483229565480857,1.0,0.0,1.0,0.0
399822.0,-1.240053432707392,-0.1390641966830549,0.0053944380553026,-0.6821129777988038,0.2335078866759077,1.288284116526358,0.0,1.0,0.0,1.0
406143.0,-0.922060815335375,-0.2900596868796205,1.392535652276016,1.4744503009561964,-0.9469212905933526,-0.483229565480857,0.0,1.0,0.0,1.0
558290.0,1.0918924280207325,0.2208788362608793,0.6989650451656594,-0.6821129777988038,-0.2142411115986396,1.288284116526358,0.0,1.0,0.0,1.0
441446.0,-0.3920731197153467,0.0657149793424083,0.6989650451656594,0.7555958747045297,-0.092127748432854,-1.3689864064844643,0.0,1.0,1.0,0.0
304311.0,-2.194031284823443,-0.3181575034057775,-1.3817467761654108,1.4744503009561964,0.7626657937276446,0.4025272755227504,1.0,0.0,1.0,0.0
434200.0,0.0319170367806759,-0.1343233366379704,0.0053944380553026,1.4744503009561964,0.5998479761732637,-0.483229565480857,1.0,0.0,1.0,0.0
207307.0,-0.4980706588393523,-2.01437749798367,0.6989650451656594,-1.4009674040504705,-1.3946702888678997,0.4025272755227504,0.0,1.0,1.0,0.0
384143.0,0.6679022715247098,-0.8790739092810723,-0.688176169055054,0.7555958747045297,0.7219613393390494,-0.483229565480857,0.0,1.0,1.0,0.0
300177.0,-1.7700411283274202,-0.5041827953690695,-1.3817467761654108,0.7555958747045297,0.5184390673960743,-0.483229565480857,0.0,1.0,0.0,1.0
551482.0,1.3038875062687438,0.1319827449529372,0.6989650451656594,-1.4009674040504705,-0.0514232940442587,1.288284116526358,0.0,1.0,0.0,1.0
425745.0,0.8798973497727212,-0.3519464930172674,0.6989650451656594,-0.6821129777988038,1.4953459727223584,-1.3689864064844643,1.0,0.0,0.0,1.0
571406.0,1.197889967144738,0.7633879438072804,0.0053944380553026,-1.4009674040504705,-0.1735366572100444,0.4025272755227504,1.0,0.0,0.0,1.0
349588.0,-1.7700411283274202,0.0795507492640621,0.6989650451656594,0.0367414484528629,-0.3363544747644248,-1.3689864064844643,1.0,0.0,1.0,0.0
412850.0,-0.604068197963358,-0.3204976634662768,0.6989650451656594,0.7555958747045297,-1.5981925608108756,0.4025272755227504,0.0,1.0,0.0,1.0
443557.0,0.1379145759046816,-0.3307577506444613,0.0053944380553026,1.4744503009561964,-0.4177633835416152,1.288284116526358,1.0,0.0,0.0,1.0
610383.0,0.4559071932766985,1.5401733384009786,0.0053944380553026,-1.4009674040504705,0.477734613007479,-0.483229565480857,1.0,0.0,0.0,1.0
515449.0,-0.604068197963358,0.6839216828085432,0.6989650451656594,1.4744503009561964,-0.7433990186503765,0.4025272755227504,1.0,0.0,1.0,0.0
540176.0,-0.1800780414673354,1.0677281493256108,-1.3817467761654108,-1.4009674040504705,-0.2142411115986396,0.4025272755227504,0.0,1.0,0.0,1.0
329452.0,-1.6640435892034149,-0.3155468322238555,-0.688176169055054,0.7555958747045297,-1.3132613800907091,-0.483229565480857,0.0,1.0,1.0,0.0
504437.0,0.0319170367806759,0.3899745747959288,0.6989650451656594,-1.4009674040504705,1.0883014288364063,1.288284116526358,1.0,0.0,1.0,0.0
271974.0,0.7738998106487155,-1.959937193502944,-0.688176169055054,0.0367414484528629,-0.4177633835416152,0.4025272755227504,0.0,1.0,0.0,1.0
303548.0,-0.4980706588393523,-0.8835198902429781,-0.688176169055054,0.7555958747045297,-0.6619901098731865,-0.483229565480857,1.0,0.0,1.0,0.0
446477.0,0.4559071932766985,-0.283469525942821,0.0053944380553026,-1.4009674040504705,1.6581637902767383,0.4025272755227504,0.0,1.0,0.0,1.0
341228.0,-0.0740805023433297,-0.5333326971608476,0.0053944380553026,-0.6821129777988038,-1.028330199370543,-1.3689864064844643,1.0,0.0,1.0,0.0
564781.0,0.3499096541526929,0.535721162923173,-0.688176169055054,1.4744503009561964,0.8440747025048351,1.288284116526358,0.0,1.0,0.0,1.0
670833.0,0.3499096541526929,1.3122801659190706,1.392535652276016,0.7555958747045297,0.0299856147329316,1.288284116526358,0.0,1.0,0.0,1.0
398952.0,0.3499096541526929,-0.2913203696123881,-0.688176169055054,-1.4009674040504705,1.210414792002192,-1.3689864064844643,0.0,1.0,0.0,1.0
377565.0,1.4098850453927494,-0.8169733745125135,-0.688176169055054,-1.4009674040504705,-0.9062168362047572,-0.483229565480857,1.0,0.0,0.0,1.0
394519.0,-0.0740805023433297,-0.2346427755976019,0.0053944380553026,-0.6821129777988038,-1.028330199370543,-1.3689864064844643,0.0,1.0,1.0,0.0
437285.0,0.2439121150286872,-0.0523678020860296,-1.3817467761654108,-1.4009674040504705,0.3149167954530981,0.4025272755227504,0.0,1.0,1.0,0.0
366320.0,0.1379145759046816,-0.6303064745113769,-0.688176169055054,0.7555958747045297,-0.7841034730389718,-1.3689864064844643,0.0,1.0,0.0,1.0
74706.0,-0.4980706588393523,-2.7164510200047878,-1.3817467761654108,0.7555958747045297,-0.5398767467074009,-1.3689864064844643,1.0,0.0,1.0,0.0
280718.0,-0.0740805023433297,-1.327911666433753,0.0053944380553026,-1.4009674040504705,0.477734613007479,0.4025272755227504,1.0,0.0,1.0,0.0
466548.0,0.6679022715247098,-0.0939741531528194,1.392535652276016,-0.6821129777988038,-0.6619901098731865,-1.3689864064844643,0.0,1.0,1.0,0.0
197170.0,-1.1340558935833862,-1.9142219794142743,0.6989650451656594,1.4744503009561964,0.9661880656706208,-1.3689864064844643,0.0,1.0,0.0,1.0
459973.0,0.5619047324007043,-0.008058350385566,-0.688176169055054,-1.4009674040504705,-0.2956500203758296,1.288284116526358,1.0,0.0,1.0,0.0
554961.0,0.4559071932766985,0.5032377391446586,-1.3817467761654108,1.4744503009561964,0.5184390673960743,1.288284116526358,0.0,1.0,0.0,1.0
409142.0,0.0319170367806759,-0.0796643868088945,-0.688176169055054,0.0367414484528629,-1.0690346537591382,-0.483229565480857,1.0,0.0,0.0,1.0
567033.0,0.1379145759046816,0.86457108727161,0.6989650451656594,0.0367414484528629,1.0068925200592158,-0.483229565480857,0.0,1.0,0.0,1.0
389998.0,-0.4980706588393523,-0.119988227126152,0.0053944380553026,-0.6821129777988038,-0.2956500203758296,-1.3689864064844643,0.0,1.0,1.0,0.0
395036.0,-1.0280583544593809,0.3213338594210995,-1.3817467761654108,-1.4009674040504705,-0.7433990186503765,0.4025272755227504,1.0,0.0,0.0,1.0
345299.0,-1.876038667451426,0.1828295897403623,-0.688176169055054,-1.4009674040504705,0.8033702481162398,-1.3689864064844643,0.0,1.0,0.0,1.0
707263.0,0.6679022715247098,1.875999820877974,-0.688176169055054,-0.6821129777988038,1.0068925200592158,1.288284116526358,0.0,1.0,1.0,0.0
347296.0,-0.1800780414673354,-0.687943135396496,0.6989650451656594,-0.6821129777988038,-0.1328322028214492,-0.483229565480857,1.0,0.0,0.0,1.0
252052.0,0.8798973497727212,-2.319476046560714,1.392535652276016,-1.4009674040504705,-0.37705892915302,0.4025272755227504,0.0,1.0,1.0,0.0
588373.0,1.5158825845167552,0.9322153008305308,0.6989650451656594,-1.4009674040504705,0.6812568849504541,-1.3689864064844643,1.0,0.0,0.0,1.0
84705.0,-0.286075580591341,-2.7236399774402265,0.0053944380553026,-1.4009674040504705,0.3556212498416933,-1.3689864064844643,1.0,0.0,0.0,1.0
410327.0,1.4098850453927494,-0.8370504475328393,-0.688176169055054,-0.6821129777988038,1.1290058832250016,-0.483229565480857,0.0,1.0,0.0,1.0
465591.0,-1.240053432707392,0.5272848066646253,-0.688176169055054,0.7555958747045297,0.640552430561859,0.4025272755227504,0.0,1.0,1.0,0.0
335304.0,-0.1800780414673354,-0.9162115632001376,0.0053944380553026,-0.6821129777988038,0.8033702481162398,-0.483229565480857,0.0,1.0,1.0,0.0
459433.0,0.5619047324007043,-0.2753448518142996,0.0053944380553026,1.4744503009561964,-0.4991722923188056,-0.483229565480857,0.0,1.0,0.0,1.0
413877.0,-0.922060815335375,0.3539977984356029,-1.3817467761654108,0.7555958747045297,-0.0107188396556635,-0.483229565480857,1.0,0.0,1.0,0.0
406416.0,0.3499096541526929,-0.656359434754771,-0.688176169055054,1.4744503009561964,-2.005237104696828,0.4025272755227504,0.0,1.0,1.0,0.0
406750.0,0.5619047324007043,-0.5829321085278676,-1.3817467761654108,0.0367414484528629,1.2918237007793825,1.288284116526358,1.0,0.0,0.0,1.0
656058.0,0.6679022715247098,1.3304466210276775,0.6989650451656594,0.7555958747045297,-0.4584678379302104,1.288284116526358,1.0,0.0,1.0,0.0
680364.0,2.151867819260789,0.7289139104587686,0.6989650451656594,0.0367414484528629,1.943094970996905,1.288284116526358,0.0,1.0,1.0,0.0
516025.0,0.8798973497727212,0.2889354828166078,1.392535652276016,-0.6821129777988038,-0.1735366572100444,-0.483229565480857,1.0,0.0,1.0,0.0
439182.0,1.5158825845167552,-0.946013753618669,0.6989650451656594,0.0367414484528629,0.7219613393390494,1.288284116526358,1.0,0.0,1.0,0.0
317560.0,-1.3460509718313975,-0.2015248068270793,-1.3817467761654108,-0.6821129777988038,0.1520989778987173,-0.483229565480857,1.0,0.0,0.0,1.0
597813.0,0.8798973497727212,0.6504048984698205,0.6989650451656594,0.7555958747045297,0.2335078866759077,0.4025272755227504,0.0,1.0,0.0,1.0
520552.0,0.8798973497727212,0.6561400394812705,-1.3817467761654108,-0.6821129777988038,0.8033702481162398,-0.483229565480857,1.0,0.0,1.0,0.0
457757.0,1.9398727410127776,-0.1795747380922277,-1.3817467761654108,-0.6821129777988038,-0.4584678379302104,-1.3689864064844643,1.0,0.0,1.0,0.0
574690.0,0.7738998106487155,0.7013348347538112,0.0053944380553026,0.7555958747045297,0.5591435217846685,-0.483229565480857,0.0,1.0,0.0,1.0
414006.0,-0.4980706588393523,-0.0230142860624352,1.392535652276016,-0.6821129777988038,-0.7841034730389718,-0.483229565480857,1.0,0.0,0.0,1.0
304590.0,-0.7100657370873636,-0.928000099005974,0.0053944380553026,-1.4009674040504705,-1.0690346537591382,1.288284116526358,1.0,0.0,1.0,0.0
615989.0,-0.7100657370873636,1.8515564076372557,-0.688176169055054,1.4744503009561964,0.7219613393390494,-1.3689864064844643,0.0,1.0,0.0,1.0
524363.0,1.197889967144738,0.4018776388130433,-1.3817467761654108,0.7555958747045297,0.0299856147329316,-1.3689864064844643,0.0,1.0,0.0,1.0
302469.0,-1.876038667451426,-0.6967125152325317,0.6989650451656594,-0.6821129777988038,1.5360504271109536,1.288284116526358,1.0,0.0,0.0,1.0
392134.0,0.4559071932766985,-0.4498406479356567,0.6989650451656594,-1.4009674040504705,-1.272556925702114,-0.483229565480857,1.0,0.0,1.0,0.0
238628.0,-0.4980706588393523,-1.7342599651153263,0.6989650451656594,1.4744503009561964,-0.0107188396556635,-0.483229565480857,1.0,0.0,0.0,1.0
414458.0,0.7738998106487155,-0.752437318909987,1.392535652276016,0.7555958747045297,1.047596974447811,-0.483229565480857,1.0,0.0,0.0,1.0
537560.0,1.4098850453927494,0.0138067563744352,-0.688176169055054,1.4744503009561964,-0.2549455659872344,0.4025272755227504,0.0,1.0,1.0,0.0
530116.0,-0.8160632762113693,1.1654281935533752,-0.688176169055054,-1.4009674040504705,0.8847791568934302,1.288284116526358,1.0,0.0,0.0,1.0
623884.0,-0.1800780414673354,1.466158656844948,0.6989650451656594,0.0367414484528629,-1.761010378365256,0.4025272755227504,0.0,1.0,1.0,0.0
532845.0,0.3499096541526929,0.5995501805161285,0.0053944380553026,-1.4009674040504705,-0.2549455659872344,0.4025272755227504,0.0,1.0,1.0,0.0
424283.0,1.0918924280207325,-0.4790109927559148,-0.688176169055054,-1.4009674040504705,0.1928034322873125,-0.483229565480857,0.0,1.0,0.0,1.0
509907.0,0.9858948888967268,-0.1634266439408398,1.392535652276016,0.0367414484528629,0.3149167954530981,1.288284116526358,1.0,0.0,0.0,1.0
295829.0,-0.3920731197153467,-1.1891883394220328,-0.688176169055054,0.7555958747045297,-0.2956500203758296,-0.483229565480857,0.0,1.0,0.0,1.0
320968.0,-0.1800780414673354,-1.1946678934191406,1.392535652276016,0.7555958747045297,-0.092127748432854,-1.3689864064844643,0.0,1.0,0.0,1.0
504315.0,-0.8160632762113693,1.1165225174592364,-1.3817467761654108,-0.6821129777988038,0.111394523510122,0.4025272755227504,1.0,0.0,1.0,0.0
429185.0,-0.3920731197153467,-0.0474335562513976,0.0053944380553026,-0.6821129777988038,-1.3539658344793042,0.4025272755227504,0.0,1.0,1.0,0.0
650843.0,0.9858948888967268,1.1109393154148408,0.0053944380553026,1.4744503009561964,1.3732326095565728,1.288284116526358,1.0,0.0,1.0,0.0
401656.0,-0.0740805023433297,-0.5061691147146599,-0.688176169055054,0.0367414484528629,1.6581637902767383,0.4025272755227504,0.0,1.0,0.0,1.0
293436.0,0.6679022715247098,-1.4708495187641717,0.6989650451656594,-1.4009674040504705,0.111394523510122,-0.483229565480857,1.0,0.0,1.0,0.0
400019.0,-0.3920731197153467,-0.0484719043127742,-1.3817467761654108,0.0367414484528629,-0.4177633835416152,0.4025272755227504,1.0,0.0,0.0,1.0
463422.0,-0.0740805023433297,0.2916025494182789,-0.688176169055054,-0.6821129777988038,0.3963257042302885,-0.483229565480857,0.0,1.0,1.0,0.0
456568.0,-2.194031284823443,0.7783050353635487,0.6989650451656594,1.4744503009561964,-0.5805812010959961,-0.483229565480857,0.0,1.0,1.0,0.0
701175.0,0.8798973497727212,1.7105655988987851,1.392535652276016,0.0367414484528629,0.9661880656706208,0.4025272755227504,1.0,0.0,1.0,0.0
449357.0,0.1379145759046816,0.1492518621057021,0.6989650451656594,-1.4009674040504705,-1.1504435625363287,-1.3689864064844643,0.0,1.0,0.0,1.0
399373.0,0.1379145759046816,-0.3911765720820778,-0.688176169055054,1.4744503009561964,0.2742123410645029,-0.483229565480857,1.0,0.0,1.0,0.0
433145.0,-0.4980706588393523,-0.2743370853104692,-0.688176169055054,1.4744503009561964,0.477734613007479,1.288284116526358,0.0,1.0,0.0,1.0
438694.0,1.197889967144738,-0.7242977389616577,0.6989650451656594,-0.6821129777988038,-0.0107188396556635,1.288284116526358,1.0,0.0,1.0,0.0
622884.0,0.9858948888967268,0.8425915371054946,0.6989650451656594,-0.6821129777988038,-0.1328322028214492,1.288284116526358,0.0,1.0,1.0,0.0
339632.0,1.5158825845167552,-1.3322699101298483,0.0053944380553026,0.0367414484528629,0.3149167954530981,-1.3689864064844643,1.0,0.0,1.0,0.0
382155.0,-0.286075580591341,-0.2289401660066937,-0.688176169055054,0.0367414484528629,0.1928034322873125,-0.483229565480857,1.0,0.0,0.0,1.0
701727.0,1.833875201888772,1.7487185482919765,-0.688176169055054,-1.4009674040504705,-1.3946702888678997,-0.483229565480857,0.0,1.0,1.0,0.0
467007.0,-0.3920731197153467,0.5386454337871297,-1.3817467761654108,-0.6821129777988038,0.6812568849504541,-0.483229565480857,0.0,1.0,1.0,0.0
525494.0,-0.0740805023433297,0.0477561664452952,1.392535652276016,1.4744503009561964,2.228026151717071,1.288284116526358,0.0,1.0,0.0,1.0
392349.0,-0.4980706588393523,-0.536735764168797,1.392535652276016,0.7555958747045297,-0.6212856554845914,-0.483229565480857,0.0,1.0,0.0,1.0
328834.0,0.8798973497727212,-1.1725485945448952,-0.688176169055054,-1.4009674040504705,-0.6619901098731865,0.4025272755227504,1.0,0.0,1.0,0.0
359705.0,0.0319170367806759,-0.3877490350905792,-1.3817467761654108,0.7555958747045297,-0.4177633835416152,-1.3689864064844643,1.0,0.0,0.0,1.0
312882.0,-0.0740805023433297,-1.1976903584197591,-0.688176169055054,0.0367414484528629,-1.516783652033685,0.4025272755227504,0.0,1.0,1.0,0.0
615015.0,1.3038875062687438,0.6988733907354091,1.392535652276016,0.7555958747045297,0.7219613393390494,0.4025272755227504,1.0,0.0,0.0,1.0
454131.0,-0.922060815335375,0.4428579146434924,0.0053944380553026,-0.6821129777988038,-1.272556925702114,1.288284116526358,1.0,0.0,1.0,0.0
333848.0,-1.1340558935833862,-0.7058731769011083,1.392535652276016,1.4744503009561964,0.1520989778987173,-0.483229565480857,1.0,0.0,0.0,1.0
393256.0,0.2439121150286872,-0.6586938727309198,0.0053944380553026,0.7555958747045297,0.5998479761732637,0.4025272755227504,1.0,0.0,1.0,0.0
265627.0,-1.6640435892034149,-0.7616837879848026,-0.688176169055054,0.7555958747045297,-1.0690346537591382,-1.3689864064844643,0.0,1.0,1.0,0.0
553476.0,1.0918924280207325,0.2328649229984118,0.6989650451656594,0.0367414484528629,0.1520989778987173,0.4025272755227504,0.0,1.0,1.0,0.0
621866.0,-0.0740805023433297,1.5207263923995775,-1.3817467761654108,1.4744503009561964,0.111394523510122,1.288284116526358,1.0,0.0,1.0,0.0
292966.0,-1.240053432707392,-0.780623475798692,-0.688176169055054,0.7555958747045297,1.4953459727223584,-1.3689864064844643,0.0,1.0,1.0,0.0
340876.0,0.3499096541526929,-1.003048474091412,-0.688176169055054,-1.4009674040504705,0.1928034322873125,1.288284116526358,1.0,0.0,0.0,1.0
506841.0,-0.7100657370873636,0.9323806939276356,-1.3817467761654108,-0.6821129777988038,-0.4177633835416152,0.4025272755227504,0.0,1.0,1.0,0.0
577570.0,2.469860436632806,0.1412976393414436,1.392535652276016,0.7555958747045297,0.640552430561859,-1.3689864064844643,1.0,0.0,0.0,1.0
447262.0,0.3499096541526929,-0.079041416999544,0.0053944380553026,0.7555958747045297,0.4370301586188838,-0.483229565480857,1.0,0.0,0.0,1.0
524324.0,-0.3920731197153467,0.4329234102388689,1.392535652276016,0.7555958747045297,0.4370301586188838,0.4025272755227504,0.0,1.0,0.0,1.0
387690.0,-1.982036206575432,0.3411061837888245,0.6989650451656594,0.0367414484528629,-0.6212856554845914,-1.3689864064844643,0.0,1.0,1.0,0.0
524409.0,-0.0740805023433297,0.5341758974663889,0.6989650451656594,0.7555958747045297,0.111394523510122,-0.483229565480857,0.0,1.0,1.0,0.0
636894.0,1.833875201888772,0.7960267371041153,0.0053944380553026,0.7555958747045297,1.0068925200592158,-0.483229565480857,0.0,1.0,0.0,1.0
498799.0,0.4559071932766985,0.3129220564773195,0.0053944380553026,0.7555958747045297,1.210414792002192,-0.483229565480857,1.0,0.0,1.0,0.0
603605.0,-0.604068197963358,1.467691147910166,-1.3817467761654108,0.0367414484528629,2.187321697328476,1.288284116526358,0.0,1.0,0.0,1.0
419614.0,-1.1340558935833862,0.2964591963592626,0.0053944380553026,-1.4009674040504705,1.2511192463907872,-0.483229565480857,0.0,1.0,0.0,1.0
521151.0,-1.240053432707392,1.3330778781970631,-0.688176169055054,0.7555958747045297,0.8440747025048351,-0.483229565480857,1.0,0.0,1.0,0.0
705719.0,-0.7100657370873636,2.665597284035021,0.0053944380553026,-0.6821129777988038,1.1290058832250016,0.4025272755227504,1.0,0.0,1.0,0.0
284131.0,-0.0740805023433297,-1.3008760433346085,-0.688176169055054,-0.6821129777988038,-0.092127748432854,-0.483229565480857,0.0,1.0,1.0,0.0
553946.0,1.5158825845167552,-0.0895063141658869,1.392535652276016,1.4744503009561964,-0.8248079274275669,1.288284116526358,1.0,0.0,0.0,1.0
573984.0,-0.0740805023433297,1.6940535198588034,-1.3817467761654108,-0.6821129777988038,0.1928034322873125,-1.3689864064844643,1.0,0.0,0.0,1.0
438633.0,-1.240053432707392,0.4446678620678865,-0.688176169055054,-0.6821129777988038,1.2511192463907872,1.288284116526358,1.0,0.0,0.0,1.0
271791.0,0.0319170367806759,-1.5241910094914028,0.0053944380553026,0.7555958747045297,0.5998479761732637,-0.483229565480857,1.0,0.0,1.0,0.0
542974.0,1.3038875062687438,0.5338624232283299,0.6989650451656594,0.0367414484528629,-0.9469212905933526,-1.3689864064844643,1.0,0.0,0.0,1.0
398405.0,-1.1340558935833862,0.2654295423561801,-1.3817467761654108,0.7555958747045297,-0.1735366572100444,-1.3689864064844643,0.0,1.0,0.0,1.0
433860.0,0.2439121150286872,-0.333416848502357,0.6989650451656594,1.4744503009561964,-0.2549455659872344,-1.3689864064844643,0.0,1.0,0.0,1.0
507488.0,-1.1340558935833862,1.0153419965032144,0.6989650451656594,0.7555958747045297,-1.3946702888678997,-1.3689864064844643,0.0,1.0,1.0,0.0
595828.0,0.1379145759046816,0.8501681765178326,1.392535652276016,1.4744503009561964,-1.5981925608108756,0.4025272755227504,0.0,1.0,1.0,0.0
436462.0,-0.3920731197153467,0.0384946244889368,0.0053944380553026,-1.4009674040504705,1.413937063945168,1.288284116526358,1.0,0.0,1.0,0.0
280579.0,-0.0740805023433297,-1.5238470726787965,-0.688176169055054,0.0367414484528629,-0.4177633835416152,0.4025272755227504,0.0,1.0,1.0,0.0
362077.0,-0.0740805023433297,-0.9119713263120812,1.392535652276016,0.0367414484528629,0.477734613007479,0.4025272755227504,1.0,0.0,0.0,1.0
249162.0,0.3499096541526929,-1.750102701600475,-1.3817467761654108,-1.4009674040504705,-0.7433990186503765,0.4025272755227504,0.0,1.0,0.0,1.0
409445.0,1.833875201888772,-0.8979003082722861,0.6989650451656594,-1.4009674040504705,-0.6619901098731865,-0.483229565480857,1.0,0.0,1.0,0.0
333679.0,-1.876038667451426,-0.282102930447268,1.392535652276016,-1.4009674040504705,-0.4991722923188056,-0.483229565480857,0.0,1.0,1.0,0.0
377418.0,0.4559071932766985,-1.1928817304740162,1.392535652276016,0.0367414484528629,0.9254836112820256,0.4025272755227504,0.0,1.0,0.0,1.0
431966.0,1.6218801236407607,-0.3095908449968493,-0.688176169055054,-1.4009674040504705,-0.1328322028214492,-1.3689864064844643,1.0,0.0,0.0,1.0
418608.0,0.2439121150286872,-0.6115694462007398,0.6989650451656594,-1.4009674040504705,-0.0514232940442587,1.288284116526358,0.0,1.0,1.0,0.0
406650.0,-0.7100657370873636,-0.0804928331378806,1.392535652276016,-1.4009674040504705,-1.7203059239766612,-0.483229565480857,0.0,1.0,0.0,1.0
315252.0,-0.286075580591341,-1.2746713163533074,1.392535652276016,0.0367414484528629,1.454641518333763,0.4025272755227504,1.0,0.0,0.0,1.0
463339.0,-0.7100657370873636,0.0714862217762261,0.6989650451656594,1.4744503009561964,0.9254836112820256,1.288284116526358,1.0,0.0,1.0,0.0
557299.0,-0.1800780414673354,1.168421503562904,1.392535652276016,0.7555958747045297,-2.005237104696828,-1.3689864064844643,1.0,0.0,0.0,1.0
428234.0,0.1379145759046816,-0.4449090724173828,0.6989650451656594,1.4744503009561964,0.2335078866759077,0.4025272755227504,1.0,0.0,1.0,0.0
391389.0,0.7738998106487155,-1.0132438679071978,1.392535652276016,0.0367414484528629,0.640552430561859,0.4025272755227504,1.0,0.0,0.0,1.0
375746.0,-0.0740805023433297,-0.7148644268306575,0.6989650451656594,-1.4009674040504705,-0.4177633835416152,0.4025272755227504,0.0,1.0,1.0,0.0
510351.0,0.9858948888967268,0.2461016061718491,0.6989650451656594,-1.4009674040504705,-2.452986102971374,-0.483229565480857,0.0,1.0,1.0,0.0
528087.0,0.3499096541526929,0.5070675839885308,0.0053944380553026,1.4744503009561964,1.2511192463907872,-1.3689864064844643,0.0,1.0,1.0,0.0
102105.0,0.2439121150286872,-3.0726543134632918,0.6989650451656594,-0.6821129777988038,0.0299856147329316,-0.483229565480857,1.0,0.0,1.0,0.0
624196.0,0.7738998106487155,1.1715348607780964,-1.3817467761654108,0.7555958747045297,1.1290058832250016,0.4025272755227504,0.0,1.0,0.0,1.0
382565.0,1.3038875062687438,-1.4490604553015838,0.6989650451656594,1.4744503009561964,-0.7841034730389718,1.288284116526358,1.0,0.0,0.0,1.0
572242.0,1.4098850453927494,0.3429163240625432,0.0053944380553026,0.0367414484528629,0.5591435217846685,0.4025272755227504,0.0,1.0,1.0,0.0
490833.0,-0.7100657370873636,0.8040079439177007,-1.3817467761654108,0.0367414484528629,-1.5574881064222803,1.288284116526358,1.0,0.0,1.0,0.0
300783.0,-1.1340558935833862,-0.8060403642373822,1.392535652276016,-0.6821129777988038,0.3149167954530981,-0.483229565480857,1.0,0.0,0.0,1.0
375717.0,-1.982036206575432,0.1152465457127519,0.6989650451656594,0.0367414484528629,-1.1097391081477337,-0.483229565480857,0.0,1.0,0.0,1.0
494010.0,-1.6640435892034149,0.9769650345469112,1.392535652276016,-0.6821129777988038,1.5360504271109536,0.4025272755227504,1.0,0.0,1.0,0.0
307361.0,-1.0280583544593809,-1.0242638225558591,-1.3817467761654108,0.7555958747045297,0.5591435217846685,1.288284116526358,0.0,1.0,1.0,0.0
328617.0,0.0319170367806759,-0.9941537973513211,-1.3817467761654108,-0.6821129777988038,-0.0107188396556635,0.4025272755227504,0.0,1.0,1.0,0.0
286720.0,0.2439121150286872,-1.359290706889747,-0.688176169055054,1.4744503009561964,1.6988682446653336,-1.3689864064844643,1.0,0.0,1.0,0.0
289104.0,-0.7100657370873636,-0.756062907884224,0.0053944380553026,-1.4009674040504705,-2.3308727398055886,-0.483229565480857,1.0,0.0,1.0,0.0
333707.0,0.1379145759046816,-1.5312279907427724,1.392535652276016,1.4744503009561964,-0.7026945642617818,0.4025272755227504,0.0,1.0,1.0,0.0
526921.0,0.8798973497727212,0.3117758708033547,-1.3817467761654108,-0.6821129777988038,-0.6212856554845914,1.288284116526358,0.0,1.0,1.0,0.0
566725.0,0.3499096541526929,0.48183389773814,1.392535652276016,0.7555958747045297,0.9661880656706208,0.4025272755227504,0.0,1.0,1.0,0.0
352597.0,-2.51202390219546,0.4627450495948642,-0.688176169055054,0.0367414484528629,-0.2549455659872344,-0.483229565480857,1.0,0.0,1.0,0.0
531788.0,0.6679022715247098,0.1616451217465722,1.392535652276016,0.7555958747045297,1.1697103376135969,-0.483229565480857,0.0,1.0,1.0,0.0
511772.0,1.0918924280207325,-0.2485243294584649,1.392535652276016,-0.6821129777988038,-1.3539658344793042,1.288284116526358,0.0,1.0,1.0,0.0
504203.0,-0.8160632762113693,1.0432943231471083,-0.688176169055054,-0.6821129777988038,-0.4177633835416152,0.4025272755227504,1.0,0.0,0.0,1.0
500227.0,-0.604068197963358,0.594003421260886,0.0053944380553026,0.7555958747045297,-1.47607919764509,1.288284116526358,1.0,0.0,1.0,0.0
496212.0,-1.0280583544593809,0.9164195630010816,0.6989650451656594,0.0367414484528629,-0.7841034730389718,-1.3689864064844643,0.0,1.0,0.0,1.0
521075.0,-1.240053432707392,1.043937144498518,0.6989650451656594,0.7555958747045297,0.0706900691215268,0.4025272755227504,1.0,0.0,0.0,1.0
489353.0,0.5619047324007043,-0.2060727185886419,1.392535652276016,0.0367414484528629,1.454641518333763,1.288284116526358,1.0,0.0,0.0,1.0
405522.0,-0.604068197963358,-0.3539455907613226,0.6989650451656594,-0.6821129777988038,1.4953459727223584,0.4025272755227504,0.0,1.0,1.0,0.0
483825.0,-0.7100657370873636,0.675185370652442,0.6989650451656594,-0.6821129777988038,-1.5981925608108756,0.4025272755227504,1.0,0.0,1.0,0.0
295887.0,-0.922060815335375,-0.6449571453076435,-0.688176169055054,0.0367414484528629,1.576754881499548,-1.3689864064844643,1.0,0.0,0.0,1.0
494613.0,1.197889967144738,-0.2831512540975044,0.6989650451656594,0.7555958747045297,1.8209816078311192,0.4025272755227504,1.0,0.0,1.0,0.0
335637.0,-0.1800780414673354,-1.18149609821792,0.6989650451656594,0.0367414484528629,1.454641518333763,1.288284116526358,1.0,0.0,0.0,1.0
402188.0,0.0319170367806759,-0.1644910072965861,-1.3817467761654108,-0.6821129777988038,-1.0690346537591382,-0.483229565480857,0.0,1.0,0.0,1.0
557691.0,1.197889967144738,-0.1694003185303865,1.392535652276016,1.4744503009561964,1.2511192463907872,1.288284116526358,0.0,1.0,1.0,0.0
471303.0,0.1379145759046816,-0.0777763456504827,0.6989650451656594,-0.6821129777988038,1.4953459727223584,0.4025272755227504,0.0,1.0,1.0,0.0
486218.0,1.3038875062687438,-0.1305778929058489,-1.3817467761654108,0.7555958747045297,0.3556212498416933,-0.483229565480857,0.0,1.0,1.0,0.0
324856.0,-0.3920731197153467,-0.7820606019134987,0.6989650451656594,0.7555958747045297,-0.6619901098731865,-1.3689864064844643,1.0,0.0,0.0,1.0
654338.0,1.5158825845167552,1.176392257934741,0.0053944380553026,1.4744503009561964,1.6988682446653336,-0.483229565480857,1.0,0.0,0.0,1.0
537508.0,-0.7100657370873636,0.9379121045350368,1.392535652276016,1.4744503009561964,0.2742123410645029,-0.483229565480857,1.0,0.0,1.0,0.0
396868.0,-0.3920731197153467,-0.595781738356468,1.392535652276016,0.0367414484528629,0.3556212498416933,1.288284116526358,1.0,0.0,1.0,0.0
618672.0,0.9858948888967268,1.330570010469459,1.392535652276016,-1.4009674040504705,0.9254836112820256,-1.3689864064844643,1.0,0.0,0.0,1.0
387238.0,0.1379145759046816,-0.6597527449533834,-1.3817467761654108,-0.6821129777988038,0.3556212498416933,1.288284116526358,0.0,1.0,0.0,1.0
504556.0,-0.604068197963358,0.6404742204798605,1.392535652276016,0.7555958747045297,1.0068925200592158,-0.483229565480857,1.0,0.0,1.0,0.0
500801.0,0.4559071932766985,0.0047518585848246,0.0053944380553026,0.0367414484528629,-0.4584678379302104,1.288284116526358,0.0,1.0,1.0,0.0
263531.0,-1.1340558935833862,-1.0213900170435664,0.0053944380553026,-1.4009674040504705,0.111394523510122,0.4025272755227504,1.0,0.0,0.0,1.0
521624.0,1.3038875062687438,0.4867598307303123,-0.688176169055054,0.0367414484528629,0.111394523510122,-1.3689864064844643,1.0,0.0,1.0,0.0
654399.0,2.151867819260789,1.2518620248123935,-0.688176169055054,-0.6821129777988038,0.111394523510122,-0.483229565480857,1.0,0.0,1.0,0.0
876593.0,1.5158825845167552,2.821027399003238,1.392535652276016,0.0367414484528629,1.413937063945168,0.4025272755227504,0.0,1.0,1.0,0.0
697228.0,1.3038875062687438,1.3795259625933718,1.392535652276016,-0.6821129777988038,1.0883014288364063,0.4025272755227504,0.0,1.0,0.0,1.0
545957.0,1.4098850453927494,0.0124314189175703,1.392535652276016,0.7555958747045297,0.0299856147329316,-0.483229565480857,0.0,1.0,0.0,1.0
466754.0,0.4559071932766985,0.0312482981728165,-0.688176169055054,1.4744503009561964,0.3556212498416933,-1.3689864064844643,0.0,1.0,0.0,1.0
103911.0,-3.360004215187505,-1.9829329505318865,1.392535652276016,0.7555958747045297,-1.231852471313519,1.288284116526358,1.0,0.0,0.0,1.0
428721.0,-0.1800780414673354,-0.0022446030695074,0.6989650451656594,-0.6821129777988038,-0.1328322028214492,-1.3689864064844643,0.0,1.0,1.0,0.0
350548.0,-1.240053432707392,-0.1226812450812275,-0.688176169055054,-1.4009674040504705,-0.7433990186503765,-0.483229565480857,0.0,1.0,1.0,0.0
620753.0,1.197889967144738,0.9302461877429326,0.6989650451656594,0.0367414484528629,0.0299856147329316,-0.483229565480857,0.0,1.0,0.0,1.0
324758.0,-0.0740805023433297,-1.1866858162399851,0.6989650451656594,-0.6821129777988038,-0.6619901098731865,1.288284116526358,1.0,0.0,0.0,1.0
520493.0,1.9398727410127776,0.1639366520160999,0.6989650451656594,-1.4009674040504705,0.0706900691215268,-1.3689864064844643,1.0,0.0,0.0,1.0
648571.0,0.1379145759046816,1.7980121764488255,0.6989650451656594,0.0367414484528629,-1.028330199370543,-1.3689864064844643,0.0,1.0,0.0,1.0
422668.0,-0.8160632762113693,0.5234962251936083,-1.3817467761654108,-1.4009674040504705,0.640552430561859,-1.3689864064844643,0.0,1.0,0.0,1.0
459641.0,0.6679022715247098,0.2482558048746701,-0.688176169055054,-0.6821129777988038,0.6812568849504541,-1.3689864064844643,1.0,0.0,1.0,0.0
463901.0,0.2439121150286872,-0.3442632413105039,0.0053944380553026,1.4744503009561964,-1.272556925702114,1.288284116526358,0.0,1.0,1.0,0.0
395578.0,0.9858948888967268,-0.4795041603608434,0.0053944380553026,-1.4009674040504705,0.5591435217846685,-1.3689864064844643,1.0,0.0,1.0,0.0
622687.0,0.3499096541526929,1.222146879866242,0.6989650451656594,1.4744503009561964,-0.1328322028214492,0.4025272755227504,1.0,0.0,1.0,0.0
321721.0,-0.1800780414673354,-1.0519916251006491,1.392535652276016,-0.6821129777988038,-0.1328322028214492,-1.3689864064844643,0.0,1.0,1.0,0.0
371423.0,-2.3000288239474487,0.6966997668196119,-0.688176169055054,-1.4009674040504705,-0.8655123818161622,-0.483229565480857,1.0,0.0,1.0,0.0
304654.0,0.2439121150286872,-1.163844489013171,-1.3817467761654108,0.7555958747045297,1.3325281551679775,-0.483229565480857,1.0,0.0,0.0,1.0
419556.0,-2.51202390219546,0.9872399306562052,0.0053944380553026,-1.4009674040504705,-0.6619901098731865,0.4025272755227504,1.0,0.0,1.0,0.0
424019.0,-2.088033745699437,0.5513171274005744,1.392535652276016,-1.4009674040504705,-1.1911480169249238,1.288284116526358,1.0,0.0,1.0,0.0
352855.0,0.3499096541526929,-0.5999370809765067,-1.3817467761654108,-0.6821129777988038,0.0706900691215268,-0.483229565480857,1.0,0.0,0.0,1.0
440359.0,0.1379145759046816,-0.5882384658471848,0.6989650451656594,0.7555958747045297,0.3963257042302885,1.288284116526358,0.0,1.0,0.0,1.0
464255.0,0.8798973497727212,-0.411525340172334,0.6989650451656594,1.4744503009561964,-0.4991722923188056,0.4025272755227504,1.0,0.0,0.0,1.0
535750.0,0.8798973497727212,0.3627258084340319,-1.3817467761654108,0.7555958747045297,0.2335078866759077,0.4025272755227504,0.0,1.0,1.0,0.0
559845.0,0.0319170367806759,0.9732347335916872,1.392535652276016,-1.4009674040504705,-1.516783652033685,-0.483229565480857,0.0,1.0,0.0,1.0
336944.0,0.2439121150286872,-1.1729023319518432,1.392535652276016,0.7555958747045297,-1.8424192871424463,-1.3689864064844643,0.0,1.0,1.0,0.0
369344.0,-1.6640435892034149,-0.169817623386911,1.392535652276016,0.0367414484528629,0.3556212498416933,0.4025272755227504,1.0,0.0,0.0,1.0
318718.0,0.3499096541526929,-1.4566626362183088,1.392535652276016,0.7555958747045297,0.4370301586188838,-1.3689864064844643,0.0,1.0,0.0,1.0
291202.0,0.2439121150286872,-1.3468897132144912,0.0053944380553026,1.4744503009561964,-0.1735366572100444,-1.3689864064844643,1.0,0.0,0.0,1.0
529628.0,1.197889967144738,0.2674303675154726,0.6989650451656594,-1.4009674040504705,-0.5805812010959961,-0.483229565480857,0.0,1.0,0.0,1.0
400039.0,-0.922060815335375,-0.3730826861730927,1.392535652276016,0.0367414484528629,-0.092127748432854,0.4025272755227504,0.0,1.0,0.0,1.0
344305.0,-0.4980706588393523,-1.2261938375650248,1.392535652276016,1.4744503009561964,-2.982144010023112,1.288284116526358,0.0,1.0,1.0,0.0
569291.0,1.197889967144738,0.3873190017589352,1.392535652276016,-1.4009674040504705,1.1290058832250016,1.288284116526358,1.0,0.0,0.0,1.0
413681.0,-1.7700411283274202,0.3401302835162472,0.0053944380553026,0.7555958747045297,0.3556212498416933,-0.483229565480857,0.0,1.0,1.0,0.0
606162.0,-1.0280583544593809,1.980961414360729,0.0053944380553026,0.7555958747045297,-1.1097391081477337,-0.483229565480857,1.0,0.0,1.0,0.0
407702.0,0.0319170367806759,-0.3245203060361203,0.6989650451656594,0.0367414484528629,0.5184390673960743,-0.483229565480857,1.0,0.0,1.0,0.0
400228.0,0.0319170367806759,-0.6710624277611859,0.0053944380553026,-1.4009674040504705,2.187321697328476,1.288284116526358,0.0,1.0,0.0,1.0
485971.0,-0.8160632762113693,0.4136084917325082,0.6989650451656594,1.4744503009561964,2.146617242939881,0.4025272755227504,1.0,0.0,0.0,1.0
388168.0,-1.876038667451426,0.2000455220609332,-0.688176169055054,0.0367414484528629,-0.2956500203758296,0.4025272755227504,0.0,1.0,1.0,0.0
302380.0,0.0319170367806759,-1.2623018161624324,0.0053944380553026,0.7555958747045297,-0.37705892915302,-1.3689864064844643,0.0,1.0,0.0,1.0
278805.0,-1.1340558935833862,-0.8471196563080419,-0.688176169055054,1.4744503009561964,-2.371577194194184,-0.483229565480857,1.0,0.0,0.0,1.0
529308.0,-1.1340558935833862,1.4901465420028848,0.6989650451656594,-0.6821129777988038,-0.3363544747644248,-1.3689864064844643,1.0,0.0,1.0,0.0
564065.0,0.3499096541526929,0.5140432691561054,0.6989650451656594,0.0367414484528629,-0.0514232940442587,1.288284116526358,0.0,1.0,0.0,1.0
372028.0,-1.3460509718313975,0.1830856430236532,0.0053944380553026,0.0367414484528629,-0.092127748432854,-1.3689864064844643,1.0,0.0,0.0,1.0
216564.0,-1.1340558935833862,-1.653180591152569,0.0053944380553026,0.0367414484528629,1.047596974447811,-0.483229565480857,0.0,1.0,1.0,0.0
210578.0,-1.7700411283274202,-1.3237769306981058,-0.688176169055054,0.0367414484528629,0.3149167954530981,-0.483229565480857,0.0,1.0,0.0,1.0
455309.0,2.575857975756812,-0.9673090795112108,0.6989650451656594,-0.6821129777988038,-1.7203059239766612,0.4025272755227504,1.0,0.0,1.0,0.0
624515.0,1.833875201888772,1.111139116493038,0.6989650451656594,-1.4009674040504705,1.0068925200592158,-1.3689864064844643,1.0,0.0,0.0,1.0
418141.0,-1.1340558935833862,-0.0684587062503416,0.6989650451656594,0.7555958747045297,0.3556212498416933,1.288284116526358,1.0,0.0,0.0,1.0
484300.0,0.4559071932766985,0.3295311394171272,0.6989650451656594,-1.4009674040504705,-1.1911480169249238,-1.3689864064844643,0.0,1.0,0.0,1.0
367852.0,-0.7100657370873636,-0.2033977962505237,1.392535652276016,-0.6821129777988038,-1.0690346537591382,-1.3689864064844643,1.0,0.0,1.0,0.0
354030.0,-1.0280583544593809,-0.3076645507627449,1.392535652276016,-1.4009674040504705,-0.9876257449819478,-1.3689864064844643,0.0,1.0,1.0,0.0
437022.0,0.7738998106487155,-0.4719303406768774,-0.688176169055054,0.0367414484528629,0.7219613393390494,1.288284116526358,1.0,0.0,1.0,0.0
408862.0,-0.604068197963358,-0.031036201405165,0.0053944380553026,0.7555958747045297,-0.5805812010959961,-1.3689864064844643,0.0,1.0,1.0,0.0
255646.0,-0.604068197963358,-0.9894040402362586,0.0053944380553026,-1.4009674040504705,-1.6388970151994708,-1.3689864064844643,1.0,0.0,1.0,0.0
484836.0,-0.3920731197153467,0.172396584314411,0.6989650451656594,-0.6821129777988038,0.3149167954530981,1.288284116526358,0.0,1.0,0.0,1.0
354022.0,0.7738998106487155,-0.648685306812491,-0.688176169055054,-1.4009674040504705,-0.1735366572100444,-1.3689864064844643,1.0,0.0,0.0,1.0
576447.0,-0.1800780414673354,0.9113450972075992,0.6989650451656594,0.0367414484528629,-1.9238281959196368,1.288284116526358,0.0,1.0,1.0,0.0
519054.0,-1.452048510955403,1.2891390962707985,0.6989650451656594,0.0367414484528629,0.9254836112820256,-0.483229565480857,1.0,0.0,1.0,0.0
277565.0,0.1379145759046816,-1.1462492004892446,-0.688176169055054,-1.4009674040504705,2.2687306061056667,-1.3689864064844643,1.0,0.0,1.0,0.0
385066.0,-0.0740805023433297,-0.2378100771342561,-0.688176169055054,-0.6821129777988038,-0.7841034730389718,-1.3689864064844643,0.0,1.0,1.0,0.0
217905.0,0.3499096541526929,-1.7420916331403542,-1.3817467761654108,0.0367414484528629,0.0299856147329316,-1.3689864064844643,1.0,0.0,0.0,1.0
425112.0,0.5619047324007043,-0.6110863900588682,0.0053944380553026,0.0367414484528629,1.6988682446653336,1.288284116526358,1.0,0.0,0.0,1.0
400535.0,-0.0740805023433297,-0.0151323807741471,-0.688176169055054,-1.4009674040504705,0.0706900691215268,-0.483229565480857,1.0,0.0,0.0,1.0
470840.0,0.8798973497727212,0.0611790857507417,-0.688176169055054,1.4744503009561964,0.5591435217846685,-1.3689864064844643,1.0,0.0,0.0,1.0
354610.0,-0.8160632762113693,-0.2306873069014697,0.6989650451656594,-0.6821129777988038,0.2335078866759077,-1.3689864064844643,1.0,0.0,0.0,1.0
285181.0,0.1379145759046816,-1.1443147975878578,-1.3817467761654108,0.7555958747045297,0.8847791568934302,-1.3689864064844643,1.0,0.0,1.0,0.0
355800.0,-0.922060815335375,-0.3205031767471945,0.6989650451656594,0.7555958747045297,0.5591435217846685,-1.3689864064844643,1.0,0.0,1.0,0.0
335104.0,-0.1800780414673354,-0.9525535564441896,-1.3817467761654108,0.7555958747045297,-0.8655123818161622,0.4025272755227504,0.0,1.0,0.0,1.0
347986.0,-1.3460509718313975,0.087611733447042,-1.3817467761654108,0.7555958747045297,-0.3363544747644248,-1.3689864064844643,1.0,0.0,0.0,1.0
534678.0,-0.4980706588393523,1.0228841186484974,-0.688176169055054,0.0367414484528629,1.0068925200592158,-0.483229565480857,0.0,1.0,1.0,0.0
465496.0,-1.6640435892034149,0.7754142809489417,0.6989650451656594,0.0367414484528629,-0.7841034730389718,-0.483229565480857,0.0,1.0,0.0,1.0
304611.0,0.1379145759046816,-1.6043112083033424,-1.3817467761654108,1.4744503009561964,0.3963257042302885,1.288284116526358,0.0,1.0,0.0,1.0
508975.0,-0.1800780414673354,0.7563813869087531,-0.688176169055054,0.7555958747045297,1.413937063945168,-0.483229565480857,1.0,0.0,1.0,0.0
235863.0,0.8798973497727212,-2.0057958461986427,-1.3817467761654108,-0.6821129777988038,-0.0107188396556635,0.4025272755227504,1.0,0.0,0.0,1.0
369444.0,-1.1340558935833862,-0.773643932852358,0.6989650451656594,1.4744503009561964,1.0068925200592158,1.288284116526358,0.0,1.0,0.0,1.0
274947.0,1.3038875062687438,-1.8318812848340364,-1.3817467761654108,0.0367414484528629,1.943094970996905,-0.483229565480857,1.0,0.0,1.0,0.0
792942.0,1.6218801236407607,2.338325455165132,0.0053944380553026,1.4744503009561964,1.454641518333763,-1.3689864064844643,0.0,1.0,0.0,1.0
439872.0,0.6679022715247098,-0.6033685801479555,0.0053944380553026,-0.6821129777988038,0.7219613393390494,1.288284116526358,0.0,1.0,0.0,1.0
373816.0,-0.0740805023433297,-0.8147201297978246,-0.688176169055054,1.4744503009561964,0.7219613393390494,1.288284116526358,1.0,0.0,0.0,1.0
401519.0,0.4559071932766985,-0.4549087068522552,-1.3817467761654108,0.0367414484528629,0.0706900691215268,-0.483229565480857,0.0,1.0,1.0,0.0
423153.0,0.7738998106487155,-0.609377511940175,0.0053944380553026,-0.6821129777988038,0.4370301586188838,1.288284116526358,1.0,0.0,1.0,0.0
504169.0,0.5619047324007043,0.2812489263447905,-1.3817467761654108,0.0367414484528629,0.2335078866759077,0.4025272755227504,0.0,1.0,0.0,1.0
159485.0,-1.452048510955403,-2.3806349681877403,1.392535652276016,1.4744503009561964,-0.5805812010959961,1.288284116526358,1.0,0.0,1.0,0.0
353790.0,0.0319170367806759,-1.1518581546576463,0.6989650451656594,-0.6821129777988038,-0.6212856554845914,1.288284116526358,0.0,1.0,1.0,0.0
349010.0,-2.088033745699437,0.1183259509285314,-1.3817467761654108,0.0367414484528629,1.047596974447811,-0.483229565480857,0.0,1.0,1.0,0.0
499691.0,0.0319170367806759,0.8336896866244193,-0.688176169055054,0.0367414484528629,-0.0514232940442587,-1.3689864064844643,1.0,0.0,0.0,1.0
294206.0,0.2439121150286872,-1.2719435254383793,-0.688176169055054,-0.6821129777988038,-0.9469212905933526,0.4025272755227504,1.0,0.0,1.0,0.0
283146.0,-1.7700411283274202,-0.6538502401192667,0.6989650451656594,1.4744503009561964,-0.2549455659872344,-1.3689864064844643,1.0,0.0,1.0,0.0
496052.0,-0.1800780414673354,-0.1634717521411929,1.392535652276016,1.4744503009561964,1.9837994253855,1.288284116526358,0.0,1.0,1.0,0.0
516424.0,-0.4980706588393523,0.7438096608939219,0.0053944380553026,-0.6821129777988038,-0.2549455659872344,0.4025272755227504,0.0,1.0,1.0,0.0
591094.0,2.575857975756812,-0.1846222997995649,0.0053944380553026,0.7555958747045297,0.5998479761732637,1.288284116526358,0.0,1.0,0.0,1.0
521155.0,0.2439121150286872,0.9338490851497776,-0.688176169055054,0.0367414484528629,0.0299856147329316,-1.3689864064844643,1.0,0.0,0.0,1.0
546952.0,-0.0740805023433297,0.7045827643099221,0.6989650451656594,0.0367414484528629,0.3963257042302885,1.288284116526358,1.0,0.0,0.0,1.0
625568.0,0.7738998106487155,1.158269346024563,0.6989650451656594,-0.6821129777988038,-2.168054922251208,0.4025272755227504,0.0,1.0,0.0,1.0
523038.0,2.2578653583847945,-0.5377320205363945,0.6989650451656594,1.4744503009561964,0.2742123410645029,-0.483229565480857,0.0,1.0,1.0,0.0
409248.0,0.5619047324007043,-0.3532654427227253,-1.3817467761654108,-1.4009674040504705,-0.9062168362047572,1.288284116526358,1.0,0.0,1.0,0.0
254773.0,0.0319170367806759,-1.8500445972860071,1.392535652276016,0.7555958747045297,-0.9469212905933526,-1.3689864064844643,0.0,1.0,0.0,1.0
349735.0,0.3499096541526929,-0.5229547486842346,-1.3817467761654108,0.0367414484528629,-1.0690346537591382,-1.3689864064844643,1.0,0.0,1.0,0.0
519161.0,0.7738998106487155,0.6127061507682057,-1.3817467761654108,0.0367414484528629,-0.2956500203758296,-1.3689864064844643,0.0,1.0,0.0,1.0
406033.0,-1.0280583544593809,-0.0667361087389633,1.392535652276016,-0.6821129777988038,1.0883014288364063,0.4025272755227504,1.0,0.0,0.0,1.0
276508.0,1.6218801236407607,-2.375044049787825,1.392535652276016,0.7555958747045297,0.477734613007479,-1.3689864064844643,0.0,1.0,0.0,1.0
473874.0,0.0319170367806759,0.1700458091358169,1.392535652276016,1.4744503009561964,0.8033702481162398,-1.3689864064844643,1.0,0.0,0.0,1.0
397740.0,-1.7700411283274202,0.2922126558530356,-1.3817467761654108,0.7555958747045297,0.1928034322873125,1.288284116526358,1.0,0.0,0.0,1.0
415163.0,-2.088033745699437,0.0097891638795541,1.392535652276016,0.7555958747045297,1.2511192463907872,1.288284116526358,0.0,1.0,0.0,1.0
607718.0,-0.286075580591341,1.4355121637698165,1.392535652276016,-0.6821129777988038,0.8847791568934302,0.4025272755227504,1.0,0.0,0.0,1.0
360559.0,0.9858948888967268,-0.6330933603433719,-1.3817467761654108,-0.6821129777988038,-0.9062168362047572,-1.3689864064844643,1.0,0.0,1.0,0.0
421696.0,0.6679022715247098,-0.4465975625049256,0.6989650451656594,0.0367414484528629,-0.1328322028214492,-0.483229565480857,1.0,0.0,1.0,0.0
503872.0,-0.4980706588393523,0.6984880988620159,1.392535652276016,-0.6821129777988038,1.780277153442524,-0.483229565480857,1.0,0.0,1.0,0.0
401829.0,-0.286075580591341,-0.3363907870144558,1.392535652276016,0.7555958747045297,-1.3946702888678997,-0.483229565480857,1.0,0.0,1.0,0.0
427925.0,-0.604068197963358,-0.030028988919833,0.6989650451656594,-0.6821129777988038,-0.8655123818161622,1.288284116526358,1.0,0.0,0.0,1.0
622338.0,0.9858948888967268,1.2279817546594596,0.0053944380553026,-0.6821129777988038,0.2742123410645029,0.4025272755227504,1.0,0.0,1.0,0.0
349460.0,-0.4980706588393523,-0.3020122051989281,-0.688176169055054,0.0367414484528629,0.3149167954530981,-1.3689864064844643,1.0,0.0,0.0,1.0
727247.0,1.6218801236407607,1.6353994246989436,1.392535652276016,-1.4009674040504705,-0.5398767467074009,0.4025272755227504,0.0,1.0,1.0,0.0
407604.0,0.8798973497727212,-0.8951255878207638,1.392535652276016,-1.4009674040504705,0.111394523510122,1.288284116526358,1.0,0.0,0.0,1.0
427100.0,0.1379145759046816,-0.2357104012466641,-1.3817467761654108,1.4744503009561964,-2.3308727398055886,1.288284116526358,1.0,0.0,1.0,0.0
295116.0,-1.0280583544593809,-0.9080260652207774,-1.3817467761654108,-1.4009674040504705,-0.1735366572100444,1.288284116526358,0.0,1.0,1.0,0.0
421966.0,0.3499096541526929,-0.8358058604099141,1.392535652276016,0.0367414484528629,-0.4991722923188056,1.288284116526358,0.0,1.0,0.0,1.0
715887.0,1.0918924280207325,1.7483599655818909,0.6989650451656594,1.4744503009561964,-0.2549455659872344,0.4025272755227504,1.0,0.0,1.0,0.0
461570.0,-0.3920731197153467,0.4037302000193946,0.0053944380553026,-1.4009674040504705,1.2511192463907872,0.4025272755227504,1.0,0.0,1.0,0.0
414055.0,-1.3460509718313975,0.0047870881514294,-0.688176169055054,0.0367414484528629,1.780277153442524,1.288284116526358,0.0,1.0,0.0,1.0
193179.0,-1.452048510955403,-1.4090100022431595,-1.3817467761654108,0.0367414484528629,0.8847791568934302,-1.3689864064844643,0.0,1.0,1.0,0.0
234694.0,-1.7700411283274202,-1.1549601809177683,0.6989650451656594,-0.6821129777988038,2.4315484236600478,-1.3689864064844643,0.0,1.0,0.0,1.0
344475.0,-1.0280583544593809,-0.8958368906394859,0.6989650451656594,1.4744503009561964,0.640552430561859,0.4025272755227504,0.0,1.0,1.0,0.0
682354.0,1.197889967144738,1.4299993295812814,0.0053944380553026,1.4744503009561964,0.2742123410645029,-0.483229565480857,0.0,1.0,1.0,0.0
512271.0,-0.0740805023433297,0.8370948462430707,0.0053944380553026,0.0367414484528629,1.9023905166083095,-1.3689864064844643,1.0,0.0,1.0,0.0
551125.0,0.5619047324007043,0.3557763775488697,1.392535652276016,0.7555958747045297,1.9023905166083095,-0.483229565480857,0.0,1.0,0.0,1.0
479452.0,-0.3920731197153467,0.294106280060748,1.392535652276016,-1.4009674040504705,-1.4353747432564947,0.4025272755227504,0.0,1.0,0.0,1.0
608736.0,-1.240053432707392,1.9277892739420703,0.0053944380553026,-1.4009674040504705,0.5184390673960743,0.4025272755227504,0.0,1.0,0.0,1.0
386834.0,0.9858948888967268,-1.0114952759841824,-1.3817467761654108,0.7555958747045297,0.0299856147329316,0.4025272755227504,0.0,1.0,0.0,1.0
713748.0,1.833875201888772,1.5201169644719412,1.392535652276016,-1.4009674040504705,0.640552430561859,-0.483229565480857,0.0,1.0,1.0,0.0
507596.0,0.6679022715247098,0.3653811910196088,0.0053944380553026,-0.6821129777988038,-0.7026945642617818,0.4025272755227504,1.0,0.0,1.0,0.0
345749.0,-0.604068197963358,-0.6192829950339132,0.6989650451656594,0.0367414484528629,0.7626657937276446,-0.483229565480857,1.0,0.0,1.0,0.0
447973.0,-0.7100657370873636,0.4405408040867614,0.0053944380553026,0.7555958747045297,2.553661786825833,-1.3689864064844643,1.0,0.0,1.0,0.0
546456.0,-0.1800780414673354,0.9854519381080048,-1.3817467761654108,0.0367414484528629,-0.092127748432854,0.4025272755227504,0.0,1.0,1.0,0.0
482011.0,-1.876038667451426,1.125464014561619,0.6989650451656594,0.0367414484528629,1.2511192463907872,-0.483229565480857,1.0,0.0,0.0,1.0
241560.0,-3.783994371683528,-0.0292655537801414,-0.688176169055054,0.0367414484528629,-0.5805812010959961,-1.3689864064844643,0.0,1.0,1.0,0.0
378665.0,-0.7100657370873636,0.0232669260658701,0.0053944380553026,-0.6821129777988038,0.4370301586188838,-1.3689864064844643,1.0,0.0,0.0,1.0
428020.0,0.1379145759046816,-0.6141537475837815,0.6989650451656594,1.4744503009561964,-0.1328322028214492,0.4025272755227504,0.0,1.0,0.0,1.0
311679.0,-2.194031284823443,-0.7675039119634529,1.392535652276016,1.4744503009561964,0.0706900691215268,0.4025272755227504,0.0,1.0,1.0,0.0
314649.0,-0.286075580591341,-0.8960740909536465,-1.3817467761654108,-1.4009674040504705,-0.6619901098731865,0.4025272755227504,0.0,1.0,1.0,0.0
398939.0,-0.0740805023433297,-0.3919261204263837,-0.688176169055054,0.7555958747045297,-0.4991722923188056,-0.483229565480857,0.0,1.0,0.0,1.0
503446.0,-0.8160632762113693,0.9032643993421836,-0.688176169055054,-0.6821129777988038,-0.4584678379302104,1.288284116526358,1.0,0.0,1.0,0.0
669884.0,0.3499096541526929,1.4038025423170946,1.392535652276016,0.7555958747045297,2.4315484236600478,1.288284116526358,1.0,0.0,1.0,0.0
412124.0,-0.286075580591341,-0.1704516198350385,0.6989650451656594,1.4744503009561964,1.1290058832250016,-1.3689864064844643,1.0,0.0,1.0,0.0
356836.0,-1.982036206575432,-0.3551651404161698,1.392535652276016,-0.6821129777988038,-0.8248079274275669,1.288284116526358,0.0,1.0,0.0,1.0
404575.0,-0.3920731197153467,-0.4629311328416467,-1.3817467761654108,0.7555958747045297,1.8209816078311192,1.288284116526358,0.0,1.0,1.0,0.0
338145.0,-0.604068197963358,-0.5376659485657552,-0.688176169055054,-1.4009674040504705,1.6581637902767383,0.4025272755227504,1.0,0.0,1.0,0.0
356466.0,-0.7100657370873636,-0.7155783398508149,0.6989650451656594,-0.6821129777988038,0.477734613007479,0.4025272755227504,0.0,1.0,1.0,0.0
490052.0,-0.604068197963358,0.8014862218770694,0.0053944380553026,-1.4009674040504705,-0.3363544747644248,0.4025272755227504,1.0,0.0,0.0,1.0
307973.0,-0.1800780414673354,-1.3713771843585292,1.392535652276016,0.0367414484528629,1.047596974447811,0.4025272755227504,1.0,0.0,0.0,1.0
681486.0,-1.1340558935833862,2.515019146268268,-1.3817467761654108,1.4744503009561964,-0.2142411115986396,1.288284116526358,1.0,0.0,1.0,0.0
691470.0,2.3638628975088003,0.8079228652829439,1.392535652276016,-1.4009674040504705,1.210414792002192,1.288284116526358,0.0,1.0,0.0,1.0
492246.0,0.7738998106487155,0.57353712516152,-1.3817467761654108,-0.6821129777988038,1.047596974447811,-1.3689864064844643,1.0,0.0,0.0,1.0
620767.0,0.3499096541526929,1.2802841878692792,1.392535652276016,-1.4009674040504705,1.6581637902767383,-0.483229565480857,0.0,1.0,1.0,0.0
307098.0,-2.51202390219546,-0.2370800722794745,0.6989650451656594,-0.6821129777988038,-0.2549455659872344,-0.483229565480857,0.0,1.0,0.0,1.0
427919.0,-0.286075580591341,-0.2875814885270096,0.6989650451656594,1.4744503009561964,-0.5398767467074009,-0.483229565480857,0.0,1.0,1.0,0.0
410621.0,-0.3920731197153467,0.3750323156991242,-1.3817467761654108,-0.6821129777988038,-0.1735366572100444,-1.3689864064844643,1.0,0.0,1.0,0.0
570359.0,-0.4980706588393523,1.1397931141240727,0.6989650451656594,1.4744503009561964,-0.9876257449819478,0.4025272755227504,1.0,0.0,1.0,0.0
547892.0,0.9858948888967268,0.3752205174119158,-0.688176169055054,0.7555958747045297,0.4370301586188838,1.288284116526358,1.0,0.0,0.0,1.0
432864.0,-0.286075580591341,-0.0382026517616591,0.6989650451656594,1.4744503009561964,-1.3132613800907091,-0.483229565480857,1.0,0.0,0.0,1.0
521850.0,0.7738998106487155,0.3183206015735422,-0.688176169055054,-0.6821129777988038,0.5184390673960743,0.4025272755227504,0.0,1.0,1.0,0.0
424199.0,0.8798973497727212,-1.0553257043786812,0.6989650451656594,0.7555958747045297,0.640552430561859,1.288284116526358,0.0,1.0,1.0,0.0
343239.0,-0.0740805023433297,-0.9791558392055352,0.6989650451656594,0.0367414484528629,0.111394523510122,0.4025272755227504,1.0,0.0,1.0,0.0
270195.0,-0.922060815335375,-1.1868038155006058,0.6989650451656594,-0.6821129777988038,-0.5398767467074009,0.4025272755227504,1.0,0.0,0.0,1.0
360321.0,-0.286075580591341,-0.4517529038965204,0.0053944380553026,-0.6821129777988038,-1.028330199370543,-1.3689864064844643,0.0,1.0,1.0,0.0
314884.0,-1.982036206575432,-0.3515947533597462,0.0053944380553026,1.4744503009561964,-0.7841034730389718,-1.3689864064844643,0.0,1.0,1.0,0.0
434052.0,0.1379145759046816,0.222331452573287,-1.3817467761654108,-1.4009674040504705,-2.086646013474018,0.4025272755227504,1.0,0.0,1.0,0.0
253436.0,-1.5580460500794089,-0.8957373071743427,-1.3817467761654108,-0.6821129777988038,2.3908439692714523,0.4025272755227504,1.0,0.0,0.0,1.0
461094.0,-2.194031284823443,0.6426074700376869,0.6989650451656594,1.4744503009561964,0.6812568849504541,0.4025272755227504,0.0,1.0,0.0,1.0
437895.0,0.0319170367806759,-0.2299237100188599,0.6989650451656594,0.7555958747045297,-0.2549455659872344,0.4025272755227504,1.0,0.0,1.0,0.0
770632.0,-0.1800780414673354,2.736590813755347,0.0053944380553026,-0.6821129777988038,0.3149167954530981,1.288284116526358,0.0,1.0,1.0,0.0
551204.0,0.3499096541526929,0.8387355271168967,0.0053944380553026,0.7555958747045297,0.8847791568934302,-0.483229565480857,1.0,0.0,0.0,1.0
622210.0,-0.0740805023433297,1.4910682398254858,0.6989650451656594,0.7555958747045297,1.780277153442524,-1.3689864064844643,0.0,1.0,0.0,1.0
352510.0,-0.4980706588393523,-0.280482734667142,-1.3817467761654108,1.4744503009561964,-0.8655123818161622,-1.3689864064844643,1.0,0.0,0.0,1.0
602744.0,-0.8160632762113693,1.8318633353646256,1.392535652276016,0.7555958747045297,-1.5981925608108756,-1.3689864064844643,1.0,0.0,1.0,0.0
554361.0,0.2439121150286872,0.6759585948876506,1.392535652276016,1.4744503009561964,0.5591435217846685,-0.483229565480857,1.0,0.0,0.0,1.0
443455.0,-1.452048510955403,0.4699880941210773,0.0053944380553026,-0.6821129777988038,0.4370301586188838,0.4025272755227504,0.0,1.0,1.0,0.0
425742.0,0.7738998106487155,-0.4475275972421451,0.6989650451656594,-0.6821129777988038,0.3149167954530981,-1.3689864064844643,0.0,1.0,0.0,1.0
481850.0,1.3038875062687438,-0.4761689208049077,-0.688176169055054,1.4744503009561964,0.8033702481162398,0.4025272755227504,0.0,1.0,0.0,1.0
371719.0,0.1379145759046816,-0.4522173189533555,-0.688176169055054,-0.6821129777988038,0.7219613393390494,-0.483229565480857,1.0,0.0,0.0,1.0
343725.0,-1.6640435892034149,-0.1237845058669371,-0.688176169055054,-1.4009674040504705,0.1520989778987173,1.288284116526358,1.0,0.0,0.0,1.0
778108.0,-0.0740805023433297,2.6031393018312032,0.6989650451656594,0.0367414484528629,0.2742123410645029,1.288284116526358,0.0,1.0,0.0,1.0
425676.0,0.3499096541526929,-0.4875980148742561,1.392535652276016,0.7555958747045297,0.1520989778987173,-1.3689864064844643,0.0,1.0,0.0,1.0
298165.0,1.5158825845167552,-1.6406109105320374,0.6989650451656594,-1.4009674040504705,-0.2549455659872344,-1.3689864064844643,1.0,0.0,0.0,1.0
247853.0,-0.7100657370873636,-1.491337232717659,-0.688176169055054,0.0367414484528629,-0.7841034730389718,1.288284116526358,1.0,0.0,0.0,1.0
476493.0,1.7278776627647665,-0.3721472917143683,0.0053944380553026,0.0367414484528629,0.2742123410645029,-1.3689864064844643,0.0,1.0,0.0,1.0
565740.0,-0.8160632762113693,1.2777968052635205,0.0053944380553026,-1.4009674040504705,-0.9876257449819478,1.288284116526358,0.0,1.0,1.0,0.0
562122.0,1.197889967144738,0.0421703696418739,0.6989650451656594,1.4744503009561964,-1.231852471313519,1.288284116526358,0.0,1.0,0.0,1.0
547989.0,0.7738998106487155,0.3953777325108844,1.392535652276016,-0.6821129777988038,1.210414792002192,-0.483229565480857,0.0,1.0,0.0,1.0
451723.0,-0.0740805023433297,0.0524992405352296,1.392535652276016,-1.4009674040504705,-0.2956500203758296,0.4025272755227504,1.0,0.0,0.0,1.0
486538.0,-0.1800780414673354,0.1540180817042689,1.392535652276016,0.0367414484528629,-0.7026945642617818,1.288284116526358,1.0,0.0,1.0,0.0
744343.0,1.197889967144738,2.404272181337386,0.6989650451656594,0.0367414484528629,-1.516783652033685,-1.3689864064844643,1.0,0.0,0.0,1.0
572101.0,1.5158825845167552,0.4058071762707278,0.0053944380553026,-1.4009674040504705,1.3325281551679775,0.4025272755227504,0.0,1.0,1.0,0.0
286343.0,-0.7100657370873636,-0.9459150695020612,0.6989650451656594,0.0367414484528629,-0.0514232940442587,-1.3689864064844643,1.0,0.0,0.0,1.0
429273.0,0.3499096541526929,-0.282608490960732,1.392535652276016,0.7555958747045297,0.3556212498416933,-1.3689864064844643,1.0,0.0,0.0,1.0
553353.0,0.4559071932766985,0.735546301343089,-1.3817467761654108,1.4744503009561964,-1.516783652033685,1.288284116526358,1.0,0.0,0.0,1.0
570012.0,0.1379145759046816,0.7872185189790917,1.392535652276016,0.7555958747045297,0.7626657937276446,0.4025272755227504,1.0,0.0,0.0,1.0
451546.0,-0.8160632762113693,0.4506198367865646,-1.3817467761654108,0.7555958747045297,1.8616860622197144,0.4025272755227504,1.0,0.0,1.0,0.0
373438.0,-1.3460509718313975,-0.3977639207238923,0.6989650451656594,-0.6821129777988038,-0.4584678379302104,1.288284116526358,0.0,1.0,0.0,1.0
328547.0,-1.240053432707392,-0.4676691474400633,-0.688176169055054,0.0367414484528629,1.0068925200592158,0.4025272755227504,1.0,0.0,1.0,0.0
311634.0,0.9858948888967268,-2.0491257710962025,1.392535652276016,0.7555958747045297,0.1520989778987173,0.4025272755227504,0.0,1.0,0.0,1.0
487016.0,-1.876038667451426,0.9231789985387368,1.392535652276016,-0.6821129777988038,-0.092127748432854,1.288284116526358,1.0,0.0,1.0,0.0
261699.0,-0.1800780414673354,-1.1217216810645476,-0.688176169055054,-1.4009674040504705,1.2918237007793825,-1.3689864064844643,1.0,0.0,1.0,0.0
615047.0,-0.3920731197153467,2.012226486331745,-1.3817467761654108,-1.4009674040504705,-1.679601469588066,-0.483229565480857,0.0,1.0,1.0,0.0
496454.0,0.9858948888967268,-0.1338449891109066,1.392535652276016,-0.6821129777988038,0.5184390673960743,-0.483229565480857,0.0,1.0,0.0,1.0
308589.0,-0.0740805023433297,-0.9006442034756829,1.392535652276016,-1.4009674040504705,-2.168054922251208,-1.3689864064844643,1.0,0.0,1.0,0.0
138872.0,-2.088033745699437,-1.614528094640821,-1.3817467761654108,-0.6821129777988038,-0.1735366572100444,0.4025272755227504,1.0,0.0,1.0,0.0
381350.0,-0.3920731197153467,-0.3483164276172298,-1.3817467761654108,0.7555958747045297,0.1928034322873125,-0.483229565480857,0.0,1.0,1.0,0.0
363150.0,0.0319170367806759,-0.7076456457284842,1.392535652276016,0.7555958747045297,-0.6619901098731865,-1.3689864064844643,1.0,0.0,1.0,0.0
675838.0,1.833875201888772,1.4854806934219609,-0.688176169055054,0.0367414484528629,-0.4584678379302104,-1.3689864064844643,0.0,1.0,0.0,1.0
497699.0,-0.8160632762113693,0.8759254108871274,-0.688176169055054,0.0367414484528629,0.8440747025048351,0.4025272755227504,1.0,0.0,1.0,0.0
412712.0,0.5619047324007043,-0.3199445407628227,0.0053944380553026,0.7555958747045297,-0.2956500203758296,-1.3689864064844643,1.0,0.0,0.0,1.0
661123.0,0.0319170367806759,1.752722309617707,-0.688176169055054,0.0367414484528629,2.3908439692714523,0.4025272755227504,0.0,1.0,1.0,0.0
238826.0,0.1379145759046816,-1.933905514929389,-0.688176169055054,-0.6821129777988038,1.3325281551679775,1.288284116526358,1.0,0.0,0.0,1.0
177586.0,-0.3920731197153467,-1.7480897278669143,-1.3817467761654108,0.0367414484528629,-1.231852471313519,-1.3689864064844643,1.0,0.0,1.0,0.0
656412.0,0.2439121150286872,1.5565835595501556,0.0053944380553026,0.7555958747045297,-0.4177633835416152,0.4025272755227504,0.0,1.0,1.0,0.0
557230.0,-1.452048510955403,1.5854496635498834,0.0053944380553026,0.7555958747045297,-1.0690346537591382,0.4025272755227504,1.0,0.0,0.0,1.0
359125.0,0.2439121150286872,-0.8908990792220933,-1.3817467761654108,0.0367414484528629,0.3963257042302885,0.4025272755227504,0.0,1.0,0.0,1.0
559499.0,2.3638628975088003,0.0554237550594383,0.0053944380553026,0.0367414484528629,-0.9876257449819478,0.4025272755227504,1.0,0.0,1.0,0.0
605593.0,0.8798973497727212,1.3958088609533634,-1.3817467761654108,-0.6821129777988038,0.1520989778987173,-1.3689864064844643,0.0,1.0,0.0,1.0
379786.0,-0.604068197963358,-0.2475044800279,0.0053944380553026,-1.4009674040504705,0.111394523510122,-0.483229565480857,0.0,1.0,1.0,0.0
632790.0,2.151867819260789,0.4048093469493048,1.392535652276016,-1.4009674040504705,0.1928034322873125,1.288284116526358,0.0,1.0,1.0,0.0
629631.0,0.1379145759046816,1.1974123800195855,0.6989650451656594,1.4744503009561964,-0.2142411115986396,0.4025272755227504,0.0,1.0,0.0,1.0
431129.0,0.4559071932766985,-0.1282343534804889,0.6989650451656594,0.0367414484528629,-0.4177633835416152,-1.3689864064844643,1.0,0.0,0.0,1.0
257526.0,-0.8160632762113693,-1.41351923247448,1.392535652276016,-1.4009674040504705,0.8440747025048351,0.4025272755227504,1.0,0.0,0.0,1.0
583212.0,-0.4980706588393523,1.090926010345642,0.6989650451656594,1.4744503009561964,-0.092127748432854,1.288284116526358,1.0,0.0,0.0,1.0
516170.0,-0.286075580591341,0.6410452677063676,0.0053944380553026,0.7555958747045297,0.0706900691215268,-0.483229565480857,0.0,1.0,1.0,0.0
306900.0,-0.604068197963358,-0.3501057803864009,-1.3817467761654108,-1.4009674040504705,-1.6388970151994708,-1.3689864064844643,1.0,0.0,1.0,0.0
415803.0,0.3499096541526929,-0.3980819542860436,1.392535652276016,-1.4009674040504705,-1.8424192871424463,0.4025272755227504,1.0,0.0,1.0,0.0
532264.0,0.8798973497727212,0.5674157258880833,-1.3817467761654108,-0.6821129777988038,-1.47607919764509,1.288284116526358,1.0,0.0,1.0,0.0
800853.0,0.4559071932766985,2.840856334870821,1.392535652276016,-0.6821129777988038,1.2918237007793825,0.4025272755227504,1.0,0.0,1.0,0.0
622020.0,-0.604068197963358,1.8226713908468264,0.6989650451656594,-0.6821129777988038,-1.516783652033685,-0.483229565480857,0.0,1.0,1.0,0.0
411376.0,-0.1800780414673354,-0.3148831138817852,1.392535652276016,-1.4009674040504705,-0.1328322028214492,-0.483229565480857,0.0,1.0,0.0,1.0
451721.0,-1.1340558935833862,0.2157724662679689,1.392535652276016,1.4744503009561964,0.1928034322873125,0.4025272755227504,1.0,0.0,1.0,0.0
564860.0,1.5158825845167552,0.4395287602716501,-1.3817467761654108,0.0367414484528629,-0.2956500203758296,0.4025272755227504,0.0,1.0,0.0,1.0
364095.0,0.1379145759046816,-0.7911303815666558,1.392535652276016,-0.6821129777988038,0.7626657937276446,-0.483229565480857,1.0,0.0,1.0,0.0
163701.0,-1.452048510955403,-1.9072117968033,0.6989650451656594,1.4744503009561964,1.1697103376135969,-1.3689864064844643,1.0,0.0,1.0,0.0
382280.0,0.0319170367806759,-0.4328302084091175,-1.3817467761654108,1.4744503009561964,-3.104257373188897,0.4025272755227504,1.0,0.0,1.0,0.0
378269.0,-0.0740805023433297,-0.6599227333951132,0.0053944380553026,0.0367414484528629,-1.3946702888678997,1.288284116526358,1.0,0.0,1.0,0.0
421714.0,-1.0280583544593809,0.2215430958881923,1.392535652276016,-0.6821129777988038,-0.6619901098731865,-1.3689864064844643,0.0,1.0,1.0,0.0
704871.0,2.575857975756812,1.0578078705201364,-0.688176169055054,0.7555958747045297,0.6812568849504541,0.4025272755227504,0.0,1.0,0.0,1.0
482416.0,1.5158825845167552,-0.3930287418289055,-1.3817467761654108,0.7555958747045297,0.477734613007479,0.4025272755227504,0.0,1.0,0.0,1.0
162472.0,-0.0740805023433297,-2.5045635451507664,0.0053944380553026,-0.6821129777988038,1.943094970996905,0.4025272755227504,1.0,0.0,0.0,1.0
586438.0,0.0319170367806759,1.5379737578114625,-0.688176169055054,0.7555958747045297,0.1520989778987173,-1.3689864064844643,1.0,0.0,1.0,0.0
427920.0,-0.4980706588393523,0.364255745878554,-0.688176169055054,0.0367414484528629,1.454641518333763,-1.3689864064844643,1.0,0.0,1.0,0.0
454534.0,-0.7100657370873636,0.6707789490568077,-1.3817467761654108,0.0367414484528629,0.7626657937276446,-0.483229565480857,1.0,0.0,0.0,1.0
530841.0,0.5619047324007043,0.817983584487219,0.0053944380553026,0.0367414484528629,-0.6212856554845914,-1.3689864064844643,1.0,0.0,0.0,1.0
458590.0,-0.4980706588393523,-0.2093371795978169,0.6989650451656594,1.4744503009561964,-0.0107188396556635,1.288284116526358,0.0,1.0,0.0,1.0
311181.0,-0.922060815335375,-0.4269857908846898,-0.688176169055054,-1.4009674040504705,-0.8655123818161622,-0.483229565480857,1.0,0.0,0.0,1.0
168191.0,-0.0740805023433297,-2.139227062997554,0.6989650451656594,-1.4009674040504705,-0.092127748432854,-1.3689864064844643,1.0,0.0,0.0,1.0
548380.0,0.4559071932766985,0.723681922769471,1.392535652276016,0.0367414484528629,-1.1504435625363287,-0.483229565480857,1.0,0.0,0.0,1.0
420159.0,0.7738998106487155,-0.4532079121302709,-1.3817467761654108,-0.6821129777988038,-1.028330199370543,0.4025272755227504,0.0,1.0,1.0,0.0
416185.0,-0.0740805023433297,-0.3412655842807396,0.0053944380553026,0.0367414484528629,-0.7433990186503765,1.288284116526358,1.0,0.0,0.0,1.0
209730.0,-0.604068197963358,-1.5462719076171425,-0.688176169055054,-1.4009674040504705,0.0299856147329316,-1.3689864064844643,0.0,1.0,1.0,0.0
585699.0,1.5158825845167552,0.6318847329955141,0.6989650451656594,-1.4009674040504705,-0.4584678379302104,-0.483229565480857,0.0,1.0,0.0,1.0
599434.0,-2.3000288239474487,2.1902092787760647,1.392535652276016,-1.4009674040504705,-1.8017148327538512,0.4025272755227504,0.0,1.0,1.0,0.0
405208.0,1.833875201888772,-0.5079462113712709,-1.3817467761654108,-1.4009674040504705,-1.3946702888678997,-1.3689864064844643,1.0,0.0,0.0,1.0
485273.0,-0.286075580591341,1.0605229843100157,-1.3817467761654108,-0.6821129777988038,-2.005237104696828,-1.3689864064844643,1.0,0.0,1.0,0.0
474849.0,-0.1800780414673354,0.1146386805324199,-0.688176169055054,0.7555958747045297,2.0652083341626906,0.4025272755227504,0.0,1.0,1.0,0.0
524371.0,0.2439121150286872,0.4616128067257374,0.6989650451656594,0.0367414484528629,1.6174593358881433,0.4025272755227504,1.0,0.0,0.0,1.0
383169.0,-1.5580460500794089,0.1780715324570333,-1.3817467761654108,0.0367414484528629,-0.9876257449819478,1.288284116526358,1.0,0.0,0.0,1.0
535050.0,0.8798973497727212,0.6516295247606597,-1.3817467761654108,1.4744503009561964,-1.231852471313519,-0.483229565480857,1.0,0.0,0.0,1.0
318263.0,0.3499096541526929,-0.9641337288492138,-1.3817467761654108,0.0367414484528629,-0.3363544747644248,-0.483229565480857,1.0,0.0,1.0,0.0
392411.0,-0.0740805023433297,-0.7272886594441753,1.392535652276016,-0.6821129777988038,1.0883014288364063,1.288284116526358,1.0,0.0,0.0,1.0
492297.0,0.8798973497727212,0.0881549820709038,-0.688176169055054,0.0367414484528629,1.4953459727223584,0.4025272755227504,1.0,0.0,1.0,0.0
389207.0,0.0319170367806759,-0.2226354194789649,-0.688176169055054,-0.6821129777988038,-1.47607919764509,-1.3689864064844643,0.0,1.0,1.0,0.0
610797.0,-0.8160632762113693,1.8623944166417767,1.392535652276016,-1.4009674040504705,1.6988682446653336,-0.483229565480857,1.0,0.0,1.0,0.0
690402.0,0.3499096541526929,1.7655396715587028,1.392535652276016,0.7555958747045297,1.1290058832250016,0.4025272755227504,1.0,0.0,1.0,0.0
388292.0,0.7738998106487155,-0.3779924681624421,-1.3817467761654108,0.0367414484528629,-0.4177633835416152,-1.3689864064844643,1.0,0.0,0.0,1.0
479579.0,1.6218801236407607,-0.1295802469666902,-1.3817467761654108,0.0367414484528629,0.5591435217846685,-1.3689864064844643,0.0,1.0,1.0,0.0
537249.0,1.5158825845167552,0.4457152177885592,-0.688176169055054,-1.4009674040504705,-1.1911480169249238,0.4025272755227504,1.0,0.0,1.0,0.0
496048.0,-1.3460509718313975,0.9127066283060302,-0.688176169055054,1.4744503009561964,0.640552430561859,-0.483229565480857,0.0,1.0,1.0,0.0
517877.0,-0.3920731197153467,0.9452651354021968,-1.3817467761654108,0.0367414484528629,0.1520989778987173,-0.483229565480857,0.0,1.0,1.0,0.0
485096.0,-0.3920731197153467,0.5161135761961072,-0.688176169055054,1.4744503009561964,2.8792974219345937,-0.483229565480857,1.0,0.0,1.0,0.0
405625.0,0.5619047324007043,-0.1785123908416276,-1.3817467761654108,-1.4009674040504705,0.9661880656706208,-0.483229565480857,1.0,0.0,0.0,1.0
446499.0,0.9858948888967268,-0.2128404104159625,0.0053944380553026,-1.4009674040504705,0.8847791568934302,-1.3689864064844643,0.0,1.0,1.0,0.0
366581.0,-0.286075580591341,-0.2340920434575693,-0.688176169055054,0.0367414484528629,0.1928034322873125,-1.3689864064844643,1.0,0.0,0.0,1.0
405378.0,-0.604068197963358,0.1943050818402499,-1.3817467761654108,0.0367414484528629,0.477734613007479,-0.483229565480857,1.0,0.0,1.0,0.0
681125.0,1.3038875062687438,1.6840966498669898,0.0053944380553026,-1.4009674040504705,0.3963257042302885,0.4025272755227504,1.0,0.0,1.0,0.0
497271.0,0.8798973497727212,0.5603024398031744,-1.3817467761654108,-0.6821129777988038,1.454641518333763,-1.3689864064844643,1.0,0.0,0.0,1.0
352016.0,-1.7700411283274202,-0.3140772938043841,1.392535652276016,1.4744503009561964,1.3732326095565728,-0.483229565480857,1.0,0.0,1.0,0.0
433935.0,1.3038875062687438,-0.9298412515918628,0.0053944380553026,1.4744503009561964,-1.1911480169249238,0.4025272755227504,0.0,1.0,1.0,0.0
491986.0,1.6218801236407607,-0.1918756745691578,0.6989650451656594,0.0367414484528629,-2.3308727398055886,-1.3689864064844643,0.0,1.0,1.0,0.0
256896.0,0.6679022715247098,-1.7529400923475276,-1.3817467761654108,-0.6821129777988038,0.7626657937276446,0.4025272755227504,1.0,0.0,1.0,0.0
199824.0,-2.3000288239474487,-0.9945423566126628,0.0053944380553026,0.0367414484528629,1.0068925200592158,-1.3689864064844643,1.0,0.0,1.0,0.0
415486.0,0.2439121150286872,-0.2362848846816985,1.392535652276016,0.0367414484528629,-1.3946702888678997,-1.3689864064844643,1.0,0.0,1.0,0.0
554785.0,-0.286075580591341,1.3571550827972283,-1.3817467761654108,0.7555958747045297,-0.2549455659872344,-0.483229565480857,1.0,0.0,0.0,1.0
445275.0,-1.1340558935833862,0.6635169612067027,0.6989650451656594,-1.4009674040504705,-0.1735366572100444,-0.483229565480857,1.0,0.0,0.0,1.0
535487.0,0.0319170367806759,0.5102005539595316,1.392535652276016,0.0367414484528629,-0.9062168362047572,1.288284116526358,1.0,0.0,1.0,0.0
436100.0,0.5619047324007043,-0.302550619704368,0.6989650451656594,0.0367414484528629,-0.5805812010959961,-1.3689864064844643,0.0,1.0,0.0,1.0
496653.0,0.5619047324007043,0.5395109021853456,0.0053944380553026,-0.6821129777988038,0.5591435217846685,-1.3689864064844643,1.0,0.0,1.0,0.0
528746.0,-0.4980706588393523,1.358150551038197,0.0053944380553026,-1.4009674040504705,0.111394523510122,-1.3689864064844643,1.0,0.0,0.0,1.0
406326.0,0.4559071932766985,-0.4140253725109736,-0.688176169055054,0.7555958747045297,-0.5398767467074009,-1.3689864064844643,0.0,1.0,0.0,1.0
430302.0,0.5619047324007043,-0.3702793442387563,1.392535652276016,-0.6821129777988038,-0.7841034730389718,-1.3689864064844643,0.0,1.0,1.0,0.0
437655.0,-0.8160632762113693,0.0424694850550689,1.392535652276016,0.0367414484528629,1.6174593358881433,0.4025272755227504,1.0,0.0,1.0,0.0
466991.0,-0.286075580591341,0.4721119515644009,0.0053944380553026,1.4744503009561964,-0.7026945642617818,-1.3689864064844643,1.0,0.0,1.0,0.0
250404.0,-0.1800780414673354,-1.9628103090981548,0.6989650451656594,1.4744503009561964,0.5998479761732637,-0.483229565480857,0.0,1.0,0.0,1.0
417491.0,0.6679022715247098,-0.5027164534024708,-0.688176169055054,-0.6821129777988038,-0.2549455659872344,1.288284116526358,1.0,0.0,1.0,0.0
390028.0,0.2439121150286872,-0.7329671895336465,0.6989650451656594,0.0367414484528629,1.2918237007793825,0.4025272755227504,1.0,0.0,0.0,1.0
679718.0,1.833875201888772,1.3928955894882007,0.0053944380553026,-1.4009674040504705,0.6812568849504541,-0.483229565480857,0.0,1.0,1.0,0.0
351786.0,0.0319170367806759,-1.1774617530735936,1.392535652276016,1.4744503009561964,-1.0690346537591382,-0.483229565480857,0.0,1.0,0.0,1.0
454058.0,0.6679022715247098,-0.5007650866695799,-0.688176169055054,0.7555958747045297,0.111394523510122,1.288284116526358,0.0,1.0,1.0,0.0
346432.0,0.0319170367806759,-0.621671363380974,0.0053944380553026,0.0367414484528629,-0.3363544747644248,-1.3689864064844643,1.0,0.0,0.0,1.0
295899.0,-0.604068197963358,-0.899656765862779,-0.688176169055054,-1.4009674040504705,-0.2142411115986396,-0.483229565480857,0.0,1.0,0.0,1.0
472207.0,0.8798973497727212,-0.5375576388734679,1.392535652276016,0.7555958747045297,0.7219613393390494,1.288284116526358,1.0,0.0,1.0,0.0
349697.0,0.1379145759046816,-0.9947850194064132,-0.688176169055054,0.0367414484528629,-0.37705892915302,0.4025272755227504,0.0,1.0,0.0,1.0
554689.0,0.1379145759046816,0.8246997700340472,0.0053944380553026,0.7555958747045297,-0.4584678379302104,-0.483229565480857,0.0,1.0,0.0,1.0
621143.0,0.6679022715247098,1.2755833443750868,-0.688176169055054,0.7555958747045297,-0.1328322028214492,-0.483229565480857,0.0,1.0,1.0,0.0
390541.0,0.1379145759046816,-0.4986767252171943,-0.688176169055054,0.0367414484528629,1.1290058832250016,0.4025272755227504,1.0,0.0,1.0,0.0
341760.0,-0.286075580591341,-0.5276676908622275,-1.3817467761654108,-1.4009674040504705,-0.37705892915302,-0.483229565480857,0.0,1.0,1.0,0.0
353589.0,-0.1800780414673354,-0.4565247282145193,-1.3817467761654108,-1.4009674040504705,0.6812568849504541,0.4025272755227504,1.0,0.0,1.0,0.0
475304.0,-0.4980706588393523,0.5825794802441442,-1.3817467761654108,-1.4009674040504705,0.9254836112820256,0.4025272755227504,0.0,1.0,0.0,1.0
483204.0,1.7278776627647665,-0.7699626652228577,1.392535652276016,-1.4009674040504705,0.5591435217846685,1.288284116526358,0.0,1.0,1.0,0.0
375826.0,0.2439121150286872,-0.6719701905654603,-0.688176169055054,1.4744503009561964,-0.3363544747644248,-1.3689864064844643,0.0,1.0,1.0,0.0
386753.0,0.7738998106487155,-0.7448564158456855,-1.3817467761654108,0.0367414484528629,0.7626657937276446,-0.483229565480857,0.0,1.0,0.0,1.0
530135.0,-0.286075580591341,1.2288525230114065,0.6989650451656594,-1.4009674040504705,-1.028330199370543,-1.3689864064844643,1.0,0.0,0.0,1.0
261018.0,-0.286075580591341,-1.538750668144715,-1.3817467761654108,1.4744503009561964,0.1520989778987173,-0.483229565480857,0.0,1.0,1.0,0.0
372744.0,-0.4980706588393523,-0.4022010179433915,-1.3817467761654108,1.4744503009561964,-1.1911480169249238,-0.483229565480857,0.0,1.0,1.0,0.0
573602.0,-1.982036206575432,1.854368817657984,0.0053944380553026,0.0367414484528629,-0.0107188396556635,1.288284116526358,1.0,0.0,0.0,1.0
554129.0,-0.4980706588393523,1.541482900067979,0.0053944380553026,-0.6821129777988038,-0.5805812010959961,-1.3689864064844643,1.0,0.0,0.0,1.0
391685.0,-0.604068197963358,0.0077429298468584,-1.3817467761654108,-1.4009674040504705,1.047596974447811,-0.483229565480857,0.0,1.0,0.0,1.0
521414.0,0.0319170367806759,0.9747517034433112,-0.688176169055054,-0.6821129777988038,-0.4584678379302104,-0.483229565480857,1.0,0.0,1.0,0.0
428130.0,1.4098850453927494,-0.4871115890808176,1.392535652276016,-1.4009674040504705,-1.231852471313519,-1.3689864064844643,1.0,0.0,1.0,0.0
416924.0,-1.0280583544593809,0.4109448175404994,0.0053944380553026,-0.6821129777988038,-0.9062168362047572,-0.483229565480857,1.0,0.0,0.0,1.0
336741.0,0.1379145759046816,-0.6803659491543196,-1.3817467761654108,0.0367414484528629,-1.1911480169249238,-0.483229565480857,1.0,0.0,0.0,1.0
696213.0,1.4098850453927494,1.294149831853776,0.6989650451656594,1.4744503009561964,-1.3539658344793042,0.4025272755227504,0.0,1.0,0.0,1.0
65902.0,-1.876038667451426,-2.2939021235757253,-0.688176169055054,-0.6821129777988038,-0.7841034730389718,-0.483229565480857,1.0,0.0,0.0,1.0
328568.0,1.3038875062687438,-1.5019705104787189,-1.3817467761654108,1.4744503009561964,1.0883014288364063,-1.3689864064844643,0.0,1.0,0.0,1.0
501478.0,0.0319170367806759,0.2674267658178432,0.0053944380553026,0.7555958747045297,0.5998479761732637,1.288284116526358,1.0,0.0,0.0,1.0
266515.0,-0.8160632762113693,-0.7505777149673271,-1.3817467761654108,0.0367414484528629,-1.8424192871424463,-1.3689864064844643,1.0,0.0,0.0,1.0
