437959.0,-0.8160632762113693,0.4440101693400046,-1.3817467761654108,0.0367414484528629,-0.9469212905933526,-0.483229565480857,0.0,1.0,0.0,1.0
413063.0,-0.3920731197153467,-0.4280479575401834,1.392535652276016,-0.6821129777988038,0.3556212498416933,0.4025272755227504,0.0,1.0,1.0,0.0
386372.0,-0.7100657370873636,0.1924606262785427,-1.3817467761654108,-0.6821129777988038,-1.231852471313519,-0.483229565480857,1.0,0.0,0.0,1.0
316727.0,-0.3920731197153467,-0.3853067309073522,-1.3817467761654108,-1.4009674040504705,-0.6212856554845914,-1.3689864064844643,1.0,0.0,1.0,0.0
427200.0,0.4559071932766985,-0.1383661584136057,0.0053944380553026,0.7555958747045297,-0.4991722923188056,-1.3689864064844643,1.0,0.0,1.0,0.0
497064.0,0.8798973497727212,-0.0135269223989522,1.392535652276016,0.0367414484528629,0.4370301586188838,-1.3689864064844643,0.0,1.0,1.0,0.0
566322.0,-0.604068197963358,1.4113225930488391,-0.688176169055054,-1.4009674040504705,0.5591435217846685,1.288284116526358,1.0,0.0,1.0,0.0
506590.0,-0.0740805023433297,0.2913070024542494,1.392535652276016,-0.6821129777988038,-0.092127748432854,0.4025272755227504,0.0,1.0,0.0,1.0
212207.0,-2.51202390219546,-0.6066499226343967,0.0053944380553026,-1.4009674040504705,-0.5805812010959961,-1.3689864064844643,1.0,0.0,0.0,1.0
378464.0,0.1379145759046816,-0.7335386666974144,1.392535652276016,0.0367414484528629,0.8847791568934302,-0.483229565480857,1.0,0.0,1.0,0.0
335745.0,-0.4980706588393523,-0.9844836554756184,0.0053944380553026,0.7555958747045297,0.2742123410645029,1.288284116526358,1.0,0.0,0.0,1.0
707820.0,0.4559071932766985,1.678673408881325,1.392535652276016,0.0367414484528629,-0.3363544747644248,1.288284116526358,0.0,1.0,0.0,1.0
531115.0,-0.922060815335375,0.7329689416069024,1.392535652276016,-0.6821129777988038,-0.0107188396556635,1.288284116526358,0.0,1.0,0.0,1.0
540335.0,-0.604068197963358,1.2068688516084467,0.0053944380553026,-1.4009674040504705,1.047596974447811,0.4025272755227504,1.0,0.0,1.0,0.0
634834.0,1.0918924280207325,1.0444665001774114,0.0053944380553026,0.7555958747045297,-1.6388970151994708,0.4025272755227504,0.0,1.0,1.0,0.0
544493.0,0.9858948888967268,0.2828135801636582,-0.688176169055054,1.4744503009561964,0.2742123410645029,1.288284116526358,1.0,0.0,0.0,1.0
356602.0,-1.5580460500794089,-0.1361072226328141,-1.3817467761654108,-1.4009674040504705,-0.0514232940442587,1.288284116526358,0.0,1.0,0.0,1.0
500913.0,0.1379145759046816,0.4817225469653984,-0.688176169055054,1.4744503009561964,0.0706900691215268,-1.3689864064844643,0.0,1.0,1.0,0.0
611529.0,1.5158825845167552,0.5612756179815838,0.6989650451656594,0.7555958747045297,-0.1328322028214492,1.288284116526358,1.0,0.0,0.0,1.0
140559.0,-1.876038667451426,-1.4872471878469735,-1.3817467761654108,-0.6821129777988038,1.8616860622197144,-1.3689864064844643,1.0,0.0,0.0,1.0
455309.0,-0.3920731197153467,-0.0988097299705853,0.6989650451656594,1.4744503009561964,-0.1735366572100444,1.288284116526358,1.0,0.0,1.0,0.0
378802.0,-0.1800780414673354,-0.305679765771332,-1.3817467761654108,-1.4009674040504705,-1.1097391081477337,1.288284116526358,1.0,0.0,1.0,0.0
452964.0,0.1379145759046816,0.4045738715162664,-0.688176169055054,-0.6821129777988038,0.9254836112820256,-1.3689864064844643,1.0,0.0,1.0,0.0
590467.0,1.833875201888772,0.9765736944022636,-1.3817467761654108,0.0367414484528629,-0.092127748432854,-1.3689864064844643,1.0,0.0,1.0,0.0
470982.0,-0.3920731197153467,0.4482520158117547,0.6989650451656594,-0.6821129777988038,1.780277153442524,-0.483229565480857,1.0,0.0,0.0,1.0
398678.0,0.8798973497727212,-0.933044952565972,-1.3817467761654108,1.4744503009561964,0.1928034322873125,0.4025272755227504,0.0,1.0,0.0,1.0
688445.0,0.7738998106487155,1.839047179633888,1.392535652276016,0.0367414484528629,-0.9469212905933526,-0.483229565480857,1.0,0.0,0.0,1.0
345830.0,0.2439121150286872,-0.8311931505359957,-1.3817467761654108,0.0367414484528629,-0.9469212905933526,-0.483229565480857,0.0,1.0,0.0,1.0
548622.0,0.7738998106487155,0.1991838906969345,1.392535652276016,-0.6821129777988038,-0.8248079274275669,1.288284116526358,0.0,1.0,1.0,0.0
421794.0,1.9398727410127776,-1.2227027048315415,0.6989650451656594,1.4744503009561964,1.6581637902767383,-1.3689864064844643,0.0,1.0,1.0,0.0
521950.0,-0.0740805023433297,0.5596679928563757,-0.688176169055054,0.7555958747045297,0.0299856147329316,0.4025272755227504,0.0,1.0,0.0,1.0
455509.0,-2.406026363071454,1.0527680131959876,1.392535652276016,0.0367414484528629,-1.028330199370543,-1.3689864064844643,0.0,1.0,0.0,1.0
707288.0,1.5158825845167552,1.3733322505276289,1.392535652276016,0.7555958747045297,1.2918237007793825,-0.483229565480857,0.0,1.0,0.0,1.0
168467.0,-0.4980706588393523,-2.333695552950237,-0.688176169055054,0.7555958747045297,-1.5981925608108756,1.288284116526358,1.0,0.0,1.0,0.0
346171.0,-0.3920731197153467,-0.6572159083852039,-1.3817467761654108,-0.6821129777988038,-0.0107188396556635,0.4025272755227504,0.0,1.0,0.0,1.0
434996.0,0.0319170367806759,-0.0199658041790211,1.392535652276016,0.0367414484528629,0.0706900691215268,-1.3689864064844643,1.0,0.0,1.0,0.0
382461.0,-0.0740805023433297,-0.4222368135652223,-0.688176169055054,1.4744503009561964,-0.6619901098731865,-0.483229565480857,1.0,0.0,0.0,1.0
393349.0,0.5619047324007043,-0.7040678735223094,1.392535652276016,-0.6821129777988038,0.640552430561859,-0.483229565480857,1.0,0.0,0.0,1.0
549619.0,0.1379145759046816,0.5952800517012289,-1.3817467761654108,1.4744503009561964,0.3556212498416933,1.288284116526358,0.0,1.0,1.0,0.0
417118.0,2.469860436632806,-1.3279111251450395,1.392535652276016,0.0367414484528629,-0.4991722923188056,-0.483229565480857,1.0,0.0,1.0,0.0
579067.0,0.5619047324007043,0.7657272325755967,0.0053944380553026,-1.4009674040504705,0.477734613007479,1.288284116526358,0.0,1.0,0.0,1.0
303295.0,0.2439121150286872,-1.36669901016494,0.0053944380553026,0.7555958747045297,0.3149167954530981,-1.3689864064844643,0.0,1.0,0.0,1.0
365885.0,-1.982036206575432,0.3038307995159163,0.0053944380553026,-0.6821129777988038,-0.6619901098731865,-1.3689864064844643,0.0,1.0,1.0,0.0
704031.0,1.6218801236407607,1.718252960009574,0.0053944380553026,-1.4009674040504705,0.1520989778987173,-0.483229565480857,0.0,1.0,1.0,0.0
503709.0,0.4559071932766985,0.325127148440145,1.392535652276016,-0.6821129777988038,-0.5398767467074009,-1.3689864064844643,0.0,1.0,0.0,1.0
330069.0,-1.240053432707392,-0.6123725809004587,0.0053944380553026,1.4744503009561964,-0.9876257449819478,0.4025272755227504,1.0,0.0,1.0,0.0
379707.0,-1.0280583544593809,-0.2827550367317635,0.0053944380553026,0.7555958747045297,0.477734613007479,-0.483229565480857,0.0,1.0,1.0,0.0
336310.0,-0.1800780414673354,-0.5545833498972723,-0.688176169055054,-1.4009674040504705,0.3149167954530981,-0.483229565480857,1.0,0.0,1.0,0.0
451485.0,0.0319170367806759,0.1006063914996109,-1.3817467761654108,-0.6821129777988038,1.576754881499548,1.288284116526358,1.0,0.0,1.0,0.0
717952.0,-1.0280583544593809,3.016252322686565,0.0053944380553026,0.7555958747045297,1.9837994253855,-1.3689864064844643,1.0,0.0,1.0,0.0
421288.0,-1.6640435892034149,0.4038890493819859,-0.688176169055054,1.4744503009561964,1.1697103376135969,0.4025272755227504,1.0,0.0,1.0,0.0
727291.0,2.575857975756812,1.3217690225793384,0.6989650451656594,-1.4009674040504705,-0.5398767467074009,0.4025272755227504,0.0,1.0,1.0,0.0
392515.0,0.3499096541526929,-0.7878140993867682,0.6989650451656594,-0.6821129777988038,0.2335078866759077,1.288284116526358,1.0,0.0,0.0,1.0
549208.0,-0.8160632762113693,0.9953379969086084,0.6989650451656594,-1.4009674040504705,0.3556212498416933,1.288284116526358,0.0,1.0,0.0,1.0
406842.0,-1.1340558935833862,0.5340219988940257,-1.3817467761654108,0.7555958747045297,-0.5805812010959961,-1.3689864064844643,1.0,0.0,0.0,1.0
554725.0,-0.922060815335375,0.7644577164881733,1.392535652276016,1.4744503009561964,-0.6619901098731865,1.288284116526358,0.0,1.0,1.0,0.0
526813.0,-0.286075580591341,0.7526834294668786,1.392535652276016,-0.6821129777988038,-0.4177633835416152,0.4025272755227504,1.0,0.0,0.0,1.0
674129.0,0.1379145759046816,2.274054601409885,-1.3817467761654108,-1.4009674040504705,1.0068925200592158,0.4025272755227504,1.0,0.0,0.0,1.0
250370.0,-1.240053432707392,-1.900315227655673,1.392535652276016,1.4744503009561964,1.413937063945168,1.288284116526358,0.0,1.0,0.0,1.0
496296.0,0.9858948888967268,-0.5403488775378636,1.392535652276016,1.4744503009561964,-1.47607919764509,1.288284116526358,0.0,1.0,1.0,0.0
356538.0,0.2439121150286872,-0.9675002943197406,-0.688176169055054,-1.4009674040504705,-0.7026945642617818,1.288284116526358,0.0,1.0,0.0,1.0
573788.0,1.197889967144738,0.4864346655998294,0.6989650451656594,-0.6821129777988038,0.0299856147329316,1.288284116526358,1.0,0.0,0.0,1.0
489203.0,-0.4980706588393523,0.6844040187978297,0.0053944380553026,-0.6821129777988038,-0.4177633835416152,0.4025272755227504,1.0,0.0,0.0,1.0
625525.0,1.3038875062687438,1.0977748830469147,0.0053944380553026,0.0367414484528629,-1.028330199370543,0.4025272755227504,1.0,0.0,1.0,0.0
500809.0,0.7738998106487155,-0.0144675906502185,1.392535652276016,-1.4009674040504705,-1.231852471313519,0.4025272755227504,0.0,1.0,1.0,0.0
536657.0,0.9858948888967268,0.553902002579477,0.6989650451656594,0.0367414484528629,0.8033702481162398,-1.3689864064844643,1.0,0.0,1.0,0.0
387031.0,-0.4980706588393523,-0.5629149757764291,-0.688176169055054,0.0367414484528629,0.7626657937276446,1.288284116526358,0.0,1.0,1.0,0.0
563157.0,0.8798973497727212,0.4583486658921165,0.6989650451656594,1.4744503009561964,0.0299856147329316,0.4025272755227504,1.0,0.0,0.0,1.0
467932.0,-0.604068197963358,0.0790459598478466,0.0053944380553026,0.7555958747045297,-0.092127748432854,1.288284116526358,0.0,1.0,0.0,1.0
455453.0,1.197889967144738,-0.1423794430973935,0.0053944380553026,-1.4009674040504705,-0.1735366572100444,-0.483229565480857,1.0,0.0,0.0,1.0
391581.0,1.5158825845167552,-1.317471567656422,0.0053944380553026,-0.6821129777988038,2.4315484236600478,0.4025272755227504,0.0,1.0,0.0,1.0
358285.0,-0.286075580591341,-0.3417193317793626,0.0053944380553026,-0.6821129777988038,0.5184390673960743,-1.3689864064844643,1.0,0.0,1.0,0.0
487838.0,1.197889967144738,-0.3484224068624378,0.6989650451656594,0.0367414484528629,-1.4353747432564947,0.4025272755227504,0.0,1.0,0.0,1.0
195615.0,-1.3460509718313975,-1.7191169470646737,0.0053944380553026,-1.4009674040504705,0.0706900691215268,0.4025272755227504,0.0,1.0,1.0,0.0
499962.0,0.1379145759046816,0.3040679257093959,0.0053944380553026,-0.6821129777988038,0.4370301586188838,0.4025272755227504,0.0,1.0,1.0,0.0
369027.0,1.5158825845167552,-1.4619652622334895,0.0053944380553026,1.4744503009561964,-1.3539658344793042,-0.483229565480857,0.0,1.0,1.0,0.0
344465.0,0.7738998106487155,-0.9883369889399966,-1.3817467761654108,0.0367414484528629,0.7219613393390494,-1.3689864064844643,0.0,1.0,0.0,1.0
355821.0,-0.0740805023433297,-0.4988584372277463,-1.3817467761654108,-0.6821129777988038,-0.8248079274275669,0.4025272755227504,1.0,0.0,0.0,1.0
485663.0,0.8798973497727212,-0.3324974126032787,-0.688176169055054,0.7555958747045297,0.8847791568934302,1.288284116526358,0.0,1.0,0.0,1.0
402253.0,0.2439121150286872,-0.3298890763987064,0.6989650451656594,-1.4009674040504705,0.5591435217846685,-0.483229565480857,1.0,0.0,0.0,1.0
572740.0,1.9398727410127776,0.2446550573471834,-1.3817467761654108,0.0367414484528629,-1.761010378365256,1.288284116526358,0.0,1.0,0.0,1.0
676707.0,0.1379145759046816,1.713096762158251,1.392535652276016,0.0367414484528629,2.3908439692714523,-0.483229565480857,0.0,1.0,1.0,0.0
336134.0,-0.7100657370873636,-0.680422980641337,0.0053944380553026,-0.6821129777988038,0.6812568849504541,-0.483229565480857,0.0,1.0,0.0,1.0
538360.0,0.3499096541526929,0.6014766213218563,-0.688176169055054,0.0367414484528629,-0.1735366572100444,0.4025272755227504,0.0,1.0,1.0,0.0
319430.0,-1.3460509718313975,-0.4727530834305037,0.6989650451656594,0.7555958747045297,0.7219613393390494,-1.3689864064844643,1.0,0.0,1.0,0.0
698636.0,0.7738998106487155,1.358062940067378,1.392535652276016,0.7555958747045297,0.7626657937276446,1.288284116526358,0.0,1.0,1.0,0.0
434023.0,-1.7700411283274202,0.5697451628799094,-0.688176169055054,0.0367414484528629,0.9661880656706208,1.288284116526358,1.0,0.0,1.0,0.0
384320.0,0.3499096541526929,-1.2063161423738402,0.6989650451656594,1.4744503009561964,-0.8655123818161622,1.288284116526358,0.0,1.0,1.0,0.0
462827.0,0.6679022715247098,-0.4512523301383979,0.0053944380553026,0.7555958747045297,-1.7203059239766612,1.288284116526358,0.0,1.0,1.0,0.0
327426.0,-1.452048510955403,-0.4889456930308285,1.392535652276016,1.4744503009561964,-0.0107188396556635,-1.3689864064844643,1.0,0.0,1.0,0.0
521977.0,-0.286075580591341,0.9147615761519998,0.6989650451656594,-0.6821129777988038,0.1520989778987173,-0.483229565480857,1.0,0.0,0.0,1.0
210380.0,-0.604068197963358,-1.932524250617564,0.0053944380553026,-0.6821129777988038,0.3556212498416933,1.288284116526358,1.0,0.0,1.0,0.0
397175.0,0.6679022715247098,-0.8496296055913538,-0.688176169055054,-0.6821129777988038,-0.7026945642617818,1.288284116526358,0.0,1.0,1.0,0.0
790570.0,0.4559071932766985,3.0567961801200263,0.0053944380553026,0.0367414484528629,-1.9238281959196368,-1.3689864064844643,0.0,1.0,1.0,0.0
380479.0,0.2439121150286872,-0.264163334654166,-1.3817467761654108,0.0367414484528629,0.8033702481162398,-1.3689864064844643,1.0,0.0,0.0,1.0
389660.0,0.5619047324007043,-1.1171339780602771,-0.688176169055054,1.4744503009561964,0.5998479761732637,1.288284116526358,0.0,1.0,0.0,1.0
379937.0,0.3499096541526929,-0.8051141767044352,-1.3817467761654108,1.4744503009561964,-0.6212856554845914,1.288284116526358,1.0,0.0,0.0,1.0
435689.0,-1.6640435892034149,0.3285390725188049,1.392535652276016,0.0367414484528629,-0.7841034730389718,1.288284116526358,1.0,0.0,1.0,0.0
525764.0,0.8798973497727212,0.2695445833477754,1.392535652276016,0.0367414484528629,-0.3363544747644248,-1.3689864064844643,0.0,1.0,1.0,0.0
393610.0,-0.922060815335375,0.0263646135414467,-1.3817467761654108,0.0367414484528629,1.0068925200592158,-0.483229565480857,0.0,1.0,1.0,0.0
312611.0,-0.7100657370873636,-0.5622028089864677,-1.3817467761654108,-0.6821129777988038,-2.4936905573599693,0.4025272755227504,1.0,0.0,0.0,1.0
396803.0,0.6679022715247098,-0.3262995133765274,-0.688176169055054,-1.4009674040504705,-1.028330199370543,-0.483229565480857,1.0,0.0,0.0,1.0
186483.0,-2.6180214413194656,-1.0774536140323092,0.6989650451656594,-0.6821129777988038,-0.7841034730389718,-0.483229565480857,1.0,0.0,0.0,1.0
462147.0,-1.452048510955403,0.5730992807044105,0.0053944380553026,0.7555958747045297,2.3908439692714523,-0.483229565480857,0.0,1.0,0.0,1.0
557403.0,1.197889967144738,0.7611174127307134,-0.688176169055054,0.0367414484528629,-1.1911480169249238,-0.483229565480857,1.0,0.0,1.0,0.0
483781.0,1.4098850453927494,-0.0497152150433388,1.392535652276016,-1.4009674040504705,0.640552430561859,-1.3689864064844643,1.0,0.0,1.0,0.0
423376.0,1.3038875062687438,-0.3265456999951748,-1.3817467761654108,-1.4009674040504705,0.7626657937276446,-0.483229565480857,1.0,0.0,0.0,1.0
415792.0,0.2439121150286872,-0.8032703365106306,1.392535652276016,-0.6821129777988038,0.2335078866759077,1.288284116526358,0.0,1.0,1.0,0.0
660214.0,0.5619047324007043,1.5202600733458254,1.392535652276016,0.7555958747045297,0.3556212498416933,-1.3689864064844643,0.0,1.0,0.0,1.0
638384.0,1.9398727410127776,1.2185268294873983,-1.3817467761654108,-1.4009674040504705,-1.1911480169249238,-0.483229565480857,0.0,1.0,0.0,1.0
483446.0,0.1379145759046816,0.085457981072646,-0.688176169055054,-0.6821129777988038,1.210414792002192,1.288284116526358,0.0,1.0,0.0,1.0
497800.0,0.3499096541526929,0.1954034540545092,0.0053944380553026,-0.6821129777988038,1.780277153442524,1.288284116526358,1.0,0.0,1.0,0.0
428911.0,0.7738998106487155,-0.6981260789817312,1.392535652276016,1.4744503009561964,1.2918237007793825,-0.483229565480857,1.0,0.0,1.0,0.0
279817.0,0.0319170367806759,-1.6396982032429284,1.392535652276016,-0.6821129777988038,0.8440747025048351,0.4025272755227504,1.0,0.0,1.0,0.0
220181.0,-1.876038667451426,-1.314786328186932,0.0053944380553026,-0.6821129777988038,-0.7433990186503765,0.4025272755227504,0.0,1.0,0.0,1.0
552648.0,1.3038875062687438,0.5995744250404379,-0.688176169055054,0.7555958747045297,-0.9876257449819478,-0.483229565480857,1.0,0.0,1.0,0.0
610958.0,0.8798973497727212,1.2479004324692682,-1.3817467761654108,0.7555958747045297,-0.7026945642617818,0.4025272755227504,1.0,0.0,1.0,0.0
293916.0,1.3038875062687438,-1.3050501754822643,-1.3817467761654108,-1.4009674040504705,-0.7026945642617818,-1.3689864064844643,1.0,0.0,0.0,1.0
675494.0,0.9858948888967268,1.188115482878329,0.6989650451656594,0.7555958747045297,-0.37705892915302,1.288284116526358,0.0,1.0,1.0,0.0
214345.0,-1.6640435892034149,-0.975511725545656,-1.3817467761654108,0.7555958747045297,-0.37705892915302,-1.3689864064844643,1.0,0.0,1.0,0.0
251012.0,0.9858948888967268,-2.473701555746864,-1.3817467761654108,1.4744503009561964,1.2918237007793825,1.288284116526358,0.0,1.0,0.0,1.0
411873.0,1.4098850453927494,-0.9304019006883992,-0.688176169055054,1.4744503009561964,-0.37705892915302,0.4025272755227504,1.0,0.0,1.0,0.0
584779.0,0.1379145759046816,0.6294594530502167,0.6989650451656594,1.4744503009561964,0.7219613393390494,1.288284116526358,0.0,1.0,1.0,0.0
459457.0,-1.240053432707392,0.4184194079751387,-0.688176169055054,1.4744503009561964,0.2335078866759077,0.4025272755227504,0.0,1.0,1.0,0.0
251810.0,0.8798973497727212,-2.2193582934946625,0.6989650451656594,-1.4009674040504705,0.5998479761732637,1.288284116526358,1.0,0.0,0.0,1.0
570724.0,0.1379145759046816,1.6019928124775429,-1.3817467761654108,-0.6821129777988038,-0.6212856554845914,-1.3689864064844643,1.0,0.0,1.0,0.0
410153.0,0.6679022715247098,-0.5340080395871055,0.6989650451656594,-1.4009674040504705,-0.6212856554845914,0.4025272755227504,1.0,0.0,0.0,1.0
384104.0,-0.8160632762113693,-0.2536222881795484,-0.688176169055054,1.4744503009561964,0.111394523510122,0.4025272755227504,1.0,0.0,1.0,0.0
571692.0,1.0918924280207325,0.6286812009737919,-0.688176169055054,1.4744503009561964,-0.092127748432854,0.4025272755227504,1.0,0.0,1.0,0.0
547752.0,-0.286075580591341,0.9872100723135462,-1.3817467761654108,1.4744503009561964,-1.1504435625363287,1.288284116526358,1.0,0.0,1.0,0.0
378055.0,0.5619047324007043,-1.1669737317080002,1.392535652276016,-0.6821129777988038,2.350139514882857,1.288284116526358,1.0,0.0,0.0,1.0
365589.0,-0.7100657370873636,-0.2483733184177856,-1.3817467761654108,0.0367414484528629,0.3556212498416933,0.4025272755227504,1.0,0.0,0.0,1.0
377314.0,0.2439121150286872,-1.1179988865516048,0.6989650451656594,0.0367414484528629,-0.0107188396556635,1.288284116526358,0.0,1.0,0.0,1.0
529023.0,-0.4980706588393523,0.7298917172813707,1.392535652276016,-1.4009674040504705,0.1928034322873125,0.4025272755227504,0.0,1.0,0.0,1.0
378147.0,-0.8160632762113693,-0.5035604710980347,1.392535652276016,-0.6821129777988038,-0.0514232940442587,1.288284116526358,1.0,0.0,1.0,0.0
350085.0,1.4098850453927494,-1.2232339531002112,-1.3817467761654108,0.0367414484528629,1.210414792002192,-1.3689864064844643,0.0,1.0,0.0,1.0
451534.0,0.0319170367806759,0.0014544344562064,-1.3817467761654108,0.7555958747045297,0.5184390673960743,1.288284116526358,1.0,0.0,1.0,0.0
536871.0,0.4559071932766985,0.700269405987024,-1.3817467761654108,0.0367414484528629,-2.208759376639803,0.4025272755227504,0.0,1.0,0.0,1.0
254738.0,0.0319170367806759,-1.704556195994163,-0.688176169055054,0.7555958747045297,0.0706900691215268,0.4025272755227504,1.0,0.0,0.0,1.0
437234.0,-0.8160632762113693,0.2917076188476778,0.0053944380553026,-0.6821129777988038,0.0706900691215268,-0.483229565480857,0.0,1.0,1.0,0.0
299079.0,-0.8160632762113693,-0.4449556934700463,-1.3817467761654108,0.0367414484528629,-2.249463831028398,-1.3689864064844643,1.0,0.0,1.0,0.0
436243.0,0.9858948888967268,-0.4488657525329341,1.392535652276016,-1.4009674040504705,1.1697103376135969,-0.483229565480857,1.0,0.0,0.0,1.0
456487.0,-1.7700411283274202,0.5182808643946942,0.0053944380553026,0.0367414484528629,0.477734613007479,1.288284116526358,0.0,1.0,0.0,1.0
394042.0,-1.240053432707392,-0.2093195728634619,0.6989650451656594,1.4744503009561964,0.111394523510122,-0.483229565480857,0.0,1.0,0.0,1.0
411100.0,0.2439121150286872,-0.3613218895681691,0.6989650451656594,-0.6821129777988038,0.5184390673960743,-1.3689864064844643,0.0,1.0,0.0,1.0
250392.0,-0.604068197963358,-1.5502000733223558,-0.688176169055054,-0.6821129777988038,1.0068925200592158,0.4025272755227504,0.0,1.0,0.0,1.0
433698.0,0.5619047324007043,-0.4640735606410213,0.6989650451656594,-0.6821129777988038,1.6174593358881433,-0.483229565480857,0.0,1.0,0.0,1.0
553420.0,-0.7100657370873636,1.3211352876117912,1.392535652276016,-1.4009674040504705,-0.2142411115986396,-1.3689864064844643,0.0,1.0,0.0,1.0
263933.0,-1.1340558935833862,-0.8953127004905906,-1.3817467761654108,-0.6821129777988038,-1.5574881064222803,-0.483229565480857,0.0,1.0,1.0,0.0
593308.0,0.4559071932766985,0.7979494652850635,-0.688176169055054,0.7555958747045297,1.3325281551679775,1.288284116526358,0.0,1.0,0.0,1.0
592649.0,1.0918924280207325,0.6098999132742362,0.6989650451656594,-1.4009674040504705,-0.6212856554845914,1.288284116526358,0.0,1.0,1.0,0.0
478227.0,0.6679022715247098,0.3486183406625601,0.6989650451656594,-1.4009674040504705,-0.7026945642617818,-1.3689864064844643,1.0,0.0,1.0,0.0
283768.0,-0.0740805023433297,-1.3005459681915226,0.6989650451656594,-0.6821129777988038,-1.5574881064222803,-1.3689864064844643,0.0,1.0,0.0,1.0
642128.0,0.0319170367806759,1.428872806968642,-0.688176169055054,0.7555958747045297,0.9254836112820256,1.288284116526358,0.0,1.0,1.0,0.0
414628.0,-0.286075580591341,-0.3247329979691578,0.0053944380553026,0.0367414484528629,1.047596974447811,1.288284116526358,1.0,0.0,1.0,0.0
416446.0,-0.0740805023433297,-0.5022205726038315,1.392535652276016,0.0367414484528629,-1.231852471313519,1.288284116526358,1.0,0.0,0.0,1.0
335514.0,0.9858948888967268,-1.7541241508729672,1.392535652276016,1.4744503009561964,-0.2549455659872344,-0.483229565480857,0.0,1.0,0.0,1.0
334236.0,-0.922060815335375,-0.7284036502227208,0.6989650451656594,-1.4009674040504705,-0.4177633835416152,0.4025272755227504,0.0,1.0,0.0,1.0
321721.0,-1.982036206575432,-0.0399352720144897,-0.688176169055054,-1.4009674040504705,-0.2142411115986396,0.4025272755227504,1.0,0.0,0.0,1.0
428219.0,-0.3920731197153467,-0.1135181856410043,0.6989650451656594,-1.4009674040504705,-0.2956500203758296,0.4025272755227504,0.0,1.0,0.0,1.0
415545.0,0.5619047324007043,-0.4995345158835704,1.392535652276016,0.7555958747045297,0.477734613007479,-1.3689864064844643,1.0,0.0,1.0,0.0
592676.0,0.1379145759046816,1.2503082075616134,0.0053944380553026,0.0367414484528629,-0.9876257449819478,-0.483229565480857,0.0,1.0,0.0,1.0
457970.0,-1.1340558935833862,1.171746080643283,-1.3817467761654108,-0.6821129777988038,-1.9238281959196368,-1.3689864064844643,1.0,0.0,1.0,0.0
553368.0,0.0319170367806759,0.808803208970669,-0.688176169055054,0.7555958747045297,-0.3363544747644248,0.4025272755227504,0.0,1.0,0.0,1.0
381245.0,-0.4980706588393523,-0.6462343113736938,0.6989650451656594,0.0367414484528629,0.3556212498416933,0.4025272755227504,0.0,1.0,0.0,1.0
516383.0,0.0319170367806759,0.9919750664265584,0.0053944380553026,-1.4009674040504705,1.047596974447811,-1.3689864064844643,1.0,0.0,0.0,1.0
486219.0,-0.1800780414673354,-0.1390905974444816,0.6989650451656594,1.4744503009561964,1.2918237007793825,1.288284116526358,0.0,1.0,0.0,1.0
458927.0,-1.240053432707392,0.3535483884817242,0.0053944380553026,1.4744503009561964,-0.6619901098731865,0.4025272755227504,0.0,1.0,0.0,1.0
429579.0,0.7738998106487155,-0.4355321797763268,1.392535652276016,-1.4009674040504705,0.3149167954530981,-1.3689864064844643,0.0,1.0,1.0,0.0
268995.0,0.1379145759046816,-1.2132680634192288,-1.3817467761654108,-1.4009674040504705,-0.7433990186503765,-1.3689864064844643,0.0,1.0,0.0,1.0
638579.0,0.9858948888967268,1.0847948114345325,1.392535652276016,0.0367414484528629,0.1928034322873125,-0.483229565480857,0.0,1.0,1.0,0.0
760743.0,0.5619047324007043,1.9363833397824863,1.392535652276016,1.4744503009561964,0.8033702481162398,1.288284116526358,0.0,1.0,1.0,0.0
399840.0,-1.3460509718313975,0.5501571834182019,-1.3817467761654108,0.0367414484528629,1.780277153442524,-1.3689864064844643,1.0,0.0,0.0,1.0
394962.0,-0.286075580591341,-0.0207200061187271,0.0053944380553026,-1.4009674040504705,-1.272556925702114,-0.483229565480857,1.0,0.0,0.0,1.0
385638.0,0.2439121150286872,-0.852202370328462,0.0053944380553026,0.7555958747045297,0.3149167954530981,1.288284116526358,1.0,0.0,0.0,1.0
507546.0,0.4559071932766985,0.1195495146712528,0.6989650451656594,-0.6821129777988038,1.2918237007793825,0.4025272755227504,0.0,1.0,1.0,0.0
444397.0,-0.3920731197153467,0.3936586591800064,-1.3817467761654108,0.0367414484528629,0.9661880656706208,-1.3689864064844643,0.0,1.0,0.0,1.0
421481.0,0.3499096541526929,-0.1457087445652768,-1.3817467761654108,0.0367414484528629,-1.1504435625363287,0.4025272755227504,1.0,0.0,0.0,1.0
397580.0,-1.240053432707392,0.0983216446394809,-1.3817467761654108,0.0367414484528629,-0.092127748432854,0.4025272755227504,0.0,1.0,0.0,1.0
306153.0,-0.0740805023433297,-1.1239284663895426,0.6989650451656594,-0.6821129777988038,-0.8248079274275669,-1.3689864064844643,0.0,1.0,0.0,1.0
386782.0,0.5619047324007043,-0.7943875900793588,0.6989650451656594,0.7555958747045297,0.2335078866759077,-0.483229565480857,1.0,0.0,0.0,1.0
563231.0,1.4098850453927494,0.0117502253611354,1.392535652276016,1.4744503009561964,-0.0107188396556635,1.288284116526358,1.0,0.0,0.0,1.0
397470.0,0.1379145759046816,-0.3656302455000709,0.6989650451656594,0.7555958747045297,-0.3363544747644248,-1.3689864064844643,1.0,0.0,1.0,0.0
512824.0,0.3499096541526929,0.5903919005827188,-0.688176169055054,0.7555958747045297,-0.6619901098731865,-1.3689864064844643,0.0,1.0,0.0,1.0
139577.0,0.4559071932766985,-2.695628876034218,-1.3817467761654108,-0.6821129777988038,0.1520989778987173,0.4025272755227504,1.0,0.0,1.0,0.0
300474.0,-0.8160632762113693,-0.7935609769974977,-1.3817467761654108,0.0367414484528629,-0.8248079274275669,-0.483229565480857,0.0,1.0,1.0,0.0
636246.0,-0.4980706588393523,1.931475189504548,1.392535652276016,-0.6821129777988038,-0.9469212905933526,-1.3689864064844643,0.0,1.0,0.0,1.0
591033.0,-1.0280583544593809,1.838492984141951,0.0053944380553026,-1.4009674040504705,1.1290058832250016,0.4025272755227504,1.0,0.0,1.0,0.0
277953.0,-1.452048510955403,-0.7551689881268339,0.0053944380553026,-0.6821129777988038,0.7219613393390494,-1.3689864064844643,0.0,1.0,0.0,1.0
573898.0,2.151867819260789,0.3506002437987481,0.0053944380553026,-1.4009674040504705,-0.5805812010959961,-0.483229565480857,0.0,1.0,1.0,0.0
349735.0,0.5619047324007043,-1.0837102930931992,0.6989650451656594,0.7555958747045297,-1.0690346537591382,-0.483229565480857,1.0,0.0,0.0,1.0
446996.0,0.1379145759046816,-0.4398617333389479,0.6989650451656594,0.0367414484528629,-0.2549455659872344,1.288284116526358,0.0,1.0,1.0,0.0
438857.0,-0.8160632762113693,0.0976651731819695,1.392535652276016,-1.4009674040504705,0.2742123410645029,1.288284116526358,1.0,0.0,0.0,1.0
577349.0,1.0918924280207325,0.5856790851082795,0.0053944380553026,0.0367414484528629,0.0299856147329316,1.288284116526358,1.0,0.0,0.0,1.0
665432.0,1.3038875062687438,1.1911480771208267,-0.688176169055054,0.7555958747045297,-1.8424192871424463,1.288284116526358,0.0,1.0,0.0,1.0
572515.0,-1.3460509718313975,1.6539537555657795,0.6989650451656594,0.0367414484528629,-1.028330199370543,0.4025272755227504,1.0,0.0,1.0,0.0
395919.0,-0.604068197963358,-0.0628301514184705,-1.3817467761654108,-0.6821129777988038,-0.4177633835416152,1.288284116526358,1.0,0.0,1.0,0.0
500372.0,-0.8160632762113693,0.9362429161122904,-0.688176169055054,-1.4009674040504705,-0.2549455659872344,1.288284116526358,1.0,0.0,0.0,1.0
468252.0,-0.286075580591341,0.4735515828762574,-0.688176169055054,-0.6821129777988038,0.2742123410645029,0.4025272755227504,1.0,0.0,1.0,0.0
345770.0,-0.4980706588393523,-0.5423759603179499,-0.688176169055054,-1.4009674040504705,-1.5574881064222803,1.288284116526358,1.0,0.0,0.0,1.0
518315.0,0.8798973497727212,0.6522113428062783,-1.3817467761654108,-0.6821129777988038,0.3149167954530981,-0.483229565480857,1.0,0.0,1.0,0.0
486915.0,-0.4980706588393523,0.6629811871704148,-1.3817467761654108,0.0367414484528629,-1.0690346537591382,1.288284116526358,1.0,0.0,1.0,0.0
444461.0,0.9858948888967268,-0.246829513462166,0.0053944380553026,0.7555958747045297,0.6812568849504541,-1.3689864064844643,1.0,0.0,1.0,0.0
609135.0,0.1379145759046816,1.1884772912941983,0.0053944380553026,0.0367414484528629,2.6350706956030225,1.288284116526358,1.0,0.0,0.0,1.0
419734.0,-0.7100657370873636,-0.0622493006436909,1.392535652276016,0.0367414484528629,-1.4353747432564947,0.4025272755227504,1.0,0.0,0.0,1.0
553069.0,0.2439121150286872,0.9447470061997232,0.0053944380553026,-1.4009674040504705,1.576754881499548,0.4025272755227504,1.0,0.0,1.0,0.0
356836.0,2.151867819260789,-2.0172579099737167,-0.688176169055054,0.7555958747045297,0.5998479761732637,1.288284116526358,0.0,1.0,1.0,0.0
599112.0,-0.286075580591341,1.1330963240765328,1.392535652276016,0.7555958747045297,-1.8017148327538512,0.4025272755227504,0.0,1.0,1.0,0.0
372392.0,-1.6640435892034149,-0.1357436742282953,1.392535652276016,-1.4009674040504705,0.1520989778987173,1.288284116526358,1.0,0.0,0.0,1.0
364442.0,-0.604068197963358,-0.4753415482236372,1.392535652276016,1.4744503009561964,-1.231852471313519,-1.3689864064844643,1.0,0.0,1.0,0.0
406013.0,-0.1800780414673354,-0.1140229640247563,-0.688176169055054,-1.4009674040504705,0.477734613007479,-0.483229565480857,0.0,1.0,0.0,1.0
740620.0,1.0918924280207325,1.9599531347848544,1.392535652276016,0.7555958747045297,-0.6212856554845914,0.4025272755227504,1.0,0.0,0.0,1.0
550305.0,0.4559071932766985,0.516644680052916,0.0053944380553026,0.7555958747045297,0.8847791568934302,1.288284116526358,1.0,0.0,0.0,1.0
401576.0,0.7738998106487155,-0.48894483264605,-0.688176169055054,-0.6821129777988038,0.4370301586188838,-1.3689864064844643,0.0,1.0,1.0,0.0
494605.0,1.6218801236407607,-0.4837425838696256,0.0053944380553026,0.0367414484528629,-2.290168285416993,1.288284116526358,0.0,1.0,0.0,1.0
635818.0,1.3038875062687438,1.2488931928303917,-0.688176169055054,-1.4009674040504705,-0.092127748432854,1.288284116526358,1.0,0.0,1.0,0.0
621317.0,0.3499096541526929,1.5332978661103127,-0.688176169055054,-1.4009674040504705,-0.4177633835416152,1.288284116526358,1.0,0.0,0.0,1.0
359897.0,-0.7100657370873636,-0.3662845508083824,0.0053944380553026,0.0367414484528629,-0.3363544747644248,-1.3689864064844643,0.0,1.0,1.0,0.0
307059.0,-0.4980706588393523,-0.7542170494725267,0.6989650451656594,-0.6821129777988038,-0.9062168362047572,-1.3689864064844643,1.0,0.0,1.0,0.0
444411.0,-0.4980706588393523,0.2717615139819438,-1.3817467761654108,-1.4009674040504705,1.943094970996905,0.4025272755227504,0.0,1.0,0.0,1.0
714438.0,-0.922060815335375,2.621355111742898,-0.688176169055054,0.7555958747045297,0.7626657937276446,0.4025272755227504,0.0,1.0,0.0,1.0
712896.0,2.2578653583847945,1.28368039974037,0.0053944380553026,-1.4009674040504705,-0.5805812010959961,1.288284116526358,0.0,1.0,0.0,1.0
408181.0,1.197889967144738,-0.7854256310107166,-1.3817467761654108,-0.6821129777988038,1.6988682446653336,1.288284116526358,1.0,0.0,1.0,0.0
430375.0,-0.1800780414673354,-0.1309594752947311,-0.688176169055054,0.7555958747045297,1.4953459727223584,-0.483229565480857,0.0,1.0,0.0,1.0
494432.0,0.2439121150286872,0.3899353683368449,-0.688176169055054,0.7555958747045297,-0.9469212905933526,0.4025272755227504,1.0,0.0,0.0,1.0
332155.0,-0.4980706588393523,-0.6654310315698104,-1.3817467761654108,0.0367414484528629,-0.1735366572100444,-0.483229565480857,0.0,1.0,0.0,1.0
532227.0,2.151867819260789,-0.2969262363729356,0.6989650451656594,-1.4009674040504705,2.2687306061056667,1.288284116526358,1.0,0.0,0.0,1.0
524757.0,-0.604068197963358,0.8759980718793142,0.0053944380553026,0.0367414484528629,-1.3132613800907091,1.288284116526358,1.0,0.0,1.0,0.0
353160.0,1.0918924280207325,-1.081245596974055,0.0053944380553026,0.0367414484528629,-2.249463831028398,-0.483229565480857,1.0,0.0,0.0,1.0
514017.0,-0.922060815335375,0.9644646529880012,1.392535652276016,-0.6821129777988038,-3.511301917074849,-0.483229565480857,0.0,1.0,0.0,1.0
463867.0,1.5158825845167552,-0.1862103486166227,-1.3817467761654108,0.0367414484528629,0.7219613393390494,-0.483229565480857,1.0,0.0,0.0,1.0
475880.0,0.2439121150286872,0.0130895278997123,-0.688176169055054,1.4744503009561964,2.0245038797740955,-0.483229565480857,0.0,1.0,1.0,0.0
419121.0,0.1379145759046816,-0.675159184468271,0.6989650451656594,1.4744503009561964,-0.7026945642617818,0.4025272755227504,0.0,1.0,0.0,1.0
242307.0,2.151867819260789,-2.532070351556156,-0.688176169055054,0.0367414484528629,-0.6619901098731865,-1.3689864064844643,0.0,1.0,0.0,1.0
733426.0,-0.1800780414673354,2.473213317655944,0.6989650451656594,0.7555958747045297,-0.4584678379302104,-0.483229565480857,0.0,1.0,0.0,1.0
458373.0,-0.286075580591341,0.4957216222003309,0.0053944380553026,-1.4009674040504705,0.3149167954530981,-0.483229565480857,1.0,0.0,0.0,1.0
558780.0,-0.4980706588393523,1.1417822858076154,-1.3817467761654108,0.7555958747045297,0.5591435217846685,0.4025272755227504,0.0,1.0,1.0,0.0
622466.0,0.4559071932766985,1.5117512299525149,-1.3817467761654108,0.0367414484528629,1.9023905166083095,0.4025272755227504,1.0,0.0,1.0,0.0
225071.0,-1.876038667451426,-0.8644721074784566,-0.688176169055054,0.7555958747045297,-0.8248079274275669,-1.3689864064844643,1.0,0.0,0.0,1.0
443536.0,-1.6640435892034149,0.7336003084456796,-0.688176169055054,-1.4009674040504705,-0.0514232940442587,0.4025272755227504,0.0,1.0,0.0,1.0
443245.0,0.6679022715247098,-0.4255157103565291,-0.688176169055054,-1.4009674040504705,1.0068925200592158,1.288284116526358,0.0,1.0,0.0,1.0
503860.0,0.4559071932766985,0.609103240593898,-1.3817467761654108,1.4744503009561964,1.0883014288364063,-1.3689864064844643,1.0,0.0,0.0,1.0
548529.0,0.3499096541526929,0.8201226535653903,0.0053944380553026,-1.4009674040504705,-1.3132613800907091,1.288284116526358,1.0,0.0,0.0,1.0
471734.0,0.3499096541526929,0.241911083856264,0.6989650451656594,0.0367414484528629,0.7626657937276446,-1.3689864064844643,1.0,0.0,0.0,1.0
552340.0,0.9858948888967268,0.4797219801305431,0.0053944380553026,1.4744503009561964,0.5184390673960743,-1.3689864064844643,0.0,1.0,1.0,0.0
451949.0,-0.1800780414673354,0.2599901784066517,0.0053944380553026,-1.4009674040504705,0.2742123410645029,0.4025272755227504,1.0,0.0,0.0,1.0
568213.0,-0.0740805023433297,1.1887287560547517,0.6989650451656594,-0.6821129777988038,1.6988682446653336,-0.483229565480857,1.0,0.0,1.0,0.0
508619.0,-0.8160632762113693,0.5078037528583912,1.392535652276016,0.7555958747045297,-0.6619901098731865,0.4025272755227504,0.0,1.0,1.0,0.0
605777.0,0.9858948888967268,0.9214895920597276,0.0053944380553026,-0.6821129777988038,-0.37705892915302,0.4025272755227504,0.0,1.0,1.0,0.0
565350.0,0.7738998106487155,0.7485276516711178,0.6989650451656594,0.0367414484528629,-0.0107188396556635,-1.3689864064844643,0.0,1.0,1.0,0.0
631003.0,-0.604068197963358,1.700505295901784,1.392535652276016,0.0367414484528629,-0.1328322028214492,-0.483229565480857,0.0,1.0,1.0,0.0
481522.0,0.5619047324007043,0.1332371788848065,0.0053944380553026,-0.6821129777988038,0.5998479761732637,0.4025272755227504,1.0,0.0,1.0,0.0
404650.0,1.197889967144738,-0.7444309676621383,-0.688176169055054,-0.6821129777988038,-0.4991722923188056,-0.483229565480857,0.0,1.0,0.0,1.0
232718.0,-0.922060815335375,-1.324768130115302,-0.688176169055054,1.4744503009561964,0.9254836112820256,-1.3689864064844643,1.0,0.0,1.0,0.0
616634.0,-1.240053432707392,1.806654275642232,0.6989650451656594,-1.4009674040504705,-0.4584678379302104,1.288284116526358,0.0,1.0,1.0,0.0
619014.0,1.197889967144738,0.9007305728785991,-0.688176169055054,1.4744503009561964,-0.9062168362047572,1.288284116526358,1.0,0.0,0.0,1.0
613750.0,-0.1800780414673354,1.2684652223137804,1.392535652276016,0.0367414484528629,0.111394523510122,1.288284116526358,1.0,0.0,0.0,1.0
427436.0,0.6679022715247098,-0.1299639673405143,-1.3817467761654108,-1.4009674040504705,-0.0107188396556635,0.4025272755227504,1.0,0.0,0.0,1.0
311556.0,-0.604068197963358,-1.167417106127087,0.0053944380553026,0.7555958747045297,0.5998479761732637,1.288284116526358,1.0,0.0,0.0,1.0
455889.0,1.0918924280207325,-0.8163122964503494,0.6989650451656594,0.7555958747045297,-0.7026945642617818,1.288284116526358,0.0,1.0,1.0,0.0
552900.0,-0.1800780414673354,1.2989755950946245,0.0053944380553026,-1.4009674040504705,0.3149167954530981,-0.483229565480857,1.0,0.0,0.0,1.0
328927.0,-0.1800780414673354,-0.7105412195957146,0.0053944380553026,0.0367414484528629,0.3149167954530981,-1.3689864064844643,1.0,0.0,1.0,0.0
524877.0,2.2578653583847945,-0.5477013571073442,-0.688176169055054,0.7555958747045297,0.3963257042302885,1.288284116526358,0.0,1.0,1.0,0.0
293723.0,1.3038875062687438,-1.5382569952027545,-1.3817467761654108,0.7555958747045297,0.1928034322873125,-1.3689864064844643,1.0,0.0,1.0,0.0
497549.0,1.3038875062687438,-0.3357571152664924,-1.3817467761654108,1.4744503009561964,-0.5398767467074009,1.288284116526358,0.0,1.0,1.0,0.0
461848.0,0.0319170367806759,0.5484369723584963,0.0053944380553026,-1.4009674040504705,-0.3363544747644248,-1.3689864064844643,1.0,0.0,1.0,0.0
595205.0,2.151867819260789,0.6431551830293429,-1.3817467761654108,-1.4009674040504705,1.780277153442524,-0.483229565480857,0.0,1.0,1.0,0.0
481070.0,-1.0280583544593809,0.6446326575073564,0.6989650451656594,0.0367414484528629,-0.7433990186503765,-0.483229565480857,0.0,1.0,0.0,1.0
493659.0,-0.604068197963358,0.1829186648042778,1.392535652276016,1.4744503009561964,0.3556212498416933,0.4025272755227504,0.0,1.0,0.0,1.0
475944.0,-0.604068197963358,0.5874292579522941,-1.3817467761654108,-0.6821129777988038,0.2742123410645029,0.4025272755227504,0.0,1.0,0.0,1.0
264496.0,-1.0280583544593809,-1.2253751278762173,-0.688176169055054,0.0367414484528629,-1.5981925608108756,0.4025272755227504,0.0,1.0,0.0,1.0
433006.0,-0.3920731197153467,0.0501036345153232,1.392535652276016,0.7555958747045297,0.8033702481162398,-1.3689864064844643,1.0,0.0,0.0,1.0
478532.0,-1.1340558935833862,0.6344234614182374,-1.3817467761654108,0.7555958747045297,-1.8017148327538512,1.288284116526358,0.0,1.0,1.0,0.0
471551.0,-1.0280583544593809,1.169336377291674,-1.3817467761654108,-0.6821129777988038,0.477734613007479,-1.3689864064844643,1.0,0.0,1.0,0.0
508295.0,0.1379145759046816,0.3169260690735556,0.0053944380553026,1.4744503009561964,0.2742123410645029,-0.483229565480857,0.0,1.0,1.0,0.0
736782.0,1.5158825845167552,1.659045234275471,0.6989650451656594,0.7555958747045297,-0.7026945642617818,0.4025272755227504,0.0,1.0,1.0,0.0
577757.0,-0.0740805023433297,0.8024295952987467,1.392535652276016,1.4744503009561964,-0.9876257449819478,1.288284116526358,1.0,0.0,0.0,1.0
577356.0,0.6679022715247098,0.6498875723159103,-0.688176169055054,1.4744503009561964,0.8033702481162398,0.4025272755227504,0.0,1.0,1.0,0.0
622891.0,0.8798973497727212,1.2576177467804015,0.0053944380553026,0.7555958747045297,0.8847791568934302,-0.483229565480857,1.0,0.0,1.0,0.0
479627.0,0.3499096541526929,0.237805914137691,-0.688176169055054,0.0367414484528629,0.3149167954530981,0.4025272755227504,1.0,0.0,0.0,1.0
502880.0,0.6679022715247098,-0.0385003656869267,-0.688176169055054,0.7555958747045297,-0.6212856554845914,1.288284116526358,0.0,1.0,1.0,0.0
512681.0,-0.0740805023433297,0.2095883024328162,0.6989650451656594,0.0367414484528629,0.640552430561859,1.288284116526358,0.0,1.0,1.0,0.0
332344.0,-1.3460509718313975,-0.2519157352123341,-1.3817467761654108,-1.4009674040504705,-0.4177633835416152,1.288284116526358,1.0,0.0,0.0,1.0
540950.0,-0.286075580591341,0.8077517477406251,1.392535652276016,-0.6821129777988038,0.3963257042302885,-0.483229565480857,0.0,1.0,1.0,0.0
564011.0,-1.452048510955403,1.4507020053024329,1.392535652276016,1.4744503009561964,1.454641518333763,-0.483229565480857,1.0,0.0,1.0,0.0
271137.0,-0.4980706588393523,-1.255064651847697,-0.688176169055054,0.7555958747045297,1.780277153442524,-0.483229565480857,1.0,0.0,1.0,0.0
330042.0,0.5619047324007043,-0.927981162032536,-1.3817467761654108,0.7555958747045297,-2.982144010023112,-0.483229565480857,1.0,0.0,0.0,1.0
486630.0,-0.0740805023433297,0.2844878982675257,-0.688176169055054,0.0367414484528629,0.8033702481162398,0.4025272755227504,0.0,1.0,0.0,1.0
476639.0,-1.240053432707392,0.9695920381741676,-0.688176169055054,-1.4009674040504705,0.4370301586188838,-0.483229565480857,0.0,1.0,1.0,0.0
556775.0,-0.604068197963358,0.9981829394261394,1.392535652276016,-0.6821129777988038,-1.0690346537591382,0.4025272755227504,0.0,1.0,1.0,0.0
330786.0,0.0319170367806759,-0.6799548117053102,-1.3817467761654108,0.0367414484528629,-2.819326192468731,-1.3689864064844643,0.0,1.0,0.0,1.0
290871.0,0.0319170367806759,-1.765717724902237,1.392535652276016,0.0367414484528629,0.1928034322873125,0.4025272755227504,0.0,1.0,1.0,0.0
385731.0,-0.8160632762113693,-0.3686695012417875,1.392535652276016,0.0367414484528629,-1.3946702888678997,-0.483229565480857,0.0,1.0,1.0,0.0
401766.0,-0.7100657370873636,-0.306000013938994,-0.688176169055054,1.4744503009561964,-0.2956500203758296,0.4025272755227504,0.0,1.0,1.0,0.0
271437.0,0.1379145759046816,-1.6112551995276547,0.0053944380553026,0.0367414484528629,-0.2549455659872344,0.4025272755227504,1.0,0.0,0.0,1.0
522278.0,-0.1800780414673354,0.9448262092917852,-1.3817467761654108,-1.4009674040504705,-1.3539658344793042,0.4025272755227504,0.0,1.0,0.0,1.0
623283.0,0.8798973497727212,1.0973942434456951,0.6989650451656594,-1.4009674040504705,1.0883014288364063,1.288284116526358,1.0,0.0,1.0,0.0
426916.0,1.0918924280207325,-0.2328783159219803,-0.688176169055054,-0.6821129777988038,0.9254836112820256,-1.3689864064844643,1.0,0.0,1.0,0.0
531857.0,1.7278776627647665,0.0824086055197401,-1.3817467761654108,1.4744503009561964,0.1928034322873125,0.4025272755227504,1.0,0.0,0.0,1.0
460579.0,-0.286075580591341,0.0305759034419646,0.0053944380553026,-0.6821129777988038,-0.6212856554845914,1.288284116526358,0.0,1.0,0.0,1.0
553917.0,-0.3920731197153467,1.122825162344676,1.392535652276016,1.4744503009561964,-0.8655123818161622,-1.3689864064844643,1.0,0.0,0.0,1.0
565568.0,0.8798973497727212,0.5463712220258726,-0.688176169055054,1.4744503009561964,-0.6212856554845914,1.288284116526358,1.0,0.0,0.0,1.0
432765.0,1.3038875062687438,-0.5365886010069779,0.0053944380553026,-0.6821129777988038,0.8440747025048351,-1.3689864064844643,0.0,1.0,1.0,0.0
341130.0,-2.51202390219546,-0.0824722350587342,0.0053944380553026,0.7555958747045297,0.2335078866759077,1.288284116526358,1.0,0.0,0.0,1.0
578814.0,0.0319170367806759,0.9397588092349464,0.0053944380553026,0.7555958747045297,1.2511192463907872,1.288284116526358,1.0,0.0,1.0,0.0
227130.0,-0.1800780414673354,-1.693865604571425,-1.3817467761654108,0.7555958747045297,0.3963257042302885,-1.3689864064844643,0.0,1.0,1.0,0.0
441583.0,0.8798973497727212,-0.9047381322507076,0.6989650451656594,0.7555958747045297,0.8033702481162398,1.288284116526358,0.0,1.0,0.0,1.0
467128.0,-0.8160632762113693,0.145408113793556,0.0053944380553026,1.4744503009561964,2.4315484236600478,0.4025272755227504,0.0,1.0,1.0,0.0
323861.0,-0.286075580591341,-0.5406673994232601,-0.688176169055054,-0.6821129777988038,-0.092127748432854,-1.3689864064844643,1.0,0.0,1.0,0.0
460661.0,-0.4980706588393523,0.7692655181263882,-1.3817467761654108,0.0367414484528629,0.8033702481162398,-1.3689864064844643,1.0,0.0,1.0,0.0
244709.0,-0.922060815335375,-1.0377382038239182,-1.3817467761654108,-1.4009674040504705,0.9254836112820256,-1.3689864064844643,0.0,1.0,0.0,1.0
280635.0,1.197889967144738,-1.708624287642787,-0.688176169055054,0.7555958747045297,0.4370301586188838,-1.3689864064844643,1.0,0.0,0.0,1.0
376788.0,-0.286075580591341,-0.5390800844923621,-1.3817467761654108,0.0367414484528629,1.3325281551679775,0.4025272755227504,0.0,1.0,0.0,1.0
695935.0,2.575857975756812,1.1283694570486495,-0.688176169055054,0.7555958747045297,0.1928034322873125,-0.483229565480857,0.0,1.0,0.0,1.0
392464.0,0.3499096541526929,-0.2095643316679419,-1.3817467761654108,-0.6821129777988038,-0.9876257449819478,-0.483229565480857,1.0,0.0,1.0,0.0
457007.0,-0.4980706588393523,0.2905656053248493,-1.3817467761654108,-0.6821129777988038,-1.3132613800907091,1.288284116526358,0.0,1.0,0.0,1.0
414224.0,0.7738998106487155,-0.7312047741649188,-1.3817467761654108,0.0367414484528629,-0.3363544747644248,1.288284116526358,0.0,1.0,1.0,0.0
362165.0,-1.0280583544593809,-0.1727705230954342,0.6989650451656594,-0.6821129777988038,-0.8248079274275669,-0.483229565480857,1.0,0.0,0.0,1.0
446061.0,1.6218801236407607,-1.0713697961717523,0.0053944380553026,0.7555958747045297,0.2742123410645029,1.288284116526358,0.0,1.0,0.0,1.0
380740.0,-2.3000288239474487,0.6748712384410749,-0.688176169055054,-1.4009674040504705,0.9661880656706208,-1.3689864064844643,0.0,1.0,1.0,0.0
579013.0,0.6679022715247098,0.6127186372803375,1.392535652276016,1.4744503009561964,-0.3363544747644248,0.4025272755227504,1.0,0.0,0.0,1.0
397766.0,-0.8160632762113693,-0.0790012143563812,1.392535652276016,-1.4009674040504705,1.2511192463907872,-1.3689864064844643,0.0,1.0,0.0,1.0
452820.0,-0.7100657370873636,0.3485500195933516,0.6989650451656594,-1.4009674040504705,1.9023905166083095,0.4025272755227504,1.0,0.0,0.0,1.0
443142.0,1.0918924280207325,-0.6736222089695946,0.0053944380553026,0.7555958747045297,-0.3363544747644248,1.288284116526358,1.0,0.0,0.0,1.0
172023.0,0.7738998106487155,-3.0545472258593467,-0.688176169055054,1.4744503009561964,1.4953459727223584,0.4025272755227504,0.0,1.0,1.0,0.0
215206.0,-1.1340558935833862,-1.925110172515691,1.392535652276016,0.7555958747045297,-1.272556925702114,1.288284116526358,1.0,0.0,1.0,0.0
558677.0,0.4559071932766985,0.6236158295192638,1.392535652276016,1.4744503009561964,0.5998479761732637,-0.483229565480857,1.0,0.0,1.0,0.0
312091.0,-1.5580460500794089,-0.5753885464027888,-0.688176169055054,-0.6821129777988038,0.477734613007479,0.4025272755227504,0.0,1.0,1.0,0.0
270593.0,-1.5580460500794089,-0.6049788346367166,0.0053944380553026,-1.4009674040504705,-1.0690346537591382,-0.483229565480857,1.0,0.0,1.0,0.0
505224.0,1.9398727410127776,0.0202048413119245,-0.688176169055054,-1.4009674040504705,0.2742123410645029,-1.3689864064844643,0.0,1.0,0.0,1.0
391837.0,0.1379145759046816,-0.3887993818251576,1.392535652276016,-0.6821129777988038,0.1928034322873125,-1.3689864064844643,1.0,0.0,1.0,0.0
357262.0,-0.1800780414673354,-0.8497509755051882,0.0053944380553026,-1.4009674040504705,-1.3539658344793042,1.288284116526358,0.0,1.0,0.0,1.0
537307.0,0.6679022715247098,0.3915040657399677,1.392535652276016,0.7555958747045297,-0.2142411115986396,-1.3689864064844643,0.0,1.0,1.0,0.0
436797.0,0.5619047324007043,-0.4174255121260523,-1.3817467761654108,-0.6821129777988038,1.047596974447811,1.288284116526358,0.0,1.0,0.0,1.0
516477.0,2.2578653583847945,0.1229685204192445,-0.688176169055054,-1.4009674040504705,1.576754881499548,-1.3689864064844643,1.0,0.0,1.0,0.0
357946.0,-0.4980706588393523,-0.6690999432157025,1.392535652276016,0.0367414484528629,0.1520989778987173,-1.3689864064844643,0.0,1.0,0.0,1.0
456540.0,0.4559071932766985,-0.2398425842388252,-1.3817467761654108,1.4744503009561964,0.3556212498416933,0.4025272755227504,0.0,1.0,1.0,0.0
101705.0,-3.8899919108075336,-1.0821901153868358,-1.3817467761654108,-1.4009674040504705,1.454641518333763,-1.3689864064844643,0.0,1.0,0.0,1.0
557086.0,-0.0740805023433297,1.1108794092990126,1.392535652276016,-1.4009674040504705,0.3556212498416933,-0.483229565480857,1.0,0.0,0.0,1.0
439341.0,0.4559071932766985,-0.1806185028864823,-0.688176169055054,0.0367414484528629,0.6812568849504541,0.4025272755227504,1.0,0.0,1.0,0.0
551877.0,1.3038875062687438,0.5495913130045265,-0.688176169055054,-0.6821129777988038,0.3149167954530981,0.4025272755227504,1.0,0.0,1.0,0.0
243491.0,-1.5580460500794089,-1.242919181477523,0.0053944380553026,0.7555958747045297,-0.6619901098731865,-0.483229565480857,0.0,1.0,1.0,0.0
403974.0,1.0918924280207325,-0.7711375664918829,1.392535652276016,0.0367414484528629,0.8033702481162398,-1.3689864064844643,1.0,0.0,1.0,0.0
466183.0,-0.922060815335375,0.6411581882158406,-1.3817467761654108,-0.6821129777988038,0.0706900691215268,0.4025272755227504,0.0,1.0,1.0,0.0
336132.0,-1.6640435892034149,-0.1609592351307744,-0.688176169055054,-1.4009674040504705,-0.7841034730389718,1.288284116526358,1.0,0.0,1.0,0.0
536606.0,0.6679022715247098,0.1483525329320464,1.392535652276016,0.7555958747045297,-1.1911480169249238,0.4025272755227504,0.0,1.0,0.0,1.0
381213.0,0.4559071932766985,-0.4356760116497752,-0.688176169055054,-0.6821129777988038,-1.272556925702114,-0.483229565480857,1.0,0.0,1.0,0.0
409107.0,0.6679022715247098,-0.7246298782125224,0.0053944380553026,-0.6821129777988038,0.111394523510122,0.4025272755227504,0.0,1.0,0.0,1.0
174744.0,1.5158825845167552,-3.078139059764314,0.0053944380553026,1.4744503009561964,0.2335078866759077,-0.483229565480857,1.0,0.0,1.0,0.0
345247.0,-0.4980706588393523,-0.4120428112315461,-1.3817467761654108,-1.4009674040504705,-0.2142411115986396,-0.483229565480857,0.0,1.0,1.0,0.0
369108.0,-0.3920731197153467,-0.1122741333781513,0.0053944380553026,-1.4009674040504705,-0.092127748432854,-1.3689864064844643,1.0,0.0,1.0,0.0
525442.0,0.8798973497727212,0.1486744750978294,0.0053944380553026,1.4744503009561964,0.5184390673960743,-0.483229565480857,0.0,1.0,0.0,1.0
453071.0,-2.51202390219546,1.0362766669657295,-1.3817467761654108,1.4744503009561964,2.8792974219345937,-0.483229565480857,0.0,1.0,1.0,0.0
493637.0,0.5619047324007043,-0.084644579074077,1.392535652276016,-0.6821129777988038,-0.37705892915302,0.4025272755227504,0.0,1.0,0.0,1.0
296868.0,0.2439121150286872,-1.2839433541358896,0.0053944380553026,0.7555958747045297,1.4953459727223584,-1.3689864064844643,1.0,0.0,0.0,1.0
558450.0,-1.0280583544593809,1.455988498615796,-1.3817467761654108,1.4744503009561964,-0.2142411115986396,-0.483229565480857,0.0,1.0,1.0,0.0
472277.0,0.6679022715247098,-0.2928880168792321,-0.688176169055054,0.0367414484528629,0.8033702481162398,1.288284116526358,0.0,1.0,0.0,1.0
259548.0,0.2439121150286872,-1.7650314440360424,-0.688176169055054,-0.6821129777988038,-0.8655123818161622,0.4025272755227504,0.0,1.0,1.0,0.0
436713.0,-1.452048510955403,0.3067730558365722,1.392535652276016,0.0367414484528629,0.1520989778987173,-0.483229565480857,0.0,1.0,1.0,0.0
604824.0,-0.0740805023433297,1.2861807901629871,0.0053944380553026,0.7555958747045297,-2.168054922251208,0.4025272755227504,0.0,1.0,0.0,1.0
592191.0,0.2439121150286872,0.8453489650968531,0.6989650451656594,1.4744503009561964,0.2742123410645029,1.288284116526358,1.0,0.0,1.0,0.0
376776.0,-1.1340558935833862,0.1781350613869426,-1.3817467761654108,1.4744503009561964,-0.0107188396556635,-1.3689864064844643,1.0,0.0,0.0,1.0
394570.0,-0.0740805023433297,-0.2270049080792842,-1.3817467761654108,0.7555958747045297,0.111394523510122,-1.3689864064844643,0.0,1.0,1.0,0.0
413225.0,1.3038875062687438,-1.0380469293210222,-0.688176169055054,-0.6821129777988038,1.210414792002192,1.288284116526358,0.0,1.0,1.0,0.0
230739.0,-1.0280583544593809,-1.281064804219881,0.0053944380553026,0.7555958747045297,-0.2549455659872344,-1.3689864064844643,1.0,0.0,0.0,1.0
307875.0,-1.1340558935833862,-0.6428204745743967,0.0053944380553026,0.0367414484528629,-0.6619901098731865,-1.3689864064844643,0.0,1.0,1.0,0.0
183622.0,-1.0280583544593809,-1.877861526519245,1.392535652276016,-0.6821129777988038,-0.4177633835416152,-0.483229565480857,1.0,0.0,0.0,1.0
568955.0,-0.604068197963358,1.279726463705518,-0.688176169055054,-1.4009674040504705,-0.1735366572100444,1.288284116526358,0.0,1.0,1.0,0.0
512167.0,-1.5580460500794089,1.0653991328303427,0.0053944380553026,0.0367414484528629,0.3963257042302885,0.4025272755227504,0.0,1.0,1.0,0.0
255944.0,-0.1800780414673354,-1.2334652792508454,0.0053944380553026,-0.6821129777988038,-1.6388970151994708,-1.3689864064844643,1.0,0.0,0.0,1.0
363553.0,-0.286075580591341,-0.633151146660603,0.6989650451656594,0.0367414484528629,1.943094970996905,-0.483229565480857,1.0,0.0,1.0,0.0
389589.0,0.0319170367806759,0.0059881821891722,-0.688176169055054,-1.4009674040504705,-0.8248079274275669,-1.3689864064844643,1.0,0.0,1.0,0.0
363810.0,-0.286075580591341,-0.8461756169998254,1.392535652276016,-1.4009674040504705,0.3149167954530981,0.4025272755227504,0.0,1.0,1.0,0.0
594949.0,-0.0740805023433297,0.7247480505159078,1.392535652276016,1.4744503009561964,0.5998479761732637,1.288284116526358,0.0,1.0,0.0,1.0
415610.0,-1.0280583544593809,0.3000162385116154,0.6989650451656594,0.0367414484528629,1.413937063945168,-1.3689864064844643,1.0,0.0,1.0,0.0
491679.0,-0.3920731197153467,0.6792593115964574,-1.3817467761654108,0.0367414484528629,1.0883014288364063,-0.483229565480857,0.0,1.0,0.0,1.0
556319.0,-1.5580460500794089,1.125978588621373,1.392535652276016,0.0367414484528629,1.047596974447811,1.288284116526358,0.0,1.0,1.0,0.0
299528.0,-1.452048510955403,-0.4548277542146313,-1.3817467761654108,0.7555958747045297,-1.1504435625363287,-1.3689864064844643,0.0,1.0,1.0,0.0
497785.0,1.4098850453927494,-0.2766732962597997,1.392535652276016,0.0367414484528629,-0.9062168362047572,0.4025272755227504,1.0,0.0,0.0,1.0
235630.0,-1.240053432707392,-1.3861217027252035,0.0053944380553026,-1.4009674040504705,-0.4991722923188056,0.4025272755227504,0.0,1.0,1.0,0.0
554417.0,-0.922060815335375,1.3951246354724811,0.0053944380553026,0.7555958747045297,1.210414792002192,-0.483229565480857,1.0,0.0,0.0,1.0
336155.0,-0.1800780414673354,-0.7596427998245037,-0.688176169055054,0.0367414484528629,1.047596974447811,-1.3689864064844643,0.0,1.0,1.0,0.0
345865.0,-1.0280583544593809,-0.8537577542725024,0.6989650451656594,1.4744503009561964,-0.2549455659872344,0.4025272755227504,0.0,1.0,1.0,0.0
656738.0,1.0918924280207325,0.8798637690434137,1.392535652276016,0.7555958747045297,-0.2142411115986396,1.288284116526358,0.0,1.0,0.0,1.0
546788.0,1.0918924280207325,0.4604158133094505,0.0053944380553026,-1.4009674040504705,-1.761010378365256,0.4025272755227504,0.0,1.0,1.0,0.0
294685.0,0.2439121150286872,-1.447085034759296,0.6989650451656594,0.0367414484528629,1.0883014288364063,-0.483229565480857,1.0,0.0,1.0,0.0
573597.0,2.575857975756812,0.0827716721093494,0.6989650451656594,-1.4009674040504705,-0.7026945642617818,-0.483229565480857,0.0,1.0,1.0,0.0
254311.0,-0.604068197963358,-1.2898431569590445,1.392535652276016,-0.6821129777988038,-0.37705892915302,-1.3689864064844643,1.0,0.0,0.0,1.0
650202.0,1.5158825845167552,1.185939023834851,1.392535652276016,1.4744503009561964,-1.0690346537591382,-1.3689864064844643,1.0,0.0,1.0,0.0
507550.0,0.4559071932766985,0.0886338354717886,-1.3817467761654108,1.4744503009561964,0.1928034322873125,1.288284116526358,0.0,1.0,0.0,1.0
594925.0,-0.0740805023433297,0.8905116474101442,0.0053944380553026,1.4744503009561964,1.0068925200592158,1.288284116526358,0.0,1.0,0.0,1.0
352183.0,1.197889967144738,-0.828923747783337,-1.3817467761654108,-0.6821129777988038,0.0299856147329316,-1.3689864064844643,1.0,0.0,1.0,0.0
402022.0,-1.1340558935833862,-0.1112476992720612,0.0053944380553026,0.7555958747045297,-0.0107188396556635,1.288284116526358,1.0,0.0,1.0,0.0
410643.0,-1.6640435892034149,0.483342352336344,-0.688176169055054,-1.4009674040504705,-0.0514232940442587,1.288284116526358,1.0,0.0,0.0,1.0
416740.0,0.4559071932766985,-0.3524382753080898,-0.688176169055054,0.0367414484528629,-0.2549455659872344,0.4025272755227504,1.0,0.0,0.0,1.0
348433.0,0.3499096541526929,-0.7889977348589338,-0.688176169055054,-1.4009674040504705,-1.516783652033685,-0.483229565480857,0.0,1.0,1.0,0.0
186823.0,0.0319170367806759,-2.1829060868842256,-1.3817467761654108,1.4744503009561964,-0.4991722923188056,-1.3689864064844643,0.0,1.0,1.0,0.0
640780.0,0.4559071932766985,1.273668252845489,1.392535652276016,-0.6821129777988038,-0.1735366572100444,0.4025272755227504,0.0,1.0,0.0,1.0
454697.0,-0.604068197963358,0.3963437884807233,1.392535652276016,0.0367414484528629,0.9661880656706208,-1.3689864064844643,1.0,0.0,0.0,1.0
370782.0,-0.1800780414673354,-0.7804808878343527,0.6989650451656594,0.7555958747045297,-0.4584678379302104,-0.483229565480857,0.0,1.0,1.0,0.0
214432.0,-1.240053432707392,-1.4022477857272624,-1.3817467761654108,0.0367414484528629,-0.3363544747644248,-0.483229565480857,0.0,1.0,0.0,1.0
654309.0,0.2439121150286872,1.5700074908104873,0.0053944380553026,1.4744503009561964,0.640552430561859,-0.483229565480857,0.0,1.0,0.0,1.0
539930.0,0.5619047324007043,0.1449733902129344,1.392535652276016,1.4744503009561964,-0.8655123818161622,0.4025272755227504,0.0,1.0,0.0,1.0
454220.0,-0.0740805023433297,0.1543034155092233,-0.688176169055054,0.7555958747045297,-0.6619901098731865,0.4025272755227504,1.0,0.0,1.0,0.0
430864.0,0.7738998106487155,-0.5962700840605574,-0.688176169055054,-1.4009674040504705,1.454641518333763,1.288284116526358,0.0,1.0,0.0,1.0
465032.0,0.3499096541526929,-0.0156119888777942,1.392535652276016,1.4744503009561964,-0.0514232940442587,-1.3689864064844643,1.0,0.0,0.0,1.0
409568.0,-1.240053432707392,0.2359348985300834,-0.688176169055054,0.0367414484528629,0.3556212498416933,-0.483229565480857,0.0,1.0,1.0,0.0
346156.0,-0.8160632762113693,-0.9040810735797822,1.392535652276016,0.0367414484528629,-0.0107188396556635,0.4025272755227504,0.0,1.0,1.0,0.0
444145.0,1.9398727410127776,-0.31919597136816,-1.3817467761654108,0.0367414484528629,-1.964532650308232,-1.3689864064844643,1.0,0.0,1.0,0.0
485029.0,0.6679022715247098,0.6640044260732405,-1.3817467761654108,-1.4009674040504705,-0.2549455659872344,-1.3689864064844643,1.0,0.0,1.0,0.0
476514.0,0.0319170367806759,0.2094271295093095,-0.688176169055054,-1.4009674040504705,-1.028330199370543,1.288284116526358,0.0,1.0,1.0,0.0
667728.0,0.9858948888967268,1.167783136902813,0.0053944380553026,0.7555958747045297,0.8440747025048351,1.288284116526358,0.0,1.0,1.0,0.0
368096.0,0.5619047324007043,-0.9696705526520858,0.0053944380553026,1.4744503009561964,-0.2142411115986396,-1.3689864064844643,0.0,1.0,1.0,0.0
381138.0,-0.0740805023433297,-0.6288033607276672,0.6989650451656594,0.0367414484528629,-1.5574881064222803,-0.483229565480857,0.0,1.0,1.0,0.0
404151.0,-1.982036206575432,0.4995627187065814,0.6989650451656594,0.0367414484528629,-0.9469212905933526,-1.3689864064844643,0.0,1.0,1.0,0.0
495672.0,-0.0740805023433297,0.5782598291994008,-1.3817467761654108,0.7555958747045297,0.477734613007479,0.4025272755227504,1.0,0.0,1.0,0.0
365563.0,0.0319170367806759,-0.7178493094126445,-1.3817467761654108,-1.4009674040504705,-0.37705892915302,1.288284116526358,0.0,1.0,1.0,0.0
631511.0,1.197889967144738,1.1721123906515667,0.0053944380553026,-0.6821129777988038,1.7395726990539289,0.4025272755227504,1.0,0.0,0.0,1.0
290939.0,1.5158825845167552,-2.208331191330211,0.0053944380553026,1.4744503009561964,0.0299856147329316,-0.483229565480857,0.0,1.0,1.0,0.0
440081.0,-0.7100657370873636,0.1517129505303536,-1.3817467761654108,-1.4009674040504705,3.0421152394889748,1.288284116526358,0.0,1.0,0.0,1.0
466708.0,0.8798973497727212,-0.0911882914865514,-1.3817467761654108,-0.6821129777988038,-0.7026945642617818,0.4025272755227504,0.0,1.0,1.0,0.0
513806.0,0.3499096541526929,0.7835723165151897,-0.688176169055054,-1.4009674040504705,-0.1328322028214492,-1.3689864064844643,0.0,1.0,1.0,0.0
544037.0,-0.604068197963358,1.537068959669056,-0.688176169055054,-1.4009674040504705,-1.1504435625363287,-0.483229565480857,1.0,0.0,0.0,1.0
672613.0,0.6679022715247098,1.248397809082505,0.6989650451656594,1.4744503009561964,-0.9469212905933526,1.288284116526358,0.0,1.0,1.0,0.0
374915.0,-0.3920731197153467,-0.4935305160800343,0.0053944380553026,1.4744503009561964,0.8033702481162398,-0.483229565480857,1.0,0.0,0.0,1.0
530392.0,0.7738998106487155,0.5299847736327851,-0.688176169055054,0.0367414484528629,-0.1735366572100444,0.4025272755227504,1.0,0.0,1.0,0.0
399959.0,-1.1340558935833862,0.0312853712188335,0.0053944380553026,-0.6821129777988038,1.9023905166083095,-0.483229565480857,0.0,1.0,0.0,1.0
417628.0,0.3499096541526929,-0.5023817398010879,-1.3817467761654108,-0.6821129777988038,1.1290058832250016,1.288284116526358,0.0,1.0,0.0,1.0
504421.0,0.2439121150286872,0.4230270958636796,1.392535652276016,-0.6821129777988038,0.7626657937276446,-0.483229565480857,1.0,0.0,1.0,0.0
554974.0,0.2439121150286872,0.6679996199599554,0.0053944380553026,-0.6821129777988038,-1.0690346537591382,1.288284116526358,0.0,1.0,0.0,1.0
436733.0,-1.5580460500794089,0.5124135714585996,0.0053944380553026,1.4744503009561964,0.7219613393390494,-1.3689864064844643,0.0,1.0,0.0,1.0
431784.0,0.3499096541526929,-0.0218700253741115,1.392535652276016,-1.4009674040504705,-0.7433990186503765,-1.3689864064844643,1.0,0.0,1.0,0.0
473722.0,0.5619047324007043,-0.0843352802926225,1.392535652276016,0.7555958747045297,-1.7203059239766612,-1.3689864064844643,0.0,1.0,1.0,0.0
520545.0,-0.0740805023433297,0.6287082359153233,0.0053944380553026,-0.6821129777988038,0.2742123410645029,1.288284116526358,1.0,0.0,1.0,0.0
542667.0,0.3499096541526929,0.4772800158864465,1.392535652276016,-1.4009674040504705,0.6812568849504541,0.4025272755227504,0.0,1.0,0.0,1.0
414113.0,-1.1340558935833862,0.2009028914803496,1.392535652276016,-0.6821129777988038,-0.7433990186503765,-1.3689864064844643,0.0,1.0,0.0,1.0
641232.0,1.6218801236407607,1.2063929291408049,-1.3817467761654108,-0.6821129777988038,1.9837994253855,-0.483229565480857,0.0,1.0,0.0,1.0
514876.0,0.8798973497727212,0.2916342562925323,-0.688176169055054,0.0367414484528629,0.111394523510122,-0.483229565480857,0.0,1.0,1.0,0.0
370806.0,0.9858948888967268,-0.7721947692983857,-0.688176169055054,-1.4009674040504705,-2.737917283691541,0.4025272755227504,1.0,0.0,1.0,0.0
424485.0,0.3499096541526929,-0.3663869904534022,-1.3817467761654108,0.7555958747045297,0.2335078866759077,1.288284116526358,1.0,0.0,0.0,1.0
515079.0,0.8798973497727212,0.4078517290987714,-0.688176169055054,0.0367414484528629,0.7219613393390494,-1.3689864064844643,0.0,1.0,0.0,1.0
493958.0,-0.1800780414673354,0.1775289367962055,1.392535652276016,1.4744503009561964,0.5998479761732637,0.4025272755227504,1.0,0.0,1.0,0.0
601878.0,-0.286075580591341,1.3629256249548676,1.392535652276016,-1.4009674040504705,-0.5398767467074009,1.288284116526358,1.0,0.0,0.0,1.0
293017.0,-2.9360140586914825,-0.0350331435313925,-0.688176169055054,0.0367414484528629,-0.0107188396556635,0.4025272755227504,1.0,0.0,1.0,0.0
442473.0,-0.8160632762113693,0.5257823415167807,-0.688176169055054,-1.4009674040504705,0.5184390673960743,0.4025272755227504,1.0,0.0,1.0,0.0
549123.0,0.3499096541526929,0.9829136920030322,0.0053944380553026,-0.6821129777988038,0.0299856147329316,-0.483229565480857,1.0,0.0,0.0,1.0
518774.0,-1.5580460500794089,0.927741862344904,1.392535652276016,0.7555958747045297,-1.1097391081477337,0.4025272755227504,0.0,1.0,1.0,0.0
436509.0,0.8798973497727212,-0.6981414819538501,1.392535652276016,-1.4009674040504705,0.640552430561859,0.4025272755227504,0.0,1.0,0.0,1.0
717475.0,1.197889967144738,1.4418518181569606,1.392535652276016,0.0367414484528629,-0.0514232940442587,1.288284116526358,0.0,1.0,0.0,1.0
676396.0,1.7278776627647665,1.3653282444744228,-1.3817467761654108,0.0367414484528629,-0.7433990186503765,0.4025272755227504,0.0,1.0,0.0,1.0
315523.0,0.0319170367806759,-0.9950013258989076,0.0053944380553026,-0.6821129777988038,-0.8248079274275669,-1.3689864064844643,0.0,1.0,1.0,0.0
346065.0,-0.1800780414673354,-0.942136496787308,1.392535652276016,0.0367414484528629,-1.5981925608108756,0.4025272755227504,1.0,0.0,0.0,1.0
451642.0,0.4559071932766985,-0.3582503177374667,1.392535652276016,-0.6821129777988038,-0.7841034730389718,1.288284116526358,1.0,0.0,1.0,0.0
148103.0,-1.3460509718313975,-1.9049534089289035,-1.3817467761654108,-1.4009674040504705,-0.4177633835416152,1.288284116526358,1.0,0.0,0.0,1.0
302903.0,-0.8160632762113693,-1.0956659711551882,1.392535652276016,1.4744503009561964,-1.8831237415310416,-1.3689864064844643,0.0,1.0,0.0,1.0
397033.0,-0.286075580591341,-0.7158757178243811,1.392535652276016,1.4744503009561964,-1.3946702888678997,1.288284116526358,1.0,0.0,1.0,0.0
404703.0,0.8798973497727212,-0.4860107848266007,-1.3817467761654108,0.0367414484528629,0.5184390673960743,-1.3689864064844643,0.0,1.0,0.0,1.0
345048.0,0.5619047324007043,-0.525530045740132,-1.3817467761654108,-1.4009674040504705,-0.9062168362047572,-1.3689864064844643,1.0,0.0,1.0,0.0
216739.0,-1.0280583544593809,-1.3443220458220717,-1.3817467761654108,-0.6821129777988038,-0.7841034730389718,0.4025272755227504,1.0,0.0,0.0,1.0
504762.0,0.3499096541526929,-0.0108531049548766,0.6989650451656594,1.4744503009561964,1.0883014288364063,1.288284116526358,1.0,0.0,1.0,0.0
612791.0,1.5158825845167552,0.232101436621816,1.392535652276016,1.4744503009561964,-0.0107188396556635,1.288284116526358,0.0,1.0,0.0,1.0
562536.0,1.0918924280207325,0.4011825693145226,1.392535652276016,1.4744503009561964,0.2335078866759077,-0.483229565480857,1.0,0.0,0.0,1.0
482958.0,0.6679022715247098,0.1236958068490641,-0.688176169055054,-0.6821129777988038,-1.4353747432564947,1.288284116526358,1.0,0.0,0.0,1.0
626978.0,0.7738998106487155,1.2404595906479896,1.392535652276016,1.4744503009561964,0.477734613007479,-1.3689864064844643,1.0,0.0,0.0,1.0
350732.0,-1.0280583544593809,-0.3354646935977483,1.392535652276016,0.0367414484528629,0.3149167954530981,-1.3689864064844643,1.0,0.0,1.0,0.0
371770.0,0.6679022715247098,-0.7133020401320002,-1.3817467761654108,-1.4009674040504705,1.1697103376135969,-0.483229565480857,0.0,1.0,0.0,1.0
371467.0,-0.1800780414673354,-0.9223733115743508,0.6989650451656594,0.7555958747045297,-0.0514232940442587,0.4025272755227504,0.0,1.0,1.0,0.0
621820.0,1.5158825845167552,1.0622872993198476,0.0053944380553026,0.0367414484528629,0.3963257042302885,-0.483229565480857,1.0,0.0,1.0,0.0
320346.0,-0.922060815335375,-0.3097703274320867,-0.688176169055054,-0.6821129777988038,0.111394523510122,-1.3689864064844643,1.0,0.0,0.0,1.0
510940.0,-0.922060815335375,0.9471723111181594,-1.3817467761654108,-0.6821129777988038,-1.1097391081477337,1.288284116526358,0.0,1.0,0.0,1.0
468679.0,-0.0740805023433297,-0.0075573128978956,-1.3817467761654108,0.7555958747045297,1.3732326095565728,1.288284116526358,0.0,1.0,1.0,0.0
376250.0,-0.7100657370873636,-0.3693940328630814,0.6989650451656594,1.4744503009561964,-1.231852471313519,-0.483229565480857,1.0,0.0,1.0,0.0
367357.0,-0.4980706588393523,-0.2500073526781469,0.0053944380553026,0.0367414484528629,0.8847791568934302,-1.3689864064844643,1.0,0.0,0.0,1.0
318148.0,1.0918924280207325,-1.8637209718701389,0.6989650451656594,1.4744503009561964,-0.2956500203758296,-0.483229565480857,0.0,1.0,1.0,0.0
446810.0,-0.8160632762113693,-0.0323996987703197,0.6989650451656594,1.4744503009561964,-0.4177633835416152,0.4025272755227504,0.0,1.0,0.0,1.0
561056.0,-1.0280583544593809,1.572678342112836,-0.688176169055054,0.7555958747045297,0.3556212498416933,-1.3689864064844643,0.0,1.0,0.0,1.0
196872.0,-2.406026363071454,-1.43419575475336,1.392535652276016,-0.6821129777988038,-0.7433990186503765,1.288284116526358,1.0,0.0,1.0,0.0
293348.0,-1.0280583544593809,-1.384608293574926,1.392535652276016,1.4744503009561964,0.1928034322873125,1.288284116526358,1.0,0.0,1.0,0.0
487675.0,0.7738998106487155,-0.1942199913752526,0.6989650451656594,1.4744503009561964,0.640552430561859,0.4025272755227504,1.0,0.0,1.0,0.0
488783.0,0.1379145759046816,0.0624582868685036,0.0053944380553026,0.0367414484528629,-1.3946702888678997,1.288284116526358,0.0,1.0,0.0,1.0
480054.0,0.6679022715247098,0.0940487879145159,-1.3817467761654108,-1.4009674040504705,-2.005237104696828,1.288284116526358,0.0,1.0,1.0,0.0
493556.0,0.8798973497727212,0.5018468382143543,-0.688176169055054,-1.4009674040504705,1.5360504271109536,-1.3689864064844643,1.0,0.0,1.0,0.0
475491.0,0.0319170367806759,-0.2357908558345665,1.392535652276016,0.0367414484528629,-0.0514232940442587,1.288284116526358,0.0,1.0,1.0,0.0
552726.0,0.7738998106487155,0.7599787608700128,1.392535652276016,-0.6821129777988038,0.9661880656706208,-1.3689864064844643,1.0,0.0,0.0,1.0
262642.0,-1.876038667451426,-0.7687314935473643,-1.3817467761654108,-0.6821129777988038,1.047596974447811,1.288284116526358,1.0,0.0,0.0,1.0
438475.0,-0.0740805023433297,-0.1834449545857898,-0.688176169055054,1.4744503009561964,-0.8248079274275669,1.288284116526358,1.0,0.0,1.0,0.0
474321.0,0.1379145759046816,-0.1130520687624389,0.0053944380553026,1.4744503009561964,-0.0107188396556635,0.4025272755227504,0.0,1.0,0.0,1.0
506236.0,-0.8160632762113693,0.6474732237815897,-1.3817467761654108,1.4744503009561964,-0.7841034730389718,1.288284116526358,0.0,1.0,1.0,0.0
658830.0,0.7738998106487155,1.5396966168993411,-0.688176169055054,0.0367414484528629,0.0706900691215268,1.288284116526358,1.0,0.0,1.0,0.0
229931.0,-0.3920731197153467,-1.9953191346310184,0.0053944380553026,1.4744503009561964,1.454641518333763,-0.483229565480857,0.0,1.0,0.0,1.0
451146.0,1.3038875062687438,-0.6798685921355024,1.392535652276016,1.4744503009561964,-0.0107188396556635,-0.483229565480857,1.0,0.0,0.0,1.0
414675.0,-0.286075580591341,-0.2924594322029418,1.392535652276016,0.7555958747045297,0.7626657937276446,-0.483229565480857,1.0,0.0,0.0,1.0
489357.0,0.9858948888967268,0.2537797989023335,-0.688176169055054,-0.6821129777988038,0.4370301586188838,-0.483229565480857,1.0,0.0,1.0,0.0
332628.0,-1.1340558935833862,-0.4539303322616672,-1.3817467761654108,0.7555958747045297,-0.3363544747644248,-0.483229565480857,0.0,1.0,0.0,1.0
446194.0,0.7738998106487155,-0.1980807326013672,0.0053944380553026,-1.4009674040504705,0.3556212498416933,0.4025272755227504,1.0,0.0,0.0,1.0
529791.0,0.9858948888967268,0.2370420260827211,-0.688176169055054,1.4744503009561964,1.7395726990539289,0.4025272755227504,1.0,0.0,1.0,0.0
119396.0,-0.922060815335375,-2.935015109571208,0.0053944380553026,0.7555958747045297,0.5591435217846685,1.288284116526358,0.0,1.0,1.0,0.0
432539.0,0.1379145759046816,-0.0469434914406137,0.6989650451656594,-0.6821129777988038,-0.4584678379302104,-0.483229565480857,1.0,0.0,0.0,1.0
289754.0,-0.7100657370873636,-1.1046245005145907,0.0053944380553026,-0.6821129777988038,0.9254836112820256,-0.483229565480857,0.0,1.0,1.0,0.0
700293.0,0.1379145759046816,2.161583517617358,-0.688176169055054,0.0367414484528629,-0.7026945642617818,0.4025272755227504,0.0,1.0,1.0,0.0
384766.0,0.7738998106487155,-0.7209653805124999,-1.3817467761654108,0.0367414484528629,-0.4991722923188056,-0.483229565480857,0.0,1.0,1.0,0.0
320858.0,0.3499096541526929,-1.5262853168683022,1.392535652276016,0.0367414484528629,1.0883014288364063,-0.483229565480857,0.0,1.0,1.0,0.0
514776.0,-0.3920731197153467,1.204553106897008,-1.3817467761654108,-0.6821129777988038,-1.0690346537591382,-0.483229565480857,1.0,0.0,0.0,1.0
616839.0,-0.3920731197153467,1.9323052685375293,0.0053944380553026,-1.4009674040504705,-0.1328322028214492,-1.3689864064844643,0.0,1.0,1.0,0.0
684308.0,0.7738998106487155,1.4910434685841567,0.0053944380553026,1.4744503009561964,0.3149167954530981,0.4025272755227504,0.0,1.0,0.0,1.0
525962.0,0.1379145759046816,0.2067185199182495,0.6989650451656594,0.0367414484528629,1.6174593358881433,1.288284116526358,0.0,1.0,1.0,0.0
528065.0,0.9858948888967268,0.3323598730869451,0.6989650451656594,0.0367414484528629,-0.2549455659872344,-1.3689864064844643,0.0,1.0,1.0,0.0
410869.0,-1.6640435892034149,0.5629792348809864,0.6989650451656594,-1.4009674040504705,0.3149167954530981,-0.483229565480857,1.0,0.0,0.0,1.0
635060.0,0.8798973497727212,1.3820537275446787,0.6989650451656594,1.4744503009561964,-0.2549455659872344,-1.3689864064844643,1.0,0.0,1.0,0.0
340749.0,-1.3460509718313975,-0.2801316804845724,-1.3817467761654108,-0.6821129777988038,0.6812568849504541,1.288284116526358,1.0,0.0,0.0,1.0
507604.0,-0.0740805023433297,0.4224315397408547,-1.3817467761654108,1.4744503009561964,0.9661880656706208,0.4025272755227504,0.0,1.0,1.0,0.0
493460.0,1.0918924280207325,-0.0777133262787832,0.6989650451656594,-1.4009674040504705,2.757184058768808,0.4025272755227504,1.0,0.0,1.0,0.0
500938.0,0.4559071932766985,0.6138380678370462,-1.3817467761654108,1.4744503009561964,0.1520989778987173,-1.3689864064844643,1.0,0.0,0.0,1.0
453705.0,1.197889967144738,-0.3096875356460824,0.6989650451656594,-0.6821129777988038,-0.3363544747644248,-0.483229565480857,1.0,0.0,0.0,1.0
85813.0,0.3499096541526929,-3.365976782061015,0.6989650451656594,-1.4009674040504705,1.0883014288364063,0.4025272755227504,1.0,0.0,1.0,0.0
453086.0,-0.0740805023433297,0.0539588549005541,1.392535652276016,-1.4009674040504705,0.0299856147329316,0.4025272755227504,1.0,0.0,1.0,0.0
393963.0,-0.4980706588393523,-0.5940310075851158,0.6989650451656594,-0.6821129777988038,0.1928034322873125,1.288284116526358,0.0,1.0,0.0,1.0
450188.0,-0.7100657370873636,0.4361911207333636,0.0053944380553026,-0.6821129777988038,-0.7841034730389718,0.4025272755227504,1.0,0.0,1.0,0.0
676383.0,2.2578653583847945,0.7936898036818256,0.6989650451656594,0.0367414484528629,1.6174593358881433,0.4025272755227504,0.0,1.0,1.0,0.0
468537.0,-0.0740805023433297,-0.3479805629230132,0.6989650451656594,1.4744503009561964,1.454641518333763,1.288284116526358,0.0,1.0,0.0,1.0
414501.0,-1.7700411283274202,0.1384385644860766,0.6989650451656594,0.7555958747045297,1.2511192463907872,1.288284116526358,1.0,0.0,1.0,0.0
322919.0,0.0319170367806759,-0.8748104166591957,0.0053944380553026,-1.4009674040504705,-0.4177633835416152,-1.3689864064844643,0.0,1.0,1.0,0.0
398428.0,-0.922060815335375,0.1795035716156759,0.0053944380553026,-1.4009674040504705,0.3963257042302885,-1.3689864064844643,0.0,1.0,1.0,0.0
335434.0,-0.286075580591341,-0.5588517686283542,-1.3817467761654108,-1.4009674040504705,-1.1504435625363287,-0.483229565480857,0.0,1.0,1.0,0.0
541560.0,-0.3920731197153467,0.9697857734928338,1.392535652276016,0.0367414484528629,-0.9469212905933526,-1.3689864064844643,0.0,1.0,1.0,0.0
636870.0,1.6218801236407607,0.7935726883623178,0.6989650451656594,1.4744503009561964,0.3963257042302885,0.4025272755227504,1.0,0.0,1.0,0.0
312908.0,-0.4980706588393523,-1.2782056104972706,0.6989650451656594,0.7555958747045297,-1.1097391081477337,0.4025272755227504,0.0,1.0,1.0,0.0
417838.0,0.6679022715247098,-0.8001667122647802,-0.688176169055054,0.0367414484528629,1.3732326095565728,1.288284116526358,0.0,1.0,1.0,0.0
392202.0,0.3499096541526929,-0.4066161307493773,0.0053944380553026,-1.4009674040504705,0.1520989778987173,-1.3689864064844643,0.0,1.0,0.0,1.0
615053.0,1.3038875062687438,0.6610800797895173,0.6989650451656594,1.4744503009561964,-1.516783652033685,1.288284116526358,1.0,0.0,1.0,0.0
508849.0,-0.3920731197153467,0.6354724823420966,-1.3817467761654108,0.0367414484528629,-1.0690346537591382,1.288284116526358,0.0,1.0,0.0,1.0
565395.0,0.4559071932766985,0.618837609591375,1.392535652276016,0.7555958747045297,-0.8248079274275669,-0.483229565480857,0.0,1.0,1.0,0.0
421574.0,-0.4980706588393523,-0.1309755982150402,-1.3817467761654108,1.4744503009561964,-0.2142411115986396,0.4025272755227504,0.0,1.0,1.0,0.0
313877.0,-3.042011597815488,-0.0021923519622268,1.392535652276016,-1.4009674040504705,1.943094970996905,0.4025272755227504,1.0,0.0,1.0,0.0
580074.0,-0.3920731197153467,1.3767963114498272,-1.3817467761654108,1.4744503009561964,-0.092127748432854,-0.483229565480857,0.0,1.0,0.0,1.0
331668.0,2.3638628975088003,-1.9496804484805192,-1.3817467761654108,-0.6821129777988038,-0.1328322028214492,0.4025272755227504,0.0,1.0,1.0,0.0
382121.0,-0.1800780414673354,-0.6388239774277238,0.0053944380553026,1.4744503009561964,-0.9876257449819478,-0.483229565480857,0.0,1.0,0.0,1.0
454655.0,-0.286075580591341,-0.102427569460222,0.6989650451656594,0.7555958747045297,0.4370301586188838,1.288284116526358,1.0,0.0,0.0,1.0
473619.0,0.0319170367806759,-0.21624940144723,1.392535652276016,0.7555958747045297,0.8847791568934302,0.4025272755227504,0.0,1.0,0.0,1.0
478517.0,0.4559071932766985,0.1897169619790767,-0.688176169055054,1.4744503009561964,0.111394523510122,-0.483229565480857,1.0,0.0,0.0,1.0
503058.0,1.3038875062687438,-0.0656166733577165,0.6989650451656594,0.0367414484528629,0.9254836112820256,-1.3689864064844643,0.0,1.0,0.0,1.0
722233.0,0.9858948888967268,1.7178144940384072,0.6989650451656594,0.7555958747045297,0.3556212498416933,0.4025272755227504,0.0,1.0,1.0,0.0
272050.0,-0.8160632762113693,-1.4729677173480362,0.0053944380553026,0.0367414484528629,-1.5574881064222803,1.288284116526358,0.0,1.0,0.0,1.0
262023.0,-0.604068197963358,-1.239043162789975,-1.3817467761654108,-0.6821129777988038,1.5360504271109536,-0.483229565480857,0.0,1.0,0.0,1.0
448166.0,0.8798973497727212,-0.3203590944383615,-0.688176169055054,1.4744503009561964,0.5184390673960743,-1.3689864064844643,0.0,1.0,1.0,0.0
412366.0,-1.0280583544593809,0.0335959246390243,0.0053944380553026,-0.6821129777988038,1.1290058832250016,1.288284116526358,1.0,0.0,0.0,1.0
298478.0,-0.7100657370873636,-0.8244812905687791,-0.688176169055054,1.4744503009561964,0.9254836112820256,-1.3689864064844643,1.0,0.0,0.0,1.0
467120.0,0.2439121150286872,-0.0412872981580821,0.6989650451656594,-0.6821129777988038,-0.7433990186503765,1.288284116526358,1.0,0.0,0.0,1.0
248801.0,0.0319170367806759,-1.7304619653006286,0.6989650451656594,-0.6821129777988038,0.5998479761732637,-1.3689864064844643,0.0,1.0,0.0,1.0
568518.0,-0.1800780414673354,0.4988199441695662,1.392535652276016,1.4744503009561964,1.6174593358881433,1.288284116526358,0.0,1.0,1.0,0.0
442246.0,-0.0740805023433297,-0.0755971210082229,1.392535652276016,0.7555958747045297,-1.028330199370543,-0.483229565480857,1.0,0.0,1.0,0.0
380756.0,-1.6640435892034149,-0.0938941280150553,0.0053944380553026,0.7555958747045297,0.477734613007479,1.288284116526358,1.0,0.0,1.0,0.0
442680.0,0.3499096541526929,-0.4422462064095997,1.392535652276016,1.4744503009561964,-1.3539658344793042,0.4025272755227504,1.0,0.0,0.0,1.0
572651.0,-0.0740805023433297,1.1114631469062872,1.392535652276016,-1.4009674040504705,-0.8655123818161622,-0.483229565480857,0.0,1.0,0.0,1.0
337636.0,-0.1800780414673354,-0.7952461434294538,0.6989650451656594,-0.6821129777988038,-0.8655123818161622,-1.3689864064844643,0.0,1.0,0.0,1.0
457025.0,0.5619047324007043,-0.1668485661966942,0.6989650451656594,-0.6821129777988038,0.3149167954530981,0.4025272755227504,1.0,0.0,0.0,1.0
382439.0,-0.286075580591341,-0.5103560902229244,-0.688176169055054,0.7555958747045297,-1.3946702888678997,1.288284116526358,1.0,0.0,0.0,1.0
446606.0,-0.1800780414673354,0.0124243101119206,1.392535652276016,-1.4009674040504705,0.8847791568934302,0.4025272755227504,1.0,0.0,0.0,1.0
462641.0,0.3499096541526929,-0.2519448382067837,0.6989650451656594,0.0367414484528629,-0.3363544747644248,0.4025272755227504,0.0,1.0,0.0,1.0
208620.0,-0.604068197963358,-1.5710310623402566,0.6989650451656594,-1.4009674040504705,0.477734613007479,-1.3689864064844643,1.0,0.0,1.0,0.0
571935.0,-0.4980706588393523,1.1907254068579125,1.392535652276016,-1.4009674040504705,-0.7433990186503765,1.288284116526358,1.0,0.0,1.0,0.0
391419.0,-0.8160632762113693,-0.372366578021214,1.392535652276016,1.4744503009561964,1.6174593358881433,-0.483229565480857,1.0,0.0,0.0,1.0
538944.0,-1.1340558935833862,1.2226584768003266,-0.688176169055054,0.0367414484528629,0.1928034322873125,0.4025272755227504,0.0,1.0,0.0,1.0
541281.0,0.5619047324007043,0.2198984344903569,0.6989650451656594,0.0367414484528629,-0.0514232940442587,1.288284116526358,0.0,1.0,1.0,0.0
341385.0,0.4559071932766985,-1.0312292364759106,1.392535652276016,-1.4009674040504705,-0.1735366572100444,-0.483229565480857,1.0,0.0,0.0,1.0
535900.0,0.8798973497727212,0.5421748784223966,0.6989650451656594,-1.4009674040504705,2.3094350604942617,-0.483229565480857,1.0,0.0,0.0,1.0
397792.0,-0.1800780414673354,-0.0922303457723487,-0.688176169055054,-0.6821129777988038,-0.37705892915302,-1.3689864064844643,0.0,1.0,0.0,1.0
426751.0,0.5619047324007043,-0.3873343137034555,-1.3817467761654108,0.7555958747045297,-1.231852471313519,1.288284116526358,1.0,0.0,1.0,0.0
642833.0,0.0319170367806759,1.6720632848939212,0.6989650451656594,1.4744503009561964,-0.1328322028214492,-0.483229565480857,1.0,0.0,1.0,0.0
557414.0,-0.286075580591341,0.8495903934977038,1.392535652276016,0.0367414484528629,-1.1504435625363287,1.288284116526358,1.0,0.0,1.0,0.0
443923.0,-0.286075580591341,-0.2323676447388667,-0.688176169055054,1.4744503009561964,-0.5805812010959961,1.288284116526358,0.0,1.0,1.0,0.0
244786.0,-0.3920731197153467,-1.635044880081448,0.6989650451656594,-0.6821129777988038,-0.6619901098731865,0.4025272755227504,1.0,0.0,1.0,0.0
278587.0,-0.922060815335375,-0.974685270248605,-1.3817467761654108,-1.4009674040504705,0.0706900691215268,0.4025272755227504,0.0,1.0,0.0,1.0
336237.0,0.6679022715247098,-1.6063187579172278,1.392535652276016,0.7555958747045297,1.576754881499548,-0.483229565480857,0.0,1.0,1.0,0.0
388120.0,0.9858948888967268,-1.260146286955641,0.0053944380553026,0.0367414484528629,0.4370301586188838,1.288284116526358,0.0,1.0,1.0,0.0
352391.0,-0.7100657370873636,-0.6251837540111125,1.392535652276016,-1.4009674040504705,0.0299856147329316,-0.483229565480857,0.0,1.0,0.0,1.0
412151.0,-0.7100657370873636,-0.0284434466592729,-0.688176169055054,-0.6821129777988038,0.2335078866759077,0.4025272755227504,0.0,1.0,1.0,0.0
395414.0,-0.4980706588393523,-0.0646712826724067,0.0053944380553026,-1.4009674040504705,1.5360504271109536,-1.3689864064844643,0.0,1.0,0.0,1.0
690379.0,1.3038875062687438,1.8312754384663836,-0.688176169055054,-0.6821129777988038,-0.8655123818161622,0.4025272755227504,1.0,0.0,1.0,0.0
555187.0,1.4098850453927494,0.4720719074074724,-0.688176169055054,-0.6821129777988038,0.8440747025048351,-0.483229565480857,0.0,1.0,0.0,1.0
375537.0,-0.604068197963358,-0.4776234794853108,0.0053944380553026,0.7555958747045297,1.1697103376135969,0.4025272755227504,1.0,0.0,0.0,1.0
467832.0,-1.0280583544593809,0.4298552206771605,0.0053944380553026,0.7555958747045297,-1.231852471313519,0.4025272755227504,0.0,1.0,0.0,1.0
430283.0,1.6218801236407607,-0.7248500063897833,1.392535652276016,-1.4009674040504705,-1.5981925608108756,-1.3689864064844643,0.0,1.0,0.0,1.0
547564.0,0.0319170367806759,0.4126512082303348,1.392535652276016,1.4744503009561964,1.2511192463907872,1.288284116526358,1.0,0.0,0.0,1.0
361238.0,-0.7100657370873636,-0.4897345191120451,-1.3817467761654108,1.4744503009561964,1.047596974447811,-0.483229565480857,0.0,1.0,0.0,1.0
483462.0,1.4098850453927494,-0.6371091886676418,1.392535652276016,1.4744503009561964,0.6812568849504541,-0.483229565480857,0.0,1.0,1.0,0.0
258981.0,-0.0740805023433297,-1.487493431362083,-1.3817467761654108,1.4744503009561964,0.7626657937276446,-0.483229565480857,1.0,0.0,1.0,0.0
287444.0,-0.8160632762113693,-0.5439607504767675,-1.3817467761654108,-0.6821129777988038,-0.37705892915302,-1.3689864064844643,1.0,0.0,0.0,1.0
419755.0,-0.3920731197153467,0.0595146442651484,-1.3817467761654108,-1.4009674040504705,0.3149167954530981,0.4025272755227504,0.0,1.0,0.0,1.0
349764.0,-1.0280583544593809,-0.7133489045013972,1.392535652276016,0.7555958747045297,-0.0514232940442587,-0.483229565480857,0.0,1.0,0.0,1.0
712736.0,-0.0740805023433297,2.1193508504625367,1.392535652276016,-0.6821129777988038,0.5591435217846685,0.4025272755227504,0.0,1.0,1.0,0.0
608001.0,-0.8160632762113693,1.597305476998653,0.6989650451656594,1.4744503009561964,-0.5398767467074009,0.4025272755227504,1.0,0.0,1.0,0.0
441466.0,0.7738998106487155,-0.3378506125916454,1.392535652276016,-0.6821129777988038,-0.092127748432854,-0.483229565480857,1.0,0.0,1.0,0.0
433192.0,0.7738998106487155,-0.6494001423748241,0.6989650451656594,0.7555958747045297,-2.412281648582779,1.288284116526358,1.0,0.0,0.0,1.0
584658.0,1.3038875062687438,0.6602276530796353,0.6989650451656594,-0.6821129777988038,0.4370301586188838,0.4025272755227504,1.0,0.0,0.0,1.0
743888.0,0.8798973497727212,1.791885996872348,1.392535652276016,1.4744503009561964,0.5998479761732637,0.4025272755227504,0.0,1.0,1.0,0.0
490663.0,0.1379145759046816,0.0232532954780719,0.6989650451656594,-0.6821129777988038,-0.37705892915302,1.288284116526358,0.0,1.0,1.0,0.0
534056.0,0.5619047324007043,0.7274961823649752,0.6989650451656594,-1.4009674040504705,0.2742123410645029,-0.483229565480857,1.0,0.0,0.0,1.0
337787.0,0.0319170367806759,-1.2133420899266951,0.0053944380553026,1.4744503009561964,-1.0690346537591382,1.288284116526358,1.0,0.0,0.0,1.0
728672.0,2.2578653583847945,1.968939908428107,-0.688176169055054,-1.4009674040504705,-0.7433990186503765,-0.483229565480857,1.0,0.0,1.0,0.0
539861.0,0.3499096541526929,0.5974483419160836,0.6989650451656594,0.0367414484528629,0.3556212498416933,0.4025272755227504,1.0,0.0,1.0,0.0
324721.0,0.8798973497727212,-1.3583875578188762,0.0053944380553026,0.0367414484528629,1.1290058832250016,-0.483229565480857,1.0,0.0,1.0,0.0
273140.0,-1.3460509718313975,-0.7570862944950998,0.0053944380553026,-1.4009674040504705,0.1520989778987173,-1.3689864064844643,0.0,1.0,0.0,1.0
207951.0,-0.8160632762113693,-1.7053358759163342,-0.688176169055054,0.0367414484528629,-1.0690346537591382,-0.483229565480857,0.0,1.0,0.0,1.0
467090.0,-0.4980706588393523,0.0665595397361149,0.6989650451656594,0.7555958747045297,1.413937063945168,1.288284116526358,1.0,0.0,1.0,0.0
461427.0,-0.922060815335375,0.6191260093706679,-1.3817467761654108,-0.6821129777988038,0.8033702481162398,1.288284116526358,1.0,0.0,1.0,0.0
273650.0,-0.922060815335375,-1.2509131861371272,0.0053944380553026,0.7555958747045297,-0.37705892915302,-0.483229565480857,0.0,1.0,1.0,0.0
703202.0,1.833875201888772,1.5524566169317486,-0.688176169055054,-0.6821129777988038,0.1928034322873125,1.288284116526358,1.0,0.0,1.0,0.0
541821.0,-0.7100657370873636,1.103571701763846,0.6989650451656594,0.7555958747045297,-0.1735366572100444,-1.3689864064844643,0.0,1.0,1.0,0.0
434639.0,-0.922060815335375,0.4083924907106367,-0.688176169055054,0.7555958747045297,-0.092127748432854,-1.3689864064844643,0.0,1.0,1.0,0.0
216581.0,-0.3920731197153467,-1.6175904313021243,-1.3817467761654108,1.4744503009561964,1.3325281551679775,-1.3689864064844643,1.0,0.0,0.0,1.0
354578.0,-0.922060815335375,-0.4786083985264414,0.0053944380553026,0.0367414484528629,1.6174593358881433,0.4025272755227504,1.0,0.0,0.0,1.0
290781.0,-0.8160632762113693,-1.366368453625204,0.6989650451656594,-0.6821129777988038,-0.37705892915302,1.288284116526358,0.0,1.0,0.0,1.0
294439.0,-0.922060815335375,-0.9724272616136724,0.0053944380553026,0.0367414484528629,0.2335078866759077,0.4025272755227504,1.0,0.0,1.0,0.0
380031.0,0.6679022715247098,-0.6023939035877852,0.6989650451656594,-1.4009674040504705,-2.6565083749143503,-0.483229565480857,1.0,0.0,1.0,0.0
529625.0,0.0319170367806759,0.778363319447726,0.6989650451656594,0.0367414484528629,-1.1097391081477337,-1.3689864064844643,0.0,1.0,0.0,1.0
437426.0,-1.6640435892034149,0.5513730771419009,0.0053944380553026,-1.4009674040504705,1.0883014288364063,0.4025272755227504,0.0,1.0,1.0,0.0
145934.0,-1.3460509718313975,-2.197616269490193,0.6989650451656594,0.0367414484528629,-0.2956500203758296,0.4025272755227504,1.0,0.0,1.0,0.0
419413.0,1.3038875062687438,-0.6904826709763262,-0.688176169055054,0.7555958747045297,0.5184390673960743,-1.3689864064844643,0.0,1.0,0.0,1.0
410122.0,-0.1800780414673354,-0.26063921141318,-1.3817467761654108,-0.6821129777988038,-1.4353747432564947,1.288284116526358,0.0,1.0,1.0,0.0
490931.0,0.6679022715247098,-0.1223885255518884,0.0053944380553026,-0.6821129777988038,0.0299856147329316,1.288284116526358,0.0,1.0,0.0,1.0
625169.0,0.1379145759046816,1.624827174162561,-1.3817467761654108,0.0367414484528629,-0.7841034730389718,1.288284116526358,1.0,0.0,0.0,1.0
567043.0,-0.7100657370873636,1.0050672786507338,1.392535652276016,0.7555958747045297,0.1520989778987173,1.288284116526358,1.0,0.0,1.0,0.0
618158.0,0.3499096541526929,1.2308584750671372,-1.3817467761654108,0.0367414484528629,1.0883014288364063,1.288284116526358,0.0,1.0,1.0,0.0
635574.0,0.1379145759046816,1.6051347633965762,0.6989650451656594,-0.6821129777988038,0.5998479761732637,0.4025272755227504,1.0,0.0,1.0,0.0
401550.0,0.3499096541526929,-0.5735124748324272,-1.3817467761654108,0.7555958747045297,0.2742123410645029,1.288284116526358,1.0,0.0,1.0,0.0
514812.0,0.1379145759046816,0.4844120068138727,1.392535652276016,0.0367414484528629,1.047596974447811,-0.483229565480857,1.0,0.0,1.0,0.0
374137.0,-0.286075580591341,-1.077861003387978,1.392535652276016,0.7555958747045297,-0.0514232940442587,1.288284116526358,0.0,1.0,0.0,1.0
405442.0,-0.1800780414673354,-0.0805650264352355,0.0053944380553026,-0.6821129777988038,-0.0107188396556635,-0.483229565480857,1.0,0.0,0.0,1.0
