1998,4559.736177727158,2,3.0,1.0,1,n,y,673960
1990,2200.69156060787,3,1.5,1.17,2,y,n,305153
1992,3765.1236669213486,6,3.0,0.61,1,y,y,578918
2001,4851.362849218257,5,1.0,1.24,0,y,n,741304
1998,2920.8990612839484,2,2.5,1.05,1,n,y,421384
2019,1234.6922922033714,6,1.0,0.81,3,n,n,317353
2000,4444.015881121518,3,1.5,0.89,1,y,n,672452
1986,5051.342139749138,4,3.0,0.42,1,y,n,719001
1981,2801.902659708833,6,3.0,0.82,2,n,n,377585
1996,1887.4792263248191,3,1.0,0.8,2,y,n,275121
2011,3722.202485247147,5,1.5,0.85,0,y,n,623580
2001,2547.50242995818,6,2.0,1.13,3,y,y,464075
1996,3639.4046144330314,5,3.0,0.67,3,n,n,580960
1994,1815.4292245806132,3,1.5,1.16,1,n,y,232214
2001,2399.1327143284407,2,2.5,1.08,0,y,n,363569
1992,3801.6074436967656,6,1.5,0.95,2,y,n,581991
1994,2388.904565645894,6,1.0,0.61,3,y,n,382485
1992,3109.0502429981752,3,1.0,1.13,0,y,y,413307
1986,1159.9416364496915,3,1.0,0.61,0,y,y,83141
1998,3443.552675782816,5,1.0,1.22,0,y,y,514832
1976,5209.80216691912,5,2.5,0.69,2,n,y,694320
2004,1862.4135214340445,3,1.5,1.04,3,n,y,317462
2019,2929.8407197477513,5,2.0,0.4,1,n,n,540476
1995,3206.3854835241737,3,3.0,1.17,3,n,n,498507
1997,3252.3360460735225,4,1.0,0.54,1,n,n,455950
1993,3038.4754713044717,2,1.0,0.98,1,n,n,390471
2007,2555.560908604006,6,2.5,1.33,0,n,n,440784
1989,3216.1794754345788,3,3.0,0.65,2,n,y,447176
1993,1007.9935594736894,4,3.0,1.33,2,n,n,156149
1996,1877.0429864740913,2,2.5,0.79,1,y,y,270906
2001,2974.2332417065145,2,1.5,0.68,0,y,n,428834
1993,4652.010983940067,6,2.5,1.48,3,y,y,752501
2007,3037.8102137330325,4,2.5,1.08,3,n,n,534371
1984,1725.1514295106635,2,2.5,0.97,1,n,n,170822
2003,2763.4230587439724,4,1.5,0.91,1,y,y,445663
1999,3704.572519316944,4,2.0,1.23,2,n,n,574135
1983,2592.366758741442,2,2.5,0.86,0,n,n,279255
2006,4194.204233605503,5,1.5,0.73,3,n,y,692580
2013,1709.6209191986875,4,3.0,1.22,2,y,n,379743
1988,2042.8322309762316,2,2.0,1.31,3,y,y,286074
1994,3537.726621258322,5,2.5,0.9,0,y,y,526658
1994,4249.964644372381,5,3.0,0.85,1,n,n,635244
1989,3219.554439997841,3,1.0,1.12,2,y,n,444733
1993,2691.3505405233595,4,2.0,0.76,1,y,y,390102
2007,3333.5051432797586,6,2.0,0.81,3,n,n,587175
2014,2586.6960995880036,5,2.5,0.87,0,y,y,483554
1999,2601.731394327982,6,1.5,1.04,0,y,n,408359
1995,3329.1778863213704,3,2.0,1.29,3,y,n,523726
2002,3336.3588257104534,5,2.5,0.66,1,n,n,527853
1978,3174.913656789155,2,3.0,0.79,3,n,y,393087
1981,4875.32127567411,4,2.0,1.24,1,y,n,664898
1990,3680.070211643534,2,2.5,1.02,2,y,n,529810
2000,2213.2435354734744,5,2.5,1.49,2,n,n,376836
1992,3158.3002548188338,2,1.5,0.85,0,n,n,393995
2008,3280.0124159097313,3,2.0,0.89,1,y,y,545351
1987,4463.611979548966,3,2.5,0.72,1,n,y,602841
2000,1643.473416816568,6,2.0,1.07,0,y,n,277571
2006,3099.3314103788875,4,1.0,1.29,3,y,n,539249
2000,2923.4192122770028,5,1.0,0.93,0,y,n,442462
2002,1624.266168570134,3,2.0,1.16,3,n,y,281039
2001,2410.605921841135,5,3.0,0.77,3,n,n,423140
1992,2345.7732427544747,3,2.5,1.22,2,y,n,352665
1998,2507.0969679423865,4,1.5,0.98,1,n,n,363264
1982,3162.4557801403525,4,1.5,0.97,3,n,y,411418
1993,2988.298337149485,5,1.5,0.86,1,y,n,438644
2008,2165.3743762314225,2,1.5,0.8,1,n,y,339306
1991,2350.882790427151,2,2.0,0.8,2,y,y,324632
1993,3993.149274995302,2,1.0,0.66,3,n,y,558872
1999,2959.7309413397043,5,1.0,0.92,1,n,n,437759
2001,2585.2446769438134,3,2.0,1.16,3,n,n,420186
1991,3034.125270406418,2,2.0,0.42,3,n,y,416418
1987,3300.3796026233085,5,1.0,1.01,2,n,n,445206
2007,3369.6232287479274,5,1.0,1.28,0,y,y,549643
2002,1342.6032491726166,5,1.0,0.79,2,y,n,243240
2003,2885.060161271155,3,2.0,1.46,3,n,n,479659
2005,3841.1917020833507,6,2.5,1.04,0,y,n,639278
2000,1616.795687523419,4,2.0,1.16,3,y,n,299919
2013,3835.350273234956,4,3.0,1.05,3,n,n,691052
1984,2436.3026982053952,2,1.5,0.74,0,y,n,264045
1982,4782.750365226209,4,2.0,1.07,1,n,y,633462
2004,3726.5487243411685,5,3.0,0.76,1,y,n,625382
1976,3060.744040334097,2,2.0,1.15,2,n,y,341361
1991,3853.5776047664676,2,1.0,1.09,3,y,y,554386
1974,3433.5648817643755,5,2.0,0.8,1,y,n,417034
1997,3435.661479951462,3,3.0,0.73,3,n,y,536299
1992,2034.1765282626434,5,2.5,0.73,3,y,n,333576
1998,2914.2866363167145,4,1.5,0.27,0,n,n,398692
1982,1967.0153270934393,3,1.0,1.16,3,y,y,237452
2002,3607.7197618749447,2,1.5,0.63,0,n,y,508107
1995,2832.113401342842,4,2.5,0.94,2,n,n,426417
1990,2756.712662807246,3,2.5,0.91,2,n,n,379656
2003,3112.9680779917994,5,3.0,0.66,3,n,n,536845
1998,2575.718206084907,4,2.0,1.01,0,n,n,366507
2017,2622.845669843296,2,3.0,1.18,2,n,y,496126
1990,2029.5816863775565,6,1.5,0.74,1,n,n,268037
2009,2932.3139486169703,4,2.5,1.48,2,y,n,539547
1998,3095.0066404121576,6,1.5,1.05,2,n,y,487500
1981,3202.7811885346823,2,2.0,0.76,3,y,n,416817
2006,3967.761453356805,4,3.0,0.9,0,y,y,648664
1997,3138.9921130507264,2,1.0,0.61,1,n,n,419998
1991,3269.8935073375674,6,2.5,0.83,2,n,n,490434
1990,2938.5680727681097,6,2.0,1.02,3,n,n,446085
1988,2875.88452617539,5,2.0,1.09,0,n,n,372732
2005,3887.7335747735488,2,2.5,1.06,0,y,y,606560
2003,2908.6664917677085,6,2.0,0.57,3,n,n,499849
2003,3289.5572297295826,3,1.0,0.99,3,n,y,518283
1992,3657.9142000185957,2,1.5,1.07,3,n,y,517237
1999,3087.2678660193833,6,3.0,1.09,3,y,n,549440
1995,3742.778019005018,6,1.0,0.7,1,y,n,561916
1985,1897.7990777515843,2,2.0,0.65,2,n,y,204419
2003,3892.655317108176,5,3.0,1.42,0,n,y,620198
1996,3238.364949594014,4,3.0,1.25,3,n,y,519504
1996,3299.0901758437294,2,1.5,1.13,3,n,n,484313
1986,3244.6337039644754,4,1.5,0.91,1,y,n,432845
1991,2596.60078666813,3,3.0,1.48,3,y,y,411690
1984,2536.4521161291204,6,1.0,1.11,0,n,n,297117
1989,3633.94149645563,3,1.0,0.76,3,y,n,516491
2002,3360.0814991193643,3,1.5,1.4,0,y,y,512512
1989,2515.4167702930204,6,1.5,0.86,1,n,n,337712
1992,4439.257265065544,5,1.0,1.29,0,y,n,635238
1996,2728.0889842042398,5,1.0,1.7,2,n,y,414713
1992,3516.458653523994,3,2.5,0.89,1,y,n,508318
1992,2660.0786297984137,5,2.0,0.74,3,n,y,400111
1989,2955.902932979133,6,3.0,1.29,0,y,y,437735
1984,2797.8458961786505,6,1.5,0.87,1,y,y,375226
1988,2444.336655461674,2,1.5,0.97,2,n,y,298700
1982,2668.718331739106,3,2.0,1.0,1,y,y,325307
2014,4610.047957833072,6,3.0,0.8,0,n,y,783507
1992,3253.272330226495,4,3.0,0.74,0,y,y,469090
1992,4382.956464823035,5,1.5,1.29,2,y,n,664293
1988,3186.427688327469,2,1.0,0.74,0,y,n,389064
1985,3425.5295455691858,3,1.5,0.73,0,n,y,407279
1981,2445.6717608827394,3,2.0,1.09,1,y,y,288200
1988,2498.5789012474784,6,1.0,1.42,3,n,n,361086
1991,3571.31048565933,3,1.0,0.91,0,n,y,454346
2004,3596.939721273622,3,2.0,1.05,3,n,n,585290
1993,3436.659233070785,6,1.0,0.52,2,y,n,518298
1984,2329.087340386892,3,3.0,0.77,3,y,n,325913
1973,3596.963023312416,4,3.0,0.9,3,n,y,453044
1992,526.2615808509927,2,1.0,1.27,2,y,n,47989
2001,3541.2305717117497,4,2.0,1.28,1,y,n,565384
1991,3383.1070453307657,2,2.0,1.06,1,n,n,448366
1991,3390.8764471006425,4,1.5,0.71,1,n,n,456781
1996,2514.184178596951,5,1.0,1.07,0,y,n,363177
2005,3433.5734947181336,2,2.5,0.83,2,y,n,564986
1991,3198.316077775636,3,2.0,0.87,3,n,n,457797
2000,2979.245941872453,3,2.5,1.17,1,n,n,451936
1980,1630.8403209409416,5,1.0,0.7,0,n,y,125126
1986,2574.636749558858,2,2.0,0.96,3,y,n,350595
1991,3437.3612989886924,6,2.0,1.06,1,y,y,516504
2002,2710.4382374658985,3,3.0,0.73,1,y,y,442515
1974,2052.7117544308076,6,1.5,1.25,1,n,n,199156
1982,3520.5835485343396,3,2.0,0.91,2,n,n,446737
1995,2311.4502228869524,5,1.0,1.35,2,n,y,341967
1989,2460.4695009262223,3,1.5,1.24,2,y,y,340170
1981,2268.771940560894,2,2.0,0.91,2,y,y,263965
1986,3270.1119842890507,6,1.5,0.93,1,n,y,436966
1992,3061.835276039483,4,1.5,0.81,3,y,y,463925
1985,1890.6366895987744,6,2.5,0.52,0,y,n,238895
2011,2693.582209091761,2,3.0,1.77,2,y,n,505587
2004,3419.5289276803874,3,2.0,0.76,2,n,n,539329
2004,3345.7769140122923,2,2.0,0.52,2,n,y,514666
2008,3218.5206008122414,6,2.5,1.12,2,n,n,572078
2006,2768.4878767784867,3,2.0,1.05,1,y,n,461023
2008,3008.670729030717,4,2.0,1.11,2,n,y,512950
1999,2301.859999112707,5,2.5,0.93,3,n,y,391728
1996,2798.190537636107,3,2.0,1.31,3,n,y,429378
1990,3937.9383814379207,6,1.0,0.68,0,y,n,550890
1985,2823.004703224508,5,2.5,0.58,2,y,y,399650
2000,3479.765525880648,5,1.0,0.8,0,n,n,503964
1998,3245.2287417410994,5,1.0,1.04,0,n,n,462384
2009,3651.661197043526,2,2.0,1.0,3,y,y,627749
1999,3716.5027443290737,6,2.5,0.85,0,n,n,567725
1983,2764.5727625195836,2,3.0,0.84,0,y,n,332285
1990,3240.947075082808,2,3.0,1.14,2,y,n,473242
2015,2847.1396708016514,4,1.5,1.18,2,n,y,517270
1998,3877.760153088964,6,1.5,1.28,3,y,n,643364
1999,2149.7386465196146,2,3.0,0.87,0,y,n,320510
1995,1651.518916453057,6,2.5,0.92,3,y,n,304027
1996,3175.307303992054,5,1.5,1.29,0,n,y,453146
2004,2727.5698364990208,3,3.0,0.8,2,y,y,471135
1986,3254.821125954312,5,3.0,1.01,0,n,y,433373
1998,4230.497287754744,5,1.5,1.41,3,y,n,688224
1994,3990.0665358587817,3,1.0,0.33,3,y,y,588459
1998,4508.6023595809,2,1.0,0.95,2,n,y,650540
1998,2894.703142142993,3,2.5,0.7,1,y,y,442205
1997,3395.611177669789,5,2.0,1.19,1,y,n,532191
1989,2978.805387504212,2,1.0,0.74,3,y,y,407920
1996,1653.7552670473947,2,2.0,0.59,1,y,n,226913
1988,1874.9870096771315,5,1.5,0.81,2,y,y,260898
1971,3272.7866550479985,2,2.5,1.22,3,n,n,371717
2019,4766.338611916925,3,2.5,0.87,1,n,y,810500
1999,3711.2166110693724,2,1.5,1.03,0,y,y,534632
1994,3254.31444490833,5,1.0,0.8,1,n,y,455147
1998,4031.2971367712153,4,1.5,1.15,0,n,n,579444
1996,2516.97221701753,6,1.0,0.77,2,n,n,379095
1983,2040.411219087693,2,1.0,1.11,0,y,n,197711
1997,3113.789237250007,2,3.0,1.23,1,y,y,475518
1998,3364.558603275024,3,3.0,0.64,0,n,n,484283
1995,3146.287159525027,5,2.5,0.86,2,y,n,502343
1978,2750.5276340229684,6,3.0,1.5,2,n,y,365079
1986,2868.3616861967294,2,2.0,0.47,3,y,n,387304
2007,4579.800132604954,6,1.5,0.75,0,n,y,720720
1988,1123.2658551588008,3,2.5,0.74,3,n,n,137089
1993,1949.3067554896181,2,3.0,0.65,0,n,n,237146
1995,2924.41530392986,4,1.5,0.62,0,y,n,410462
2007,2451.452029712026,4,2.0,1.05,0,n,n,393467
1990,2510.4459244644504,2,2.5,0.9,2,y,y,352566
1998,2215.3242136579224,4,2.5,1.05,3,n,n,365548
1991,3265.3270986690527,2,2.0,1.1,3,n,n,461299
1973,3695.948006079031,3,2.0,1.08,1,n,y,415592
2007,2557.69772596227,2,2.0,0.69,2,y,n,434004
1976,3467.70160259088,4,2.0,1.1,2,n,y,421655
2003,1947.9818011955422,2,2.5,0.78,1,n,n,296397
2011,4364.817749450718,2,2.0,1.11,2,y,n,731372
1995,1720.761223692973,4,1.5,1.03,3,n,n,261064
2003,3166.610069251991,2,2.5,1.04,3,y,y,533091
1975,1921.55414956598,5,2.0,0.71,0,n,y,158883
1991,2992.2065467952075,6,3.0,0.61,2,n,y,452980
1989,1788.4749443548117,2,2.5,0.77,2,n,n,217321
1993,3967.1738830845734,3,1.5,0.87,1,y,n,565626
1998,2703.7024624992873,2,1.0,1.14,2,y,n,402655
1988,2330.899804237615,6,1.5,0.98,2,n,n,321834
1979,3099.604296026826,3,1.5,1.02,1,y,n,367740
1988,4411.284169948063,6,1.0,1.29,1,y,y,636042
1974,2049.402804845705,3,1.5,0.52,2,n,y,172710
2008,2887.3053299266344,5,2.5,1.02,3,y,y,545895
2000,1492.632035817668,3,3.0,0.83,3,y,y,281344
1993,1869.54941453941,5,2.5,1.2,0,n,n,255932
1998,3366.646511752353,2,2.5,0.96,3,n,n,516896
2007,2384.561730804039,3,3.0,0.88,2,y,n,435884
2002,2538.9862700837507,4,1.5,1.25,3,y,y,442097
1987,3610.292485099695,6,1.0,0.83,2,y,y,518993
1987,3248.035705233288,5,2.0,0.57,2,y,n,465755
2000,2408.68641954985,5,1.0,0.71,3,n,y,386952
1998,2570.864922149525,4,1.0,0.84,2,n,n,378229
1995,1974.14569984604,3,2.5,0.7,3,n,y,299121
2002,2480.758148176998,3,3.0,1.03,3,y,y,442563
1991,2203.4810592891863,4,1.0,0.8,2,y,y,307522
1995,2514.6145321330205,4,2.5,1.03,2,n,n,380142
1981,3207.6728668923574,2,2.5,0.97,0,y,n,383200
2014,3756.1283092713525,4,2.0,1.11,3,n,y,670069
1994,2849.952068977105,6,1.0,0.93,2,n,n,421442
2005,1708.9379512869598,3,2.0,1.25,2,y,n,315090
1991,2400.4272062954087,4,1.5,1.2,2,y,n,350564
2009,4034.76906223991,3,1.0,0.7,2,n,n,640715
1983,3745.107262335328,4,1.5,1.13,1,n,n,476216
1988,3950.3781430007693,2,2.5,1.43,3,y,y,581506
1990,2881.4011694975143,6,2.5,0.78,0,n,y,396410
2005,2487.6438690228233,6,1.0,1.29,3,y,y,462496
1998,1655.5546620261491,3,2.5,1.25,1,y,n,264583
1969,3409.1066853805837,2,1.5,1.02,3,y,n,384166
1982,3260.1686273006717,5,2.5,1.03,2,n,y,436975
1965,3060.289316333176,4,2.5,0.5,3,n,n,319043
1993,3303.670630090851,5,1.0,1.03,3,y,y,511000
2014,2582.0097356361157,6,2.0,1.07,0,n,n,468351
1986,2684.990290011364,5,1.5,0.94,0,y,n,344348
2000,2068.134238801722,5,2.0,0.79,0,n,n,307070
2008,2182.4030884400368,3,1.5,1.03,1,n,n,355310
1999,3141.5837687602966,2,1.5,0.69,0,y,n,444087
1996,3962.551224651637,4,1.0,1.23,3,n,n,597832
2009,2916.4861004318764,2,3.0,0.8,1,n,n,479472
1997,3410.896305515257,6,3.0,0.98,3,n,y,566334
2013,3702.1171291926607,3,1.5,1.39,0,n,n,598667
1998,3111.380048960723,3,2.0,1.29,1,y,n,476057
1994,3289.0753437686776,4,2.0,0.93,2,n,y,482311
1992,1978.0090462569747,2,1.0,0.82,2,y,y,259001
2002,2515.054534144015,6,2.5,0.91,0,y,n,423408
2004,3546.616043454518,6,1.0,0.87,3,y,n,610042
1983,2492.9213866377345,4,3.0,1.28,3,y,y,363138
2003,2413.388091156205,4,2.5,0.87,2,y,n,422558
2004,3895.6229644730465,4,1.0,1.26,1,n,n,598243
2013,1541.1970030549996,5,1.5,1.2,0,y,n,311679
1999,3984.572059812481,4,3.0,0.9,1,n,n,611185
1996,1823.0426871502411,5,2.0,0.82,2,y,n,300756
2002,3203.1645663013933,2,2.0,0.81,2,n,n,487624
2004,3642.8167233658123,2,2.0,1.27,3,y,y,605472
1988,4003.9312293762105,6,3.0,0.79,2,n,y,592439
1973,3361.377034484394,6,1.5,1.49,3,y,y,444056
1995,3357.8245302898467,2,2.0,0.87,0,y,y,466723
1993,3611.275006152143,6,3.0,1.23,1,n,y,550141
2009,4022.3968833144995,6,3.0,1.27,2,n,y,707409
1988,2834.346725304191,2,2.5,0.52,3,y,y,400452
2011,3820.715918307819,4,3.0,0.55,0,n,n,626357
1973,2954.9349401948643,6,2.0,0.95,1,y,n,352490
2009,2673.695948544705,6,1.5,0.23,2,n,n,467004
1997,2984.545088439648,2,2.5,1.19,1,n,n,428031
2006,3928.5950247404635,6,2.0,1.45,1,y,y,671039
1990,4106.974752237759,3,2.5,0.96,2,n,y,582946
2019,2591.515932259328,4,3.0,0.75,0,y,y,504977
2009,3931.5966625255414,6,2.0,0.92,2,n,n,673539
1986,2660.908178064736,4,3.0,0.99,3,n,n,378986
2002,3254.8225330739915,4,3.0,1.47,3,n,y,555273
1975,1659.5356011112149,6,3.0,1.04,1,y,y,184530
1997,1575.6635723662866,6,2.5,0.71,1,n,y,249499
1999,3187.7954383941887,4,2.5,1.2,2,y,n,523669
1990,2778.7677635021328,3,1.5,1.27,3,y,y,408365
1997,2769.008148489423,2,2.5,0.79,2,n,y,404701
2001,3909.44694352344,3,3.0,1.31,2,y,n,641067
1987,1342.6451767008998,4,2.0,1.3,1,n,n,145896
1998,1961.0792776631563,5,1.0,0.32,0,n,n,258961
1974,3360.0028081729256,3,2.5,1.12,0,n,n,363300
1990,3717.7687904169356,4,3.0,1.28,1,n,y,531865
1969,2891.7742288275304,3,1.5,0.72,3,n,y,292066
1989,4351.420685228178,5,2.5,0.67,2,n,y,630263
1999,3002.1798822826618,3,1.0,0.92,3,n,y,454126
1998,2850.146424323826,2,1.5,0.99,0,n,y,379871
1995,1445.244541651855,3,2.0,1.44,2,y,y,228386
1997,2474.5562775739572,4,1.5,0.93,0,n,n,337633
1994,2805.436731423042,6,1.5,0.75,0,n,n,389565
2013,3484.0964743733534,3,2.5,0.63,1,y,y,604564
1993,4505.146604354712,6,1.0,0.95,1,n,n,650021
1998,3707.09893644092,4,1.0,1.23,1,y,y,559514
2014,3150.556217883173,6,3.0,1.03,2,y,y,618033
1985,2868.4985595462595,6,2.0,0.9,1,n,y,378774
1978,4267.140003780001,4,1.0,1.07,0,n,y,506121
1985,3621.5952639290135,6,1.5,1.22,1,y,y,509039
1998,3061.2612445477384,4,2.0,1.26,0,y,n,463089
1998,3020.758778900691,6,2.5,0.7,3,n,y,501113
1993,3367.0219545699024,3,1.5,0.47,3,y,y,499603
1990,3887.583142978443,6,3.0,1.14,0,y,y,580237
1998,3656.4641633029696,2,2.0,1.31,3,y,n,578119
1984,2087.861573118287,6,1.5,0.86,0,y,n,253579
1984,3161.808583169821,6,3.0,0.79,1,y,n,451121
1992,2604.1897547500607,5,3.0,0.98,1,n,y,380328
1991,2717.56475736838,3,3.0,0.68,3,n,y,397834
2003,2361.269108195025,2,1.5,0.98,0,y,n,351390
1974,3404.028479660134,3,1.5,0.67,2,y,y,398154
1992,1706.2764413923157,2,1.5,0.99,3,y,y,243291
1986,3090.016465493786,4,3.0,0.52,2,n,y,421302
1984,2439.743033228726,3,2.5,0.93,2,y,y,322411
1975,3928.5752369980023,4,2.5,1.21,0,n,y,464936
1995,4124.326637280747,2,2.5,1.12,3,n,y,617948
2005,3323.2450378298668,3,2.0,0.56,0,n,n,496886
1986,3105.4522483567544,3,2.0,0.92,3,n,n,419617
2002,1497.3741629710669,6,1.5,0.83,3,y,n,299556
1983,2203.5834419848416,4,3.0,1.17,1,n,y,268087
1989,3434.8132813565276,6,2.5,0.99,1,y,y,512571
1996,4150.006638950683,3,2.0,1.21,2,n,y,615650
2009,3277.0791696356614,5,1.0,0.63,1,y,y,551011
1993,4174.658713213814,4,3.0,0.98,2,y,y,645898
2009,2112.20325396901,3,1.5,1.26,2,y,y,388230
1994,3419.4751240405403,5,1.5,0.85,2,y,n,523171
2005,1864.7621035022867,2,2.5,1.21,3,y,y,350364
1990,3384.4960845273145,4,3.0,1.01,2,n,n,492824
1997,4222.958117702629,5,2.0,1.03,2,n,n,648893
1999,2871.6620903214025,2,2.0,0.84,0,y,y,413349
1993,1957.1562493310437,4,2.0,1.24,3,y,n,317173
1994,4418.536778969595,6,2.0,0.84,3,y,y,705380
2002,2805.090577133126,2,2.5,0.94,1,y,n,442363
1983,3894.1461276681644,3,2.0,0.82,2,y,n,526421
2018,4267.1219074629,4,3.0,1.07,3,y,n,801118
1985,4014.9999738029765,3,2.0,1.1,2,n,y,538749
1988,4033.269311940406,3,2.0,1.06,2,n,n,555890
1995,2558.890598884111,4,3.0,0.38,3,y,y,419533
2000,3603.03936053525,3,2.0,0.98,1,y,y,555155
1995,1807.2893396893,2,2.5,0.36,0,n,y,213993
1998,1802.7771107269234,4,2.5,1.02,3,y,n,323216
1991,2866.70259113096,2,2.5,1.39,3,y,n,433355
1995,3616.2754788898146,5,2.5,0.91,0,y,n,543591
2009,2084.441059307641,2,1.5,1.15,3,n,n,367416
1996,2454.127327114272,3,1.5,1.34,2,y,y,375719
1992,2830.637582248405,3,2.5,1.15,0,y,n,394345
1988,3091.2455947312387,5,1.5,1.18,3,y,n,463886
1990,2693.375827619686,2,3.0,0.81,2,n,y,366156
1995,3779.3958455555176,3,2.5,1.28,3,n,n,578609
1997,2848.062063615748,5,2.0,1.15,1,n,n,429459
2007,758.1760830856047,5,2.0,0.96,1,y,y,183126
2003,4272.526697567136,5,2.0,0.86,2,y,n,703779
1997,3352.05043201172,3,2.0,1.05,0,y,y,488557
1992,3303.1874569696947,5,1.5,0.7,1,n,n,458478
1991,3099.082680447385,2,2.5,0.92,1,n,y,411162
2012,2349.7838191691217,5,1.5,0.88,2,y,n,453167
1999,3951.7670800441183,4,1.0,1.11,2,n,n,594415
2008,2468.4684391144983,6,1.5,0.78,3,y,y,474470
1983,3268.991277341413,6,2.0,0.9,3,y,y,478848
1999,2717.312967597503,4,2.0,0.59,2,n,n,416446
2001,3335.294653275,5,1.5,1.13,3,n,n,544744
2000,4090.0845034312338,4,1.0,1.31,3,n,n,638162
1987,3360.794124176168,2,1.0,0.86,3,y,n,457019
1997,2771.949043518123,5,1.5,1.12,3,n,y,440092
1976,3775.0711006910456,3,1.0,1.07,3,y,y,477310
2003,2312.1845528839326,6,1.5,0.58,1,y,y,393027
2011,3187.1924594098705,3,1.0,1.14,1,y,y,535178
2005,3560.7486843140596,2,1.5,0.61,0,y,n,535762
1984,2910.37212156626,2,1.5,1.22,2,n,n,352355
2009,2177.4750027123027,5,2.0,1.27,2,y,y,425671
1991,925.9351639297952,4,1.0,1.08,1,y,n,105090
1997,3253.2469891822648,6,2.0,1.12,2,n,n,514787
1991,2381.243887631625,5,1.5,0.92,2,y,y,353486
1988,2346.224551666876,4,3.0,0.82,0,y,n,314233
2000,2427.648108774219,5,1.0,1.04,3,y,y,414747
2000,2578.016790370522,5,2.0,1.1,3,y,y,453202
1975,4009.9589127605313,6,1.0,1.42,3,n,n,522793
1995,2353.6794148449335,4,2.5,1.53,3,n,y,378501
1987,3523.187699784988,6,1.0,1.25,3,n,n,507228
2002,3592.3083008619733,2,1.0,0.98,2,n,n,533546
1993,2306.205229058768,5,1.5,0.95,0,n,y,302680
1985,2563.7754715852884,2,2.5,0.89,1,y,y,320416
2018,3412.5192358298546,6,3.0,0.36,0,n,n,617277
2006,2341.7884368715263,3,1.5,1.01,1,n,n,368918
1992,3107.751840126881,4,3.0,0.95,1,y,y,465412
2006,4606.387386113058,3,2.5,1.19,3,n,y,756308
1974,2725.7957361568224,4,3.0,1.13,2,y,y,335819
1987,2784.056968730021,5,1.5,1.31,1,y,y,384758
1986,2023.8167644627836,2,3.0,1.29,0,y,n,242922
2001,3546.7495002753913,4,1.0,0.69,2,y,n,557362
2006,3788.5863104256323,3,1.5,0.84,0,y,n,588387
1983,3444.2598305318925,3,1.0,1.02,2,y,n,446938
1989,2492.710795603919,5,2.5,0.97,3,n,n,370956
1997,4308.463325921859,5,1.0,0.65,1,n,y,626019
2003,4102.9602076302535,2,2.5,1.11,2,y,n,659594
2002,3364.661441381305,2,1.0,1.05,3,y,n,535449
1994,2027.7406850913014,2,1.0,1.11,1,y,y,265811
2000,2940.418683347994,6,2.5,1.52,3,n,y,511362
1986,3243.3754813780674,3,2.0,1.08,1,n,y,412706
2005,2192.0821573143016,6,2.0,1.46,3,n,n,415712
2009,3334.3026063274124,2,1.5,0.9,2,n,y,536145
1995,2258.9852914905737,5,2.0,1.27,1,n,y,332897
1989,2927.79280924602,5,2.0,1.4,0,y,n,410168
1985,982.3063816991391,3,3.0,1.22,0,n,y,70645
2008,1657.5633925018774,3,1.0,1.49,0,y,y,280984
2018,2339.6616171835503,4,3.0,1.07,2,y,y,496999
2003,1882.3246239846435,4,1.5,0.84,1,n,n,292448
1991,2335.1196541700415,6,1.0,1.07,1,y,n,336317
1986,3090.871337771569,4,2.5,1.1,3,y,y,457630
1984,3536.9258681091806,6,2.0,1.19,1,n,n,478388
1981,1959.1029476260348,3,3.0,0.9,3,n,n,237365
1996,3491.0528977191548,2,1.0,0.84,2,y,y,506257
2013,2236.138355213897,5,2.0,0.95,3,y,y,464670
2007,2655.0362109927073,2,1.0,0.87,3,y,n,451305
2004,2289.5034301484334,2,1.5,1.14,0,y,n,348025
2006,2634.5623450549047,5,1.5,1.18,3,y,y,485384
2011,3518.0181092433677,5,2.0,0.77,0,n,y,579252
1988,1890.7918726043606,3,2.0,1.2,0,n,n,206618
1985,3283.865974208511,4,2.0,0.87,0,y,y,425629
1976,2780.4123832249984,2,3.0,0.97,2,n,n,311611
1994,1831.075500590126,5,3.0,0.93,1,y,n,293611
2005,3815.4129609544107,6,3.0,1.45,0,y,y,649061
2010,4051.58031768874,5,2.0,0.73,0,y,n,673687
1991,1936.2707779357306,2,1.5,0.59,3,n,n,246790
1989,1839.4437515818972,6,3.0,1.14,3,n,n,293016
2009,2200.2966252667115,5,2.5,0.95,2,n,n,411794
2007,2143.4852600061763,2,2.5,1.29,2,y,n,388372
1994,3179.3664738877856,5,3.0,0.86,1,n,y,474804
2012,2889.989646301951,4,1.5,0.81,0,y,n,493148
2000,2266.187570310889,5,1.0,1.12,0,y,y,346728
1992,3350.5039986318952,2,2.5,0.54,1,n,n,448175
1988,2955.8698310906866,2,2.0,1.13,1,y,n,390330
2013,2501.919787825361,2,3.0,1.0,1,n,n,440287
2009,2711.7883536028476,6,3.0,1.19,1,y,y,514618
2000,3410.099976480594,5,3.0,1.0,3,y,y,591514
1999,2253.796628553006,2,2.5,1.14,3,y,y,377669
1996,3711.733448817301,2,1.0,0.67,3,n,n,531810
1978,3541.971207553941,4,2.5,0.97,3,n,n,463345
1983,2988.682412398289,3,1.5,0.47,1,n,y,342852
1987,3727.50534902022,2,2.0,1.14,1,y,n,501225
2001,2441.413143702568,6,2.5,0.81,3,y,n,450861
1994,2363.756782942684,6,3.0,1.1,0,n,n,351063
2007,4087.64760447237,5,1.0,1.04,0,n,y,633747
1988,2042.8684115852745,3,3.0,1.38,0,n,y,247130
1983,2730.3051232017147,6,1.0,0.53,3,y,y,377495
1987,3081.846883051566,6,2.5,0.93,2,n,n,443727
1969,3010.1936175582296,3,1.0,1.19,1,n,n,279379
1983,3165.433933800386,6,2.5,1.0,0,n,y,407315
1999,3312.470326335184,5,1.0,1.16,0,n,y,479270
1996,3506.1834512466494,4,1.5,0.88,1,y,n,521627
1994,2627.357307672153,4,1.5,1.37,1,y,n,387153
1985,2110.7964472877475,4,2.5,0.99,0,y,y,258969
1996,3381.9733617849515,6,3.0,0.94,0,n,n,511396
2005,2351.3266696574915,4,2.5,0.51,3,n,n,412849
1993,3014.211158241173,3,2.0,0.5,3,y,n,454631
1990,2794.5754854710126,5,1.0,1.28,3,y,y,423386
2001,3232.923664175318,4,2.0,0.77,0,y,n,496488
1987,3312.8894532503277,5,2.0,0.81,2,y,n,479083
2013,2863.3449826721762,5,2.0,0.73,2,y,y,540451
1998,3514.7369844409923,5,1.5,1.25,2,n,n,543460
1990,3925.963660088396,6,1.0,0.71,1,y,n,564544
2003,3587.250740046662,3,2.5,0.93,3,y,y,604537
1996,1843.1221867507863,4,3.0,1.03,0,n,n,261918
1990,2827.5957049533886,2,1.5,0.72,1,n,y,347439
1989,1888.5378724626464,4,2.5,1.15,1,n,n,243030
2006,3149.8841888457846,2,2.0,0.92,3,y,y,536282
1995,2942.8856499295844,4,2.5,1.38,2,y,y,469632
2006,3229.8527880505285,5,1.5,0.91,3,n,y,550627
2000,3993.533439314424,4,3.0,0.91,1,n,y,617680
1978,2551.7858586544276,6,1.0,1.18,1,y,y,305467
1984,2529.0070685338737,4,1.5,0.92,3,y,n,345651
1992,2279.921328017447,2,2.5,1.06,2,n,y,310388
2000,2229.019206790692,5,1.0,1.28,1,y,y,358552
1988,3571.07361707754,2,1.0,1.14,1,n,y,447761
1998,4298.571961548956,3,2.0,0.66,1,y,n,644685
1982,4429.4327429759815,2,2.5,1.17,0,y,n,574464
1984,2690.198561318555,6,1.5,1.32,3,n,y,375829
2002,1539.9384775759893,6,1.0,1.32,2,y,y,290790
1993,4710.045452935191,3,2.0,1.03,3,y,n,716956
1976,2418.151759730934,3,1.0,1.29,1,y,y,247072
1979,4035.6244233249386,2,1.5,1.13,1,y,n,499793
1997,2374.0431313345357,3,3.0,0.88,3,n,n,379306
1997,4068.8650953166216,4,1.0,1.1,0,y,y,591829
2008,3082.9100236172117,6,1.5,0.77,0,n,n,501486
1990,3240.651026686929,2,2.0,1.08,0,n,y,407297
2014,2951.2382564513086,6,3.0,0.94,0,n,n,536785
2019,4080.3195892891554,4,2.5,0.98,1,n,n,719247
2003,2540.4101198275343,3,3.0,1.3,3,n,n,440561
1986,3552.4169782807344,4,3.0,1.26,2,n,y,501762
1987,4307.324692550159,2,1.5,0.73,2,n,y,569548
1988,1956.5114894056876,4,3.0,1.36,2,n,n,273876
1998,3514.042501749971,2,2.5,1.04,0,n,n,495206
1996,3697.190451679778,3,1.5,1.01,0,n,y,507228
1985,3424.8403016218613,6,1.0,0.98,3,n,y,478426
2001,1961.2034109224621,4,2.0,0.96,0,n,n,288580
1980,2609.892777570682,5,1.5,0.78,1,y,y,315683
2008,3484.176139947507,2,2.0,1.6,2,n,n,571626
1992,4192.664374749529,4,1.0,0.89,0,n,y,562249
2013,3178.639715348325,4,2.5,1.45,1,n,y,561045
1988,2599.3213143091302,5,2.5,1.14,1,y,n,374498
2002,3404.3758608839157,2,2.5,1.06,2,y,n,549056
1993,2520.91315344445,4,3.0,0.95,2,y,y,397386
1994,2993.8312053275586,5,2.0,0.63,3,y,n,478524
1989,3436.922385588724,5,2.0,1.04,0,y,n,481138
1994,2823.573875716796,3,1.5,1.07,2,y,n,417086
1999,3827.852505272185,6,3.0,1.24,3,y,n,662777
1985,1982.2307373127067,3,1.5,0.89,0,n,n,193184
2000,3134.101697279944,3,1.0,0.53,1,y,n,463065
1992,2813.9942819971525,2,1.5,0.84,1,n,y,357199
1981,2219.5687277825755,3,1.0,1.75,1,n,n,229185
1991,2708.5512120478716,2,1.5,1.39,0,y,n,349632
1998,1505.3260684613922,3,1.0,0.61,1,n,y,189948
1988,2835.0803421926466,6,1.5,0.62,2,n,n,392062
1994,2428.4760371411603,6,2.0,1.21,3,n,n,392421
1981,4341.076301292255,6,3.0,0.88,1,n,n,594361
1992,3134.6960074055546,2,2.5,1.11,2,n,y,439354
2004,3408.1908961278864,3,2.5,1.35,1,y,y,558978
1990,2534.10458362368,3,2.5,1.14,3,y,n,384715
2015,2854.901508003507,2,1.5,0.6,3,y,y,524735
1973,2551.357005715331,6,2.0,1.16,3,n,y,305103
2003,3815.7275274348003,5,2.5,1.61,0,y,n,624009
1990,3445.0811580340214,4,3.0,1.55,0,n,y,480012
1993,3684.090044966398,4,1.0,1.12,0,n,y,494413
1980,1724.219698834158,2,2.5,0.89,2,n,y,164482
1987,2659.367680090759,2,2.0,1.09,2,y,n,355255
1981,3732.984368950718,2,1.5,1.26,0,y,n,451347
2006,3079.8241986576763,6,3.0,1.0,0,y,n,536973
1999,3444.9653532077336,5,2.5,0.92,3,y,n,583044
2014,3474.1795928261868,6,2.0,1.28,1,n,n,620326
1992,2162.174722567547,2,2.5,1.09,2,n,y,293176
1984,3259.376299111838,6,1.0,1.61,3,n,y,458056
2007,4290.006887595375,4,2.5,1.34,1,n,y,696101
2008,2590.3352650349425,3,2.0,0.96,1,y,y,442950
2003,3881.1624866678535,2,2.0,1.3,3,y,n,636674
1974,3788.583727545615,6,3.0,0.98,0,y,n,482987
1991,2403.8970895665043,4,2.5,1.1,2,n,n,344584
2012,3777.9115138590505,4,3.0,1.01,2,y,y,681836
2013,3941.894056530597,6,2.0,0.85,1,y,y,699034
1993,2012.592709802017,5,2.5,1.19,1,y,n,312238
1997,1669.5290573881991,6,1.5,0.94,1,y,y,272029
1978,3951.9622999936305,5,1.5,0.93,3,n,y,519244
1991,1970.365676998606,5,3.0,1.03,1,y,n,301004
1979,2919.6245130287034,2,1.0,0.99,3,n,y,332793
1997,2830.5527714749646,5,2.0,1.4,1,y,n,450582
1981,3668.1141433500234,5,3.0,1.25,3,n,n,518967
2003,4045.778776734519,2,3.0,0.98,3,y,n,671566
1996,2704.6280634802756,4,3.0,0.95,1,y,n,424944
1994,2361.066745345614,4,2.5,0.92,0,y,y,340460
1995,3757.9798495957552,6,1.5,1.66,2,n,y,581096
1980,3186.84116533006,3,1.0,0.86,0,n,y,340926
1998,4236.95456476973,4,2.5,0.99,0,n,n,622893
1985,2468.9054118591425,5,1.5,1.12,3,y,y,354635
1991,2929.421597693974,4,2.5,0.8,0,n,n,388913
1988,4443.709549673129,3,2.0,1.05,1,y,n,622306
1994,1921.9836586351691,5,2.0,1.19,0,y,n,281147
1985,1968.950453855132,3,1.0,1.15,1,n,n,202592
2002,2510.0063541268223,6,2.0,0.96,3,n,n,440900
1982,3288.146700875856,3,1.0,0.63,1,n,n,377672
2006,2258.7667151372752,3,3.0,1.39,3,y,n,434665
1994,4110.803706843922,6,1.0,0.39,0,y,n,592470
1981,1863.727858636401,3,1.0,0.91,1,y,n,183209
1985,3316.968981375486,2,1.5,1.04,2,n,n,415645
1999,2584.3585804993154,2,1.5,0.65,2,y,y,389903
1991,3723.4850532921078,5,3.0,1.14,3,n,y,575622
1992,3479.676395033015,4,1.5,1.15,0,n,y,466701
2000,3156.634688164802,3,2.0,1.28,1,y,n,492695
1988,4313.1011275518,5,3.0,0.78,2,y,y,648665
2010,2378.876213252372,5,1.0,1.2,2,y,n,444831
1991,3134.3120109342635,5,2.5,1.14,3,n,n,479746
1995,4274.639099290778,3,2.5,0.97,2,n,y,633245
1995,3181.705814334894,6,1.0,1.04,2,n,n,477855
1993,3068.6175200240828,4,3.0,1.19,0,n,n,433142
1985,1968.2554354308365,6,3.0,1.05,0,y,n,265988
2009,3775.2798224810363,6,2.5,0.81,1,n,n,640941
2001,3613.8946938100507,6,2.0,0.87,1,y,y,590134
1997,2797.697104281549,6,2.5,1.06,2,y,y,473054
2005,3462.8206471965696,6,2.5,1.4,0,y,n,587923
1988,3142.206363923233,5,1.5,0.92,0,n,y,402630
2005,3822.1528395194096,6,2.5,0.89,0,n,n,614172
2002,1911.1794695927217,2,2.0,0.83,0,y,n,284126
1997,3517.0472876922013,4,2.5,0.6,2,y,y,554057
2009,3177.8669985685515,6,2.0,0.58,1,n,n,540380
2009,3622.3475559134913,2,1.0,1.43,2,n,n,579802
1969,3982.2831246932974,3,2.5,1.34,3,y,y,499942
1996,2392.2386666017806,2,1.0,0.73,2,y,n,339785
1990,3998.839416235852,2,1.0,0.81,0,n,n,501975
2002,2478.7465193606627,4,1.5,0.81,2,y,y,411461
1985,2441.0283485801615,6,2.5,0.88,1,y,y,341854
2000,3657.1141159098747,4,3.0,0.48,0,n,y,545767
1971,2439.011011760797,2,2.5,1.17,0,y,n,220901
2002,2872.931038742824,6,1.5,0.76,1,n,y,454839
1964,2159.857157466362,6,1.0,0.73,3,n,n,179928
1980,2777.1508237605512,3,2.0,1.2,3,n,n,344572
1985,2371.6106512806614,4,1.5,1.34,0,y,y,288341
1994,3294.467026438649,2,3.0,0.59,2,y,y,493020
2002,3721.3875972840956,4,1.5,0.83,1,y,y,583158
2003,3785.877723682795,2,1.5,1.1,0,n,n,546881
1984,3416.0504354042814,6,1.5,1.11,0,n,n,436557
1994,3228.7622623168118,2,2.5,1.13,1,y,y,468764
1993,2189.4307055348645,3,2.5,0.98,2,n,n,310614
1989,2717.5789028973395,2,1.0,0.73,3,n,n,348586
1992,2518.9135564879493,2,1.5,1.39,3,y,n,371187
1992,3059.9812353765697,5,1.5,0.85,3,n,n,454247
1978,3590.924555629055,5,1.5,1.07,1,y,y,457188
2001,2907.473646196957,6,1.0,1.32,0,n,n,440921
1981,2161.3024302196923,2,1.0,0.98,0,n,n,183895
1988,2333.8666861039646,6,3.0,0.89,1,y,n,348430
2001,3572.7091543071656,5,1.0,0.92,0,n,y,524706
1988,2737.6455396726833,2,3.0,1.02,2,n,n,365946
1978,3011.456676323904,5,1.0,0.91,2,y,y,375368
1991,3212.9832200176616,3,1.5,0.51,0,y,y,422097
1998,3022.6101017555134,5,3.0,0.96,0,y,y,477791
1988,2280.765000531036,6,3.0,1.12,0,y,y,328914
2003,3761.2874326179926,2,1.5,1.51,2,n,n,579343
1989,3645.8621843688306,4,1.0,0.83,1,n,y,479329
1979,2580.415835040999,4,1.5,1.16,3,y,n,331962
1997,2602.7465722962515,3,2.0,1.06,0,n,y,356311
1994,2031.924439629515,6,2.0,0.97,2,n,y,314338
2000,2884.66236969653,4,3.0,0.95,0,y,y,456949
2003,2657.0603568758565,5,1.0,1.19,2,n,y,431409
2003,3087.955796139325,2,2.5,1.57,1,n,n,479243
2000,2986.233287472403,6,2.0,0.89,1,y,y,491284
1985,2512.6848234638765,2,3.0,1.24,1,n,n,305502
1994,3987.7051048546027,6,1.0,1.32,0,n,n,567955
1991,4262.501465655692,3,2.5,0.64,3,y,y,641475
2003,3493.819084851894,5,2.5,0.81,3,n,y,588722
1998,3255.24530041492,4,2.5,1.64,3,n,n,530386
1991,2764.5486536422527,2,2.5,1.34,3,n,n,397282
2005,1826.2779998433123,4,3.0,1.5,1,n,y,326441
2001,1667.52070749384,4,2.0,1.42,2,n,y,281428
2008,3910.471854894242,3,2.5,0.95,3,y,n,678320
1993,1279.8618483100684,2,1.0,0.49,3,y,y,169329
2008,2498.7116406581713,3,2.0,1.35,1,y,y,435056
1990,3307.2406458691744,4,1.5,0.86,1,n,n,441486
2013,2736.833256334125,5,2.5,1.11,1,y,y,519674
1987,2753.382009984084,5,3.0,1.0,3,y,y,428007
1993,3693.099820890732,3,1.5,1.06,0,n,n,492364
2008,2121.7149219678313,6,2.0,0.89,3,n,y,411607
1997,3468.1717933634645,3,1.5,1.08,2,n,n,508925
1989,2045.238350391502,6,2.0,1.13,3,y,n,328735
2009,4031.2659758675754,6,1.5,0.91,1,n,n,665839
2009,4091.64807059753,3,1.0,1.38,3,y,y,694447
2008,4074.261928457141,2,2.0,0.88,1,y,n,654339
1994,1888.4324016577546,3,1.5,0.93,3,n,y,269714
1989,2593.6470743509835,6,2.5,0.49,1,y,y,378897
1998,4124.556379878571,2,1.5,1.17,3,y,n,638733
2010,2646.4930893674177,2,2.0,1.57,1,y,y,460523
2002,3172.570563337277,5,1.0,0.95,2,n,n,500135
1984,4038.552832625144,2,3.0,1.11,1,y,y,547432
1991,4075.372825675774,2,2.0,1.24,3,n,n,584905
1981,1928.6256293322847,2,3.0,1.58,2,y,n,237993
1993,3670.460184654653,2,3.0,1.25,1,y,y,539319
1989,3163.548106413411,3,2.0,1.4,3,n,n,450532
1993,3106.070871029626,3,1.5,0.82,0,y,y,420710
1986,3755.232754785181,3,3.0,0.98,1,n,y,502984
2002,3652.3924301071584,4,1.0,1.24,0,y,n,556458
1983,3371.935620697088,2,2.0,0.77,0,n,y,387340
2005,1496.5070250437407,4,2.5,0.88,0,n,n,245176
1989,3609.9007387797487,4,2.5,0.92,3,n,y,527785
2000,3244.932107787721,5,3.0,1.18,2,y,n,554439
1993,3034.070985421476,6,2.0,1.19,0,n,y,432960
1989,3540.5501270890895,6,2.5,1.0,1,n,n,508582
1992,3029.010233028662,3,1.5,1.14,0,n,n,388951
1995,3336.952382601026,3,1.5,0.86,1,n,y,460942
1978,3067.723436786506,6,1.0,1.0,0,n,n,345158
2006,2473.0914619112787,2,2.5,0.62,2,y,y,422763
2003,3159.421051078447,2,2.0,0.72,2,y,n,504713
1994,2602.013394169365,4,1.5,0.43,3,y,n,399252
1987,4993.735833409866,5,2.0,0.75,3,y,n,745310
1991,3245.30191157092,5,2.0,0.65,0,n,y,436545
1986,2218.2755168183544,4,2.0,0.82,3,y,n,315041
1993,3641.8515294853223,2,1.5,0.67,3,n,y,513827
2011,3143.308587153627,5,1.0,0.65,2,n,n,536246
1993,3298.293614059621,6,2.0,0.76,2,y,n,516144
1993,2779.6436659001574,3,1.0,0.83,1,y,n,379396
1991,2528.9843561589023,2,3.0,1.05,2,y,y,370097
2001,3184.971949376913,2,2.5,0.87,3,y,y,523295
1986,3884.6275736633715,2,1.0,1.04,3,y,n,533294
1995,3706.437638928912,6,2.0,1.54,1,n,y,564065
1990,2568.835808185601,6,2.5,0.76,1,n,n,364225
2006,3753.4764896260126,6,1.5,1.13,3,y,y,662471
1998,2707.7416691331664,3,1.0,0.26,0,y,n,370061
1999,4198.2026772595755,4,1.5,0.68,1,n,y,617430
1984,3473.050268212419,3,1.5,0.98,3,y,n,478157
1999,1852.1843054406759,6,3.0,0.68,0,y,y,313027
1978,2719.4691560273905,5,1.5,0.87,3,n,n,333470
2001,2453.625944109167,5,1.0,0.7,0,n,n,353543
1995,2099.4145733154432,3,2.5,0.89,3,n,y,320762
1984,2724.3259634932683,2,2.5,0.85,3,y,n,368898
1994,2832.907180419228,5,3.0,1.12,1,n,n,426736
1990,3583.9131711192204,4,2.0,0.76,1,y,n,508986
1979,4077.401914284751,3,3.0,1.07,0,n,y,502660
1995,3874.237072341671,5,3.0,0.91,2,n,n,599785
1987,2889.477318630104,2,1.0,1.18,3,y,n,391121
2002,3736.6600826577724,4,2.0,0.43,2,n,y,581949
1997,3064.7791678644044,6,2.0,0.78,1,n,y,466416
2009,3818.291807926876,5,2.5,1.05,3,y,y,690993
1991,3812.8795271193085,4,2.5,1.16,1,n,n,541831
1996,4009.5399728221505,4,1.0,0.9,3,n,y,599930
2005,2878.971799360311,2,1.0,0.78,1,n,y,423545
2001,3430.2334541949344,3,1.5,0.88,1,y,n,525235
2007,2052.2460135775436,6,1.0,0.79,3,n,y,379686
1994,1969.5828231169926,3,3.0,0.7,1,y,y,290937
1987,2590.9109990913234,6,2.0,1.35,0,n,n,338886
1985,2775.826926995189,6,1.5,0.99,2,n,n,373724
1996,3382.5426939622134,2,2.0,1.13,2,n,n,489331
1988,3321.798299323934,3,1.0,1.03,2,y,n,453719
1995,3611.40951933639,3,2.0,0.94,3,n,n,540811
1996,2232.816638182292,2,1.0,0.82,1,y,y,302222
1994,2298.7856515833773,6,1.0,0.88,1,n,n,323017
1986,2093.287555289561,5,2.5,0.7,2,n,n,276993
2008,2934.087409012307,3,3.0,0.86,1,y,y,508013
1994,3110.265596579448,6,1.5,0.98,3,n,n,483739
1997,2777.2200087529404,3,1.0,0.77,0,n,y,363133
2008,2464.425918354714,4,1.0,0.89,1,n,y,398013
2002,3876.7527462109656,4,1.5,0.82,3,y,y,636312
1981,1061.2080218299286,4,2.0,1.57,0,n,y,62731
2001,3469.1568018650355,4,1.5,0.78,3,n,n,549573
1986,2838.4692742369766,2,1.5,0.9,0,y,y,336770
2003,4889.012595245939,3,1.5,1.2,0,y,y,743851
1992,3994.9736271659376,6,2.5,1.32,1,n,y,596546
1997,2533.9144853232765,5,2.5,0.86,3,n,y,415487
1988,3165.3010712444943,2,1.5,0.67,2,n,n,402345
1995,2870.9016654942607,4,1.5,1.04,3,y,n,453735
1986,2554.5144529066934,4,3.0,1.14,3,n,n,365277
1991,1870.0881371991327,5,1.0,1.11,3,n,y,267163
1985,2223.652382002934,3,1.0,1.13,2,y,n,275497
1991,2716.1462354896985,4,3.0,1.11,2,y,y,419071
1986,2214.696501884683,6,1.5,1.02,3,n,n,310004
1982,3101.6562662193596,6,1.0,1.1,2,y,y,421748
1994,3671.634410124839,2,3.0,1.16,2,n,y,538145
1993,2381.1241626029705,4,2.0,0.98,3,n,n,356868
2006,2149.5678045516343,5,2.0,0.63,2,y,y,396885
1995,3388.967472990702,5,1.5,0.99,2,n,n,505695
2010,2664.0945372926576,2,1.5,0.76,0,n,y,408514
1996,3814.081117313035,3,1.0,1.22,3,y,n,585412
2004,2795.1330049150615,5,2.0,0.84,3,y,y,501869
1987,3648.653411765834,5,2.0,1.19,3,n,n,530148
1999,2024.5792099352834,6,1.0,1.07,2,n,y,324736
1994,3361.1672257378937,3,3.0,0.56,1,n,n,477575
1978,1388.158031041592,2,1.0,1.06,0,n,n,54123
1996,2139.0607764879423,6,2.5,0.65,2,n,n,343109
2007,4050.973639105694,4,2.5,0.72,0,n,n,635946
2000,4254.439707118671,3,1.0,1.17,0,y,y,625715
1984,3159.2673153823766,2,3.0,1.29,2,y,y,433240
1999,2507.7009901396023,2,1.0,1.3,2,y,n,380655
2001,2181.2354399275973,4,2.5,1.09,3,n,y,376035
1990,1917.5001120664697,4,1.5,0.71,0,y,n,235775
2011,4220.474651089258,6,2.0,1.2,1,y,n,736071
2006,2724.387394571919,3,1.5,1.13,3,n,n,458108
1995,2797.0860496761716,3,1.5,0.9,3,y,n,430562
2009,4110.042187752404,4,1.0,1.09,2,n,y,667856
2012,1682.3996074926981,6,1.5,0.86,2,n,y,342759
1992,2379.5283356104037,4,2.5,1.41,3,n,n,365579
1990,3034.209806046022,5,2.0,1.44,2,y,y,461731
1998,1961.794244705591,3,1.0,0.79,2,y,y,296119
1988,2967.12678815374,4,2.5,0.72,2,n,y,408369
2000,2500.9689192783294,2,1.5,1.08,0,y,n,358845
1978,3734.7592538092094,2,3.0,1.02,0,y,y,455513
1989,2092.537233449588,3,1.5,0.86,0,n,n,229280
2006,3295.031237088158,2,2.0,1.02,0,n,y,494554
1982,3086.0408857020534,5,2.5,0.94,1,y,n,414506
1982,2500.8733820737184,4,2.5,1.12,2,y,n,334431
1985,2255.5962415568392,6,1.5,0.91,3,n,y,309489
1996,2817.74326848027,5,3.0,1.06,1,n,y,433561
2001,3629.246707833956,3,1.0,1.08,2,y,y,565587
1992,2580.2743123307455,4,1.5,0.75,0,n,y,325791
1981,3636.523917444818,3,3.0,1.3,0,n,y,449978
2006,2576.357552939752,5,2.5,1.27,3,y,y,493003
1977,4296.785045334884,2,1.0,1.08,3,y,y,550717
1992,2959.4857514236273,5,1.0,1.14,2,n,n,421022
2008,2248.6842042385697,5,1.5,0.67,1,y,y,399852
1996,2680.3300067111495,5,2.0,0.62,2,n,y,406349
2010,1858.4285114099073,6,1.5,1.31,0,n,y,335914
1995,3808.0501334457467,6,3.0,0.93,2,y,y,620157
1976,2495.6689457099583,2,3.0,1.3,0,n,n,243850
1998,3644.5486737623305,2,1.5,1.11,1,n,n,515832
1990,1634.367617538442,3,2.5,0.84,1,n,n,195255
1993,2467.1052130850676,6,2.0,1.08,1,n,y,361265
1993,3207.039268558525,6,3.0,0.8,3,n,n,513055
2001,3972.4163335407866,4,2.5,0.84,0,n,y,595962
1982,1332.9555139013617,5,2.5,0.68,0,n,y,112643
2019,4263.342041160538,3,1.0,0.95,3,y,n,763751
1990,3753.198483678005,6,3.0,1.2,2,n,n,570979
2006,3537.87499920492,6,3.0,0.91,1,y,n,619331
2009,3079.0071808179446,5,3.0,1.1,0,y,n,543351
2002,3153.7729522413492,4,1.5,1.33,3,n,y,515515
2011,3372.417988823688,3,2.0,1.07,2,y,n,591912
1991,2943.8306630504944,5,2.0,1.0,3,n,y,441574
1990,3669.7714357565756,2,2.0,1.58,1,n,y,494165
1997,3524.1204167138885,3,3.0,1.08,3,y,n,574818
1997,3256.259613949018,2,1.0,0.74,0,y,n,444538
1999,2774.644549881272,3,1.5,0.59,2,n,n,407546
1979,3130.5664637438044,6,2.5,0.92,0,n,n,380884
1987,2965.893827680684,2,1.0,1.51,3,y,n,407534
2009,3158.966660982119,4,1.0,0.74,1,y,n,524944
1985,3568.1091847823027,5,1.0,1.07,0,y,y,466266
1979,3340.187492274173,2,1.0,1.16,2,y,y,403428
1987,3783.0601404125355,2,2.5,1.41,0,y,y,506109
1991,3231.6445391418997,3,3.0,1.11,0,n,y,436396
1994,2662.014226876714,4,2.0,0.96,3,n,n,403702
1998,4099.9415767911205,5,1.0,1.08,2,y,y,641191
2000,3685.2765744205867,4,1.5,0.88,3,n,n,578491
1976,3773.9423785983627,3,1.0,1.47,0,y,y,438141
1992,4043.929358396761,4,3.0,0.56,1,n,y,579989
1975,2674.816967762236,5,2.0,1.01,1,n,n,291372
1991,2180.0869418491693,5,2.0,1.34,3,n,y,332113
2000,1604.555251823189,2,1.0,0.5,0,n,y,188183
2002,1851.9135911898013,2,2.5,0.97,3,n,y,309837
1991,2399.352636473519,4,1.5,1.1,2,y,n,348902
2001,2352.7941130613854,4,2.5,0.74,1,n,y,366519
1995,3567.60881830177,2,2.0,1.23,3,n,n,528591
1989,2219.5238055069194,3,1.5,0.62,2,n,y,274728
2010,3475.027818813659,4,2.5,1.27,2,n,y,602804
1988,4801.461441947612,2,1.0,1.04,1,y,n,650819
1998,3020.4186912296022,3,3.0,1.04,3,y,n,503662
2002,2607.6868340756496,2,2.5,1.2,1,y,n,416653
1982,3148.5673671083355,3,2.0,1.35,2,y,n,417535
1995,2489.44752684122,3,1.5,0.69,2,y,n,366267
1986,3478.848307019204,5,3.0,0.64,0,y,y,481427
2005,2681.572387453142,4,2.5,1.02,3,n,y,470035
1992,3389.9517404682497,5,1.0,1.1,0,n,y,454992
1980,3133.7469199567304,3,2.0,0.64,1,y,n,379662
2004,3090.4605283220394,3,1.0,0.66,3,y,y,508469
1976,2267.191449875619,2,3.0,1.53,3,n,n,258028
1985,1315.173998413048,4,1.0,0.59,1,y,y,126126
2012,2127.0287580504137,2,2.5,1.16,2,n,n,388954
1998,4015.685938415055,4,1.5,1.18,2,n,y,607552
1988,4424.545554548176,6,2.0,1.17,2,y,n,666231
2010,2251.3991950767227,5,2.0,1.01,2,n,n,417859
1982,3784.7349985677124,2,3.0,0.26,1,n,y,466610
2010,1952.2059358284025,6,2.5,0.97,2,n,n,389880
1999,3522.9528931210507,3,2.5,0.64,2,n,y,535542
1978,2238.9403092704947,6,1.5,0.85,2,n,y,256091
2007,3465.490084994904,5,1.5,1.64,2,n,y,586923
1988,3108.7457510766308,6,2.5,1.09,2,y,n,475161
2003,1535.2592767286678,6,1.0,0.77,0,y,y,256838
2004,2414.606101293656,4,1.5,0.98,3,n,y,409390
1988,2648.2448124920675,5,2.0,0.74,3,n,y,378336
2017,4052.045169556087,5,1.5,0.68,1,n,y,695506
2005,4355.799791157226,2,2.0,1.0,2,n,n,678369
1998,2791.9120625555083,6,3.0,0.89,3,n,y,477136
2009,3478.189068478045,2,1.0,0.79,2,n,y,548578
1973,2930.154607889028,4,3.0,1.26,3,n,n,358423
2009,4047.2937559769134,2,1.0,1.39,1,n,y,627944
1998,2339.0532938626125,2,2.0,0.63,2,y,n,355307
2002,3986.4542624210585,3,2.5,0.96,0,n,n,594868
1990,2515.709473752737,6,2.5,1.35,0,y,n,370106
1992,2962.231180610488,5,1.5,1.02,2,y,y,447134
1984,2379.9681064552833,2,2.5,1.23,3,n,n,302945
1985,2625.571525266873,6,1.0,1.02,3,y,y,379135
1989,3846.403613867319,6,2.0,1.27,0,n,n,536010
1992,1840.5238458451593,2,2.5,0.66,0,y,n,228478
2013,3831.3714578140152,3,1.5,1.31,0,n,n,616855
1992,4961.668842543246,6,2.5,1.29,1,y,y,761100
2002,2403.46346142606,4,1.5,1.1,3,n,n,399519
2002,3275.7256464033717,5,3.0,0.92,3,n,y,560158
2002,2738.62620562612,2,2.0,0.49,1,n,n,398143
2008,4055.6945448880915,4,1.5,1.28,2,n,y,665054
1992,3977.006209413651,4,2.5,1.45,1,n,y,575800
1991,3656.834445726668,6,2.0,1.12,1,y,y,550325
2003,3428.7163345661875,3,1.0,1.08,1,n,n,510507
2009,2746.580944755352,6,2.0,1.1,1,n,y,483487
1987,3194.7684078189423,2,2.0,1.37,2,n,y,419765
1974,2076.030033131852,3,1.5,0.9,3,n,y,197404
2009,3983.7684388688817,3,2.5,1.0,0,y,n,650065
2003,3422.0979958893467,5,1.0,1.15,1,y,y,550564
1999,3521.1655095108636,5,2.5,1.13,3,y,n,597624
1993,3121.338700304015,4,3.0,1.17,1,n,n,455750
1999,3709.0798068282315,5,1.5,0.89,1,n,n,557211
1984,3110.8215856282054,6,1.5,0.94,3,y,y,453223
1997,3210.326792232498,4,2.0,0.98,2,y,y,506249
1992,2331.6209650688306,3,1.0,0.58,3,n,n,313443
2004,3092.852607366728,2,1.5,0.87,0,y,y,464477
2012,3443.487264636814,5,3.0,0.84,2,y,y,639123
2004,3027.4740784286146,4,1.5,0.66,1,n,y,466521
1978,2556.147943272169,3,2.5,0.7,1,y,y,291422
1987,3054.159366295288,6,3.0,1.12,1,y,y,454923
2007,2960.163294851024,2,2.5,0.66,0,y,y,471424
2018,3109.433091242021,4,3.0,0.95,2,n,y,590664
1980,3881.598275692688,4,1.5,1.6,1,n,y,488739
2014,2853.2841803452434,2,1.5,0.87,1,y,n,493542
1986,3569.287719464024,4,1.0,1.4,1,y,y,481393
