415120.0,0.1379145759046816,-0.6110183709531788,-0.688176169055054,0.0367414484528629,1.6988682446653336,1.288284116526358,0.0,1.0,1.0,0.0
397719.0,0.2439121150286872,-0.6294178369278811,0.6989650451656594,-0.6821129777988038,0.9254836112820256,-0.483229565480857,0.0,1.0,0.0,1.0
438192.0,-0.7100657370873636,0.1630257709335893,0.6989650451656594,-0.6821129777988038,0.1520989778987173,-0.483229565480857,0.0,1.0,1.0,0.0
551005.0,0.7738998106487155,0.3470723298125876,-0.688176169055054,0.7555958747045297,-0.5805812010959961,1.288284116526358,0.0,1.0,1.0,0.0
327137.0,0.8798973497727212,-1.9216915847122995,1.392535652276016,0.0367414484528629,-0.1735366572100444,1.288284116526358,0.0,1.0,1.0,0.0
351775.0,-2.3000288239474487,0.5791824705320747,-1.3817467761654108,0.0367414484528629,0.0706900691215268,-1.3689864064844643,1.0,0.0,0.0,1.0
420008.0,0.3499096541526929,-0.5101920509400135,1.392535652276016,0.7555958747045297,-0.7026945642617818,-1.3689864064844643,0.0,1.0,0.0,1.0
310510.0,1.7278776627647665,-1.6563599568696796,0.0053944380553026,0.0367414484528629,-0.4991722923188056,-1.3689864064844643,1.0,0.0,0.0,1.0
499039.0,0.8798973497727212,0.3312265152643442,-1.3817467761654108,0.7555958747045297,0.7219613393390494,-0.483229565480857,1.0,0.0,0.0,1.0
445060.0,0.9858948888967268,-0.0552851347230297,-1.3817467761654108,0.7555958747045297,0.477734613007479,-1.3689864064844643,1.0,0.0,0.0,1.0
307219.0,0.4559071932766985,-1.6957579041042357,0.0053944380553026,0.7555958747045297,0.477734613007479,0.4025272755227504,0.0,1.0,1.0,0.0
444309.0,-1.240053432707392,0.9311919203710192,-1.3817467761654108,-1.4009674040504705,0.9661880656706208,-0.483229565480857,1.0,0.0,1.0,0.0
561011.0,-1.6640435892034149,1.385649847238201,0.0053944380553026,0.7555958747045297,-0.7841034730389718,1.288284116526358,0.0,1.0,0.0,1.0
529607.0,1.0918924280207325,0.034860748115587,-1.3817467761654108,1.4744503009561964,-0.3363544747644248,1.288284116526358,0.0,1.0,1.0,0.0
398527.0,-0.922060815335375,0.1090612177536857,0.0053944380553026,0.0367414484528629,-1.516783652033685,-1.3689864064844643,0.0,1.0,1.0,0.0
465272.0,0.4559071932766985,-0.1359229009812227,0.0053944380553026,0.0367414484528629,-0.4177633835416152,1.288284116526358,1.0,0.0,0.0,1.0
564562.0,1.6218801236407607,0.3502723030787283,-1.3817467761654108,0.7555958747045297,-1.0690346537591382,0.4025272755227504,0.0,1.0,0.0,1.0
404813.0,0.5619047324007043,-0.9968855760790964,0.0053944380553026,0.7555958747045297,0.3963257042302885,1.288284116526358,0.0,1.0,0.0,1.0
657800.0,1.0918924280207325,1.1572080972680676,1.392535652276016,-0.6821129777988038,-0.1735366572100444,0.4025272755227504,0.0,1.0,0.0,1.0
709970.0,0.0319170367806759,2.163618208213833,0.6989650451656594,0.7555958747045297,-0.1735366572100444,-0.483229565480857,0.0,1.0,1.0,0.0
370459.0,-0.604068197963358,-0.8973258204399754,0.6989650451656594,1.4744503009561964,-1.761010378365256,1.288284116526358,0.0,1.0,0.0,1.0
358988.0,-0.1800780414673354,-0.6229681188071506,1.392535652276016,0.0367414484528629,0.3963257042302885,-1.3689864064844643,1.0,0.0,1.0,0.0
488937.0,1.0918924280207325,0.052180179931533,-1.3817467761654108,0.7555958747045297,-1.7203059239766612,-0.483229565480857,0.0,1.0,0.0,1.0
422792.0,-0.604068197963358,-0.041084458435508,-0.688176169055054,-0.6821129777988038,-1.9238281959196368,1.288284116526358,0.0,1.0,1.0,0.0
612813.0,0.6679022715247098,0.996727702338826,0.0053944380553026,-0.6821129777988038,-0.7433990186503765,1.288284116526358,0.0,1.0,1.0,0.0
579805.0,0.6679022715247098,1.16398333188916,0.0053944380553026,-1.4009674040504705,0.8440747025048351,-0.483229565480857,1.0,0.0,0.0,1.0
373588.0,-0.8160632762113693,-0.3008671978151426,1.392535652276016,0.7555958747045297,0.7219613393390494,-1.3689864064844643,1.0,0.0,0.0,1.0
494102.0,1.4098850453927494,-0.0365126914362138,-0.688176169055054,0.7555958747045297,1.0068925200592158,-0.483229565480857,1.0,0.0,1.0,0.0
426571.0,-0.4980706588393523,0.2615350334174058,-0.688176169055054,-0.6821129777988038,0.8033702481162398,-1.3689864064844643,0.0,1.0,0.0,1.0
503813.0,-0.1800780414673354,0.5342104464388502,0.0053944380553026,-0.6821129777988038,-0.0514232940442587,1.288284116526358,1.0,0.0,1.0,0.0
238510.0,-0.4980706588393523,-1.875730909909792,0.6989650451656594,-0.6821129777988038,0.8440747025048351,0.4025272755227504,0.0,1.0,1.0,0.0
460299.0,-0.8160632762113693,0.5152474005253799,-1.3817467761654108,0.7555958747045297,0.9254836112820256,-0.483229565480857,0.0,1.0,0.0,1.0
449335.0,-0.4980706588393523,0.3648337448163062,-0.688176169055054,0.7555958747045297,-0.2142411115986396,-1.3689864064844643,0.0,1.0,1.0,0.0
351562.0,0.4559071932766985,-0.6545993112560766,-0.688176169055054,-1.4009674040504705,-0.6619901098731865,-0.483229565480857,1.0,0.0,1.0,0.0
423487.0,0.5619047324007043,-0.3102949681344666,-0.688176169055054,0.7555958747045297,-0.37705892915302,-1.3689864064844643,0.0,1.0,0.0,1.0
487223.0,-1.0280583544593809,1.178502158439314,-0.688176169055054,0.0367414484528629,-0.2956500203758296,-1.3689864064844643,1.0,0.0,1.0,0.0
686387.0,0.5619047324007043,1.81923648866868,-1.3817467761654108,0.0367414484528629,-0.9062168362047572,1.288284116526358,0.0,1.0,0.0,1.0
331332.0,-1.5580460500794089,-0.252022897604412,-0.688176169055054,0.7555958747045297,-0.0107188396556635,-1.3689864064844643,0.0,1.0,0.0,1.0
404050.0,0.7738998106487155,-0.7942303291159114,0.0053944380553026,-0.6821129777988038,0.8440747025048351,1.288284116526358,1.0,0.0,1.0,0.0
383222.0,-0.286075580591341,-0.2758898729209665,-0.688176169055054,0.7555958747045297,-0.1328322028214492,-0.483229565480857,1.0,0.0,1.0,0.0
306860.0,-0.4980706588393523,-1.4136671098940554,1.392535652276016,0.7555958747045297,-0.0107188396556635,1.288284116526358,1.0,0.0,0.0,1.0
315360.0,-0.1800780414673354,-0.7968274923688892,0.6989650451656594,-0.6821129777988038,-1.4353747432564947,-1.3689864064844643,1.0,0.0,1.0,0.0
332400.0,-1.3460509718313975,-0.4182929696837192,-1.3817467761654108,0.0367414484528629,0.5591435217846685,1.288284116526358,1.0,0.0,1.0,0.0
515807.0,0.3499096541526929,0.5144231091564833,-1.3817467761654108,-1.4009674040504705,-0.9469212905933526,1.288284116526358,0.0,1.0,1.0,0.0
449995.0,0.9858948888967268,-0.4820456276433556,-0.688176169055054,1.4744503009561964,0.477734613007479,-0.483229565480857,0.0,1.0,0.0,1.0
416558.0,-0.4980706588393523,-0.3504825000710374,-0.688176169055054,0.7555958747045297,0.3149167954530981,1.288284116526358,0.0,1.0,1.0,0.0
506629.0,0.4559071932766985,0.3692676579249886,-0.688176169055054,0.7555958747045297,0.2742123410645029,0.4025272755227504,1.0,0.0,0.0,1.0
472469.0,0.6679022715247098,-0.2175969729169482,0.0053944380553026,0.7555958747045297,-0.7433990186503765,1.288284116526358,1.0,0.0,0.0,1.0
570669.0,2.575857975756812,0.2327998405547224,0.0053944380553026,0.7555958747045297,0.0706900691215268,-1.3689864064844643,1.0,0.0,0.0,1.0
474955.0,2.2578653583847945,-1.171912232375827,1.392535652276016,0.7555958747045297,-2.412281648582779,1.288284116526358,0.0,1.0,0.0,1.0
459319.0,0.0319170367806759,-0.1278733352679718,0.6989650451656594,0.0367414484528629,0.4370301586188838,1.288284116526358,1.0,0.0,0.0,1.0
585230.0,-1.3460509718313975,1.571092515255983,0.0053944380553026,1.4744503009561964,-0.4991722923188056,1.288284116526358,1.0,0.0,1.0,0.0
397713.0,-1.982036206575432,0.1717434551013092,0.6989650451656594,0.0367414484528629,0.4370301586188838,1.288284116526358,1.0,0.0,1.0,0.0
538345.0,-0.3920731197153467,1.2787363944553014,0.6989650451656594,-1.4009674040504705,1.047596974447811,-1.3689864064844643,1.0,0.0,0.0,1.0
438396.0,-1.5580460500794089,0.613466995874656,-0.688176169055054,-0.6821129777988038,0.1520989778987173,1.288284116526358,1.0,0.0,1.0,0.0
449356.0,0.7738998106487155,-0.6887494886921182,1.392535652276016,1.4744503009561964,1.1290058832250016,-0.483229565480857,0.0,1.0,1.0,0.0
279840.0,0.6679022715247098,-1.4658794180947594,-0.688176169055054,-1.4009674040504705,-2.371577194194184,0.4025272755227504,1.0,0.0,1.0,0.0
184035.0,-1.240053432707392,-1.5237968991716146,-1.3817467761654108,0.7555958747045297,-1.516783652033685,-0.483229565480857,1.0,0.0,1.0,0.0
525648.0,-0.7100657370873636,1.4182793391504689,-0.688176169055054,-1.4009674040504705,-1.1911480169249238,-0.483229565480857,1.0,0.0,0.0,1.0
503795.0,1.6218801236407607,0.0764752091310411,1.392535652276016,-1.4009674040504705,-0.4584678379302104,-1.3689864064844643,1.0,0.0,0.0,1.0
611828.0,0.8798973497727212,0.9753268461100288,0.6989650451656594,1.4744503009561964,0.3149167954530981,-1.3689864064844643,0.0,1.0,1.0,0.0
273350.0,0.2439121150286872,-1.4043341258334845,-1.3817467761654108,0.7555958747045297,0.111394523510122,-0.483229565480857,1.0,0.0,0.0,1.0
384331.0,1.5158825845167552,-1.6095182180674918,0.6989650451656594,0.7555958747045297,-1.5574881064222803,1.288284116526358,0.0,1.0,1.0,0.0
483080.0,1.3038875062687438,0.1135757830099972,-1.3817467761654108,-1.4009674040504705,-0.4177633835416152,0.4025272755227504,1.0,0.0,0.0,1.0
466493.0,-0.3920731197153467,0.4362351656692947,-1.3817467761654108,1.4744503009561964,-1.1097391081477337,0.4025272755227504,1.0,0.0,0.0,1.0
333892.0,-1.240053432707392,-0.568648618842646,0.0053944380553026,1.4744503009561964,-1.272556925702114,0.4025272755227504,1.0,0.0,1.0,0.0
452277.0,-0.8160632762113693,-0.1394684474295595,0.6989650451656594,1.4744503009561964,0.2335078866759077,1.288284116526358,0.0,1.0,0.0,1.0
133135.0,-1.452048510955403,-2.31020077719259,0.0053944380553026,-0.6821129777988038,0.3149167954530981,0.4025272755227504,0.0,1.0,0.0,1.0
544847.0,0.3499096541526929,0.5847636426864203,1.392535652276016,-0.6821129777988038,1.413937063945168,0.4025272755227504,1.0,0.0,1.0,0.0
375785.0,-1.5580460500794089,0.2342953168460222,-1.3817467761654108,0.7555958747045297,1.413937063945168,-0.483229565480857,1.0,0.0,1.0,0.0
442136.0,-0.286075580591341,0.284545471917088,0.6989650451656594,-1.4009674040504705,-0.4177633835416152,-0.483229565480857,1.0,0.0,1.0,0.0
445641.0,-0.8160632762113693,-0.28737955145192,1.392535652276016,1.4744503009561964,0.1928034322873125,1.288284116526358,0.0,1.0,0.0,1.0
527291.0,0.6679022715247098,0.7874783513984032,-1.3817467761654108,0.0367414484528629,-0.6619901098731865,-0.483229565480857,1.0,0.0,1.0,0.0
371079.0,0.9858948888967268,-1.1685569406834826,0.6989650451656594,0.0367414484528629,-0.1735366572100444,0.4025272755227504,1.0,0.0,0.0,1.0
596504.0,1.3038875062687438,1.1567990043937857,-1.3817467761654108,0.7555958747045297,0.8440747025048351,-1.3689864064844643,1.0,0.0,1.0,0.0
352877.0,0.7738998106487155,-1.1510793113689095,0.6989650451656594,-1.4009674040504705,-0.2142411115986396,-0.483229565480857,0.0,1.0,1.0,0.0
568933.0,0.0319170367806759,0.9681984057725698,0.6989650451656594,-0.6821129777988038,-2.290168285416993,0.4025272755227504,0.0,1.0,0.0,1.0
431235.0,0.1379145759046816,-0.2452711065102041,-0.688176169055054,0.0367414484528629,0.4370301586188838,1.288284116526358,1.0,0.0,1.0,0.0
160305.0,-3.677996832559522,-0.9453661076398804,1.392535652276016,0.7555958747045297,-1.028330199370543,-1.3689864064844643,1.0,0.0,1.0,0.0
409262.0,-0.8160632762113693,-0.1544029251560507,0.0053944380553026,-1.4009674040504705,-0.1328322028214492,1.288284116526358,0.0,1.0,1.0,0.0
373912.0,0.4559071932766985,-0.3576222125934055,-1.3817467761654108,-0.6821129777988038,1.1697103376135969,-1.3689864064844643,1.0,0.0,0.0,1.0
285154.0,-2.088033745699437,-0.65781593753594,0.6989650451656594,-1.4009674040504705,-0.9469212905933526,0.4025272755227504,0.0,1.0,1.0,0.0
574771.0,-0.4980706588393523,1.6706095996644403,-1.3817467761654108,1.4744503009561964,0.4370301586188838,-1.3689864064844643,1.0,0.0,0.0,1.0
309491.0,-0.7100657370873636,-0.5269402214305746,-1.3817467761654108,0.0367414484528629,1.6988682446653336,-1.3689864064844643,1.0,0.0,0.0,1.0
397281.0,0.7738998106487155,-0.4938354287466737,-1.3817467761654108,0.7555958747045297,-0.5805812010959961,-0.483229565480857,1.0,0.0,1.0,0.0
398096.0,-0.4980706588393523,-0.1890945003565834,0.6989650451656594,1.4744503009561964,0.5998479761732637,-1.3689864064844643,1.0,0.0,0.0,1.0
455014.0,-1.982036206575432,0.8356825525967585,-0.688176169055054,0.7555958747045297,-0.7026945642617818,1.288284116526358,1.0,0.0,0.0,1.0
379129.0,-0.3920731197153467,-0.4925006973300276,0.0053944380553026,-1.4009674040504705,0.5591435217846685,0.4025272755227504,0.0,1.0,1.0,0.0
574208.0,-0.0740805023433297,1.2088697219715254,-0.688176169055054,-0.6821129777988038,2.716479604380213,-0.483229565480857,0.0,1.0,0.0,1.0
113354.0,-1.5580460500794089,-2.7223061115484786,0.6989650451656594,0.0367414484528629,-0.0514232940442587,1.288284116526358,0.0,1.0,1.0,0.0
515413.0,0.6679022715247098,0.2363350323382277,0.6989650451656594,-1.4009674040504705,3.286341965820546,-0.483229565480857,0.0,1.0,0.0,1.0
575388.0,-0.0740805023433297,1.1319786264377278,0.6989650451656594,-0.6821129777988038,1.2918237007793825,0.4025272755227504,1.0,0.0,1.0,0.0
340307.0,-0.604068197963358,-0.5187176787377843,-1.3817467761654108,1.4744503009561964,0.3149167954530981,-0.483229565480857,1.0,0.0,0.0,1.0
340218.0,-0.922060815335375,-0.5329786032012935,-0.688176169055054,1.4744503009561964,0.7219613393390494,-1.3689864064844643,0.0,1.0,0.0,1.0
232467.0,0.2439121150286872,-1.6899394300225423,-0.688176169055054,0.7555958747045297,-0.9876257449819478,-1.3689864064844643,1.0,0.0,1.0,0.0
491625.0,-0.4980706588393523,0.4602998266551845,1.392535652276016,0.7555958747045297,0.2335078866759077,-1.3689864064844643,0.0,1.0,1.0,0.0
477856.0,-0.3920731197153467,-0.0701189633636352,1.392535652276016,1.4744503009561964,1.0068925200592158,0.4025272755227504,0.0,1.0,1.0,0.0
495488.0,-0.0740805023433297,0.4572782858310684,0.0053944380553026,0.0367414484528629,-0.6619901098731865,-0.483229565480857,0.0,1.0,1.0,0.0
427984.0,0.1379145759046816,-0.0084125006896896,-0.688176169055054,-1.4009674040504705,-0.8248079274275669,-0.483229565480857,0.0,1.0,1.0,0.0
386036.0,-0.922060815335375,-0.2353878868684018,0.0053944380553026,1.4744503009561964,-1.272556925702114,0.4025272755227504,1.0,0.0,0.0,1.0
481288.0,0.0319170367806759,0.29174073433261,1.392535652276016,1.4744503009561964,-0.8655123818161622,-1.3689864064844643,1.0,0.0,1.0,0.0
423616.0,-0.7100657370873636,0.3426818097413852,1.392535652276016,-1.4009674040504705,-0.4177633835416152,-1.3689864064844643,1.0,0.0,0.0,1.0
251032.0,-0.4980706588393523,-1.55567080541102,0.6989650451656594,-0.6821129777988038,-0.0107188396556635,0.4025272755227504,1.0,0.0,1.0,0.0
175282.0,-2.724018980443472,-1.0492001910274151,-0.688176169055054,-1.4009674040504705,0.0706900691215268,0.4025272755227504,1.0,0.0,0.0,1.0
402703.0,-1.240053432707392,-0.2558753404175996,1.392535652276016,0.7555958747045297,0.477734613007479,1.288284116526358,1.0,0.0,1.0,0.0
513544.0,2.2578653583847945,-0.4066815793346173,1.392535652276016,0.0367414484528629,0.5184390673960743,-0.483229565480857,1.0,0.0,0.0,1.0
585468.0,0.9858948888967268,0.7935520756152673,-1.3817467761654108,0.7555958747045297,-0.6619901098731865,0.4025272755227504,0.0,1.0,1.0,0.0
608857.0,-0.0740805023433297,1.4224003317859333,-1.3817467761654108,1.4744503009561964,2.2687306061056667,-0.483229565480857,0.0,1.0,0.0,1.0
370983.0,-0.1800780414673354,-0.5566152345342594,0.0053944380553026,1.4744503009561964,-1.0690346537591382,-0.483229565480857,1.0,0.0,0.0,1.0
488699.0,1.0918924280207325,-0.629594894887077,0.6989650451656594,1.4744503009561964,0.5184390673960743,1.288284116526358,0.0,1.0,0.0,1.0
613507.0,1.3038875062687438,0.7562216861437022,1.392535652276016,-1.4009674040504705,-0.7433990186503765,0.4025272755227504,0.0,1.0,0.0,1.0
398297.0,0.0319170367806759,-0.2967457379976061,0.0053944380553026,-0.6821129777988038,0.5184390673960743,-1.3689864064844643,0.0,1.0,0.0,1.0
301996.0,2.3638628975088003,-2.319527566882145,-1.3817467761654108,1.4744503009561964,0.9661880656706208,-0.483229565480857,0.0,1.0,0.0,1.0
734169.0,1.7278776627647665,1.8791947850103763,1.392535652276016,-1.4009674040504705,-1.964532650308232,0.4025272755227504,1.0,0.0,0.0,1.0
603826.0,-0.0740805023433297,1.384892688102795,1.392535652276016,0.0367414484528629,0.6812568849504541,-0.483229565480857,1.0,0.0,1.0,0.0
403674.0,0.1379145759046816,-1.101306195402056,1.392535652276016,1.4744503009561964,1.210414792002192,1.288284116526358,0.0,1.0,0.0,1.0
486724.0,2.151867819260789,-0.3875744327830512,-1.3817467761654108,-0.6821129777988038,-1.231852471313519,1.288284116526358,1.0,0.0,0.0,1.0
387787.0,-0.1800780414673354,-0.3390048675467222,1.392535652276016,0.0367414484528629,-0.37705892915302,-1.3689864064844643,1.0,0.0,0.0,1.0
467479.0,0.1379145759046816,0.2467975361809962,-0.688176169055054,-1.4009674040504705,-0.5398767467074009,1.288284116526358,1.0,0.0,0.0,1.0
322554.0,-1.982036206575432,-0.2235682897979946,1.392535652276016,-0.6821129777988038,-0.5398767467074009,-0.483229565480857,1.0,0.0,1.0,0.0
632384.0,1.0918924280207325,1.222566670599735,0.6989650451656594,0.0367414484528629,1.1290058832250016,-0.483229565480857,1.0,0.0,1.0,0.0
588163.0,-0.7100657370873636,1.3363263126947926,-1.3817467761654108,0.7555958747045297,1.2918237007793825,1.288284116526358,0.0,1.0,0.0,1.0
640973.0,1.197889967144738,1.189269425882922,0.0053944380553026,0.0367414484528629,0.3963257042302885,-0.483229565480857,0.0,1.0,1.0,0.0
447015.0,-0.286075580591341,0.3633091031687999,-1.3817467761654108,0.0367414484528629,-1.47607919764509,0.4025272755227504,1.0,0.0,1.0,0.0
384283.0,-0.1800780414673354,-0.4444708070202113,-0.688176169055054,0.7555958747045297,-0.1735366572100444,0.4025272755227504,1.0,0.0,0.0,1.0
347288.0,-0.604068197963358,-0.7104484242671465,0.6989650451656594,-1.4009674040504705,-0.1328322028214492,1.288284116526358,1.0,0.0,1.0,0.0
277444.0,-1.240053432707392,-0.953534312453146,-0.688176169055054,0.0367414484528629,0.477734613007479,-0.483229565480857,0.0,1.0,1.0,0.0
520420.0,-0.1800780414673354,0.6504692459936077,0.0053944380553026,-0.6821129777988038,-0.4177633835416152,0.4025272755227504,0.0,1.0,0.0,1.0
355980.0,1.6218801236407607,-0.970258853756627,-1.3817467761654108,-0.6821129777988038,-0.092127748432854,-1.3689864064844643,1.0,0.0,1.0,0.0
406599.0,-0.604068197963358,-0.310636566126045,0.0053944380553026,0.7555958747045297,0.477734613007479,1.288284116526358,1.0,0.0,0.0,1.0
393219.0,1.3038875062687438,-0.8532765639787904,-1.3817467761654108,0.0367414484528629,-0.9876257449819478,-0.483229565480857,0.0,1.0,0.0,1.0
485755.0,0.3499096541526929,0.5507428450520793,-1.3817467761654108,1.4744503009561964,-0.7026945642617818,-1.3689864064844643,1.0,0.0,1.0,0.0
588168.0,1.0918924280207325,0.6230826084371397,1.392535652276016,0.0367414484528629,0.477734613007479,0.4025272755227504,1.0,0.0,0.0,1.0
357111.0,-1.1340558935833862,-0.4989489367712276,1.392535652276016,-1.4009674040504705,2.920001876323189,-0.483229565480857,0.0,1.0,1.0,0.0
411057.0,2.469860436632806,-1.2907762266087195,-0.688176169055054,0.0367414484528629,0.8033702481162398,0.4025272755227504,1.0,0.0,1.0,0.0
404388.0,-0.3920731197153467,-0.53548901284978,-0.688176169055054,0.7555958747045297,1.2511192463907872,1.288284116526358,0.0,1.0,1.0,0.0
594518.0,-0.1800780414673354,1.0447687556984426,1.392535652276016,1.4744503009561964,1.6581637902767383,0.4025272755227504,1.0,0.0,0.0,1.0
695779.0,2.3638628975088003,1.2871219574643722,-0.688176169055054,0.7555958747045297,-0.5805812010959961,0.4025272755227504,1.0,0.0,0.0,1.0
416295.0,-1.3460509718313975,0.3294841917814806,0.0053944380553026,0.7555958747045297,0.0299856147329316,-1.3689864064844643,0.0,1.0,1.0,0.0
553259.0,0.8798973497727212,0.3565331417293135,0.0053944380553026,-0.6821129777988038,-0.2549455659872344,1.288284116526358,0.0,1.0,0.0,1.0
499627.0,0.8798973497727212,-0.1973414708890465,0.0053944380553026,-0.6821129777988038,1.943094970996905,1.288284116526358,0.0,1.0,0.0,1.0
554404.0,0.5619047324007043,1.0796367432027936,0.6989650451656594,-1.4009674040504705,-0.7841034730389718,-1.3689864064844643,1.0,0.0,1.0,0.0
241814.0,0.8798973497727212,-1.7612952363554897,-1.3817467761654108,-1.4009674040504705,0.3149167954530981,-0.483229565480857,1.0,0.0,0.0,1.0
527431.0,0.9858948888967268,0.2252841163950313,1.392535652276016,0.7555958747045297,-0.5805812010959961,-0.483229565480857,1.0,0.0,1.0,0.0
320424.0,-0.1800780414673354,-0.638347800710635,-1.3817467761654108,0.7555958747045297,-0.7841034730389718,-1.3689864064844643,1.0,0.0,1.0,0.0
531604.0,0.8798973497727212,0.3618709942908428,0.0053944380553026,0.7555958747045297,-0.8655123818161622,0.4025272755227504,1.0,0.0,1.0,0.0
515976.0,-0.3920731197153467,0.7267840298684486,0.6989650451656594,1.4744503009561964,-0.5398767467074009,-0.483229565480857,1.0,0.0,1.0,0.0
585837.0,-1.1340558935833862,1.866794773327928,-0.688176169055054,0.7555958747045297,-0.4584678379302104,-1.3689864064844643,0.0,1.0,1.0,0.0
257748.0,-2.51202390219546,-1.0432234283953905,0.6989650451656594,0.0367414484528629,0.5591435217846685,1.288284116526358,0.0,1.0,0.0,1.0
735612.0,1.9398727410127776,1.6723159419840037,-1.3817467761654108,0.7555958747045297,1.2918237007793825,0.4025272755227504,0.0,1.0,0.0,1.0
487284.0,0.9858948888967268,-0.2049003943842905,0.0053944380553026,0.0367414484528629,-0.4991722923188056,0.4025272755227504,0.0,1.0,1.0,0.0
509464.0,0.2439121150286872,0.7096292397493628,-1.3817467761654108,0.0367414484528629,0.9254836112820256,-1.3689864064844643,0.0,1.0,1.0,0.0
689777.0,0.2439121150286872,1.977504528174869,0.6989650451656594,0.7555958747045297,1.3325281551679775,-1.3689864064844643,0.0,1.0,1.0,0.0
389398.0,-0.4980706588393523,-0.4407411348251235,0.6989650451656594,0.7555958747045297,-0.2549455659872344,0.4025272755227504,1.0,0.0,0.0,1.0
226716.0,-1.0280583544593809,-1.2260933532911007,-0.688176169055054,-0.6821129777988038,-0.2956500203758296,-0.483229565480857,1.0,0.0,1.0,0.0
702980.0,1.0918924280207325,1.94657690233496,-0.688176169055054,-0.6821129777988038,1.780277153442524,0.4025272755227504,1.0,0.0,1.0,0.0
472853.0,0.0319170367806759,-0.0984115899578742,0.6989650451656594,-0.6821129777988038,-0.1735366572100444,1.288284116526358,0.0,1.0,1.0,0.0
677247.0,-0.3920731197153467,1.9112896033005733,-0.688176169055054,1.4744503009561964,-0.7433990186503765,1.288284116526358,0.0,1.0,0.0,1.0
632405.0,1.0918924280207325,0.7736946716864439,0.0053944380553026,1.4744503009561964,-0.2142411115986396,1.288284116526358,0.0,1.0,1.0,0.0
541916.0,0.2439121150286872,0.7720021979035125,0.0053944380553026,-1.4009674040504705,-0.2956500203758296,1.288284116526358,1.0,0.0,0.0,1.0
347334.0,-1.1340558935833862,-0.3825500021630262,-1.3817467761654108,-1.4009674040504705,-0.5398767467074009,1.288284116526358,0.0,1.0,1.0,0.0
643578.0,1.833875201888772,0.4957717642723864,0.6989650451656594,0.7555958747045297,1.047596974447811,1.288284116526358,0.0,1.0,0.0,1.0
351251.0,-0.8160632762113693,-0.2863925099539616,-0.688176169055054,-1.4009674040504705,-1.028330199370543,-0.483229565480857,0.0,1.0,1.0,0.0
512932.0,-0.8160632762113693,0.9919675255567348,-0.688176169055054,-1.4009674040504705,0.111394523510122,0.4025272755227504,0.0,1.0,0.0,1.0
559499.0,1.197889967144738,0.1195711227607343,0.6989650451656594,1.4744503009561964,-0.2142411115986396,0.4025272755227504,0.0,1.0,1.0,0.0
556659.0,-0.3920731197153467,1.0267455240068148,0.0053944380553026,1.4744503009561964,0.0706900691215268,0.4025272755227504,1.0,0.0,0.0,1.0
495612.0,1.3038875062687438,-0.2997591605604313,0.0053944380553026,0.0367414484528629,0.5591435217846685,0.4025272755227504,0.0,1.0,0.0,1.0
530443.0,0.9858948888967268,-0.1254169171022632,0.6989650451656594,1.4744503009561964,2.0245038797740955,0.4025272755227504,0.0,1.0,1.0,0.0
338728.0,-0.922060815335375,-0.3067896285037739,-1.3817467761654108,-0.6821129777988038,-0.4177633835416152,0.4025272755227504,1.0,0.0,1.0,0.0
240591.0,-0.1800780414673354,-2.1953060757159424,0.0053944380553026,0.7555958747045297,1.576754881499548,1.288284116526358,0.0,1.0,1.0,0.0
545312.0,2.0458702801367834,-0.0543697509625794,-1.3817467761654108,0.7555958747045297,0.5184390673960743,0.4025272755227504,0.0,1.0,1.0,0.0
546283.0,0.5619047324007043,0.6510346479314594,0.0053944380553026,0.0367414484528629,0.477734613007479,0.4025272755227504,1.0,0.0,0.0,1.0
308351.0,-1.240053432707392,-0.7022586904853544,-1.3817467761654108,1.4744503009561964,-0.092127748432854,-0.483229565480857,0.0,1.0,0.0,1.0
411841.0,0.4559071932766985,-0.1550445976509599,-1.3817467761654108,-1.4009674040504705,1.943094970996905,-1.3689864064844643,0.0,1.0,0.0,1.0
521360.0,0.7738998106487155,0.2874543024684181,0.0053944380553026,-1.4009674040504705,0.640552430561859,0.4025272755227504,0.0,1.0,1.0,0.0
646063.0,0.6679022715247098,1.376250867857362,0.0053944380553026,0.0367414484528629,0.1928034322873125,1.288284116526358,1.0,0.0,1.0,0.0
238785.0,-3.360004215187505,-0.5489742446757332,0.0053944380553026,1.4744503009561964,-0.5398767467074009,0.4025272755227504,1.0,0.0,1.0,0.0
470677.0,1.6218801236407607,-0.295135330881062,0.6989650451656594,0.0367414484528629,0.4370301586188838,-1.3689864064844643,1.0,0.0,0.0,1.0
371193.0,-2.088033745699437,0.2043065531333225,-1.3817467761654108,-1.4009674040504705,0.3963257042302885,1.288284116526358,0.0,1.0,0.0,1.0
417839.0,-0.1800780414673354,-0.3439284568233589,-0.688176169055054,1.4744503009561964,-0.2142411115986396,1.288284116526358,1.0,0.0,1.0,0.0
399879.0,0.8798973497727212,-0.8697817109345394,0.0053944380553026,-0.6821129777988038,0.640552430561859,1.288284116526358,1.0,0.0,0.0,1.0
440596.0,0.2439121150286872,-0.2200488376173855,-0.688176169055054,-1.4009674040504705,-0.4991722923188056,1.288284116526358,0.0,1.0,0.0,1.0
362658.0,1.3038875062687438,-1.443291209704441,0.6989650451656594,0.0367414484528629,1.780277153442524,0.4025272755227504,1.0,0.0,1.0,0.0
306345.0,-0.604068197963358,-1.1266897970755936,0.6989650451656594,1.4744503009561964,-0.0107188396556635,-1.3689864064844643,0.0,1.0,0.0,1.0
385099.0,-2.724018980443472,0.9817973839971472,0.0053944380553026,-0.6821129777988038,-1.028330199370543,-1.3689864064844643,1.0,0.0,0.0,1.0
548623.0,-1.982036206575432,1.1327410990476057,1.392535652276016,1.4744503009561964,0.111394523510122,1.288284116526358,0.0,1.0,1.0,0.0
586339.0,-0.604068197963358,1.358986313916998,0.6989650451656594,0.7555958747045297,0.111394523510122,0.4025272755227504,1.0,0.0,0.0,1.0
498865.0,0.6679022715247098,0.3507542297785478,0.6989650451656594,0.0367414484528629,0.7626657937276446,-1.3689864064844643,1.0,0.0,0.0,1.0
443176.0,0.4559071932766985,0.0300925526338849,-0.688176169055054,0.0367414484528629,-0.5805812010959961,-0.483229565480857,1.0,0.0,0.0,1.0
676704.0,0.9858948888967268,1.5865616262276625,-1.3817467761654108,0.7555958747045297,0.111394523510122,0.4025272755227504,0.0,1.0,0.0,1.0
464574.0,0.1379145759046816,0.1175540883236509,-1.3817467761654108,0.0367414484528629,-0.1328322028214492,0.4025272755227504,0.0,1.0,0.0,1.0
599537.0,0.2439121150286872,1.0211649445076771,-1.3817467761654108,1.4744503009561964,-0.3363544747644248,1.288284116526358,0.0,1.0,0.0,1.0
730450.0,1.3038875062687438,1.84133854317216,-1.3817467761654108,1.4744503009561964,0.8847791568934302,0.4025272755227504,0.0,1.0,0.0,1.0
310019.0,-1.240053432707392,-0.8070648132175645,0.6989650451656594,0.7555958747045297,1.4953459727223584,-1.3689864064844643,0.0,1.0,1.0,0.0
402094.0,-1.452048510955403,0.0176995492358676,-0.688176169055054,0.7555958747045297,1.5360504271109536,0.4025272755227504,0.0,1.0,0.0,1.0
359974.0,-1.1340558935833862,-0.2812567851006862,-1.3817467761654108,0.0367414484528629,-0.1735366572100444,0.4025272755227504,0.0,1.0,0.0,1.0
349844.0,-0.286075580591341,-0.526907736726023,-0.688176169055054,1.4744503009561964,0.4370301586188838,-1.3689864064844643,1.0,0.0,0.0,1.0
571715.0,-1.0280583544593809,1.4973906736619584,1.392535652276016,0.0367414484528629,-0.5805812010959961,-1.3689864064844643,0.0,1.0,1.0,0.0
533187.0,-2.088033745699437,1.537065032215031,0.6989650451656594,-0.6821129777988038,-0.7026945642617818,1.288284116526358,1.0,0.0,0.0,1.0
348666.0,-0.0740805023433297,-0.6998790655540108,-0.688176169055054,-0.6821129777988038,0.5998479761732637,0.4025272755227504,1.0,0.0,0.0,1.0
498682.0,2.575857975756812,-0.6414179203732124,0.6989650451656594,-0.6821129777988038,0.1928034322873125,0.4025272755227504,1.0,0.0,1.0,0.0
379213.0,0.6679022715247098,-0.95785187101757,0.0053944380553026,0.7555958747045297,-0.9469212905933526,-0.483229565480857,0.0,1.0,1.0,0.0
469234.0,-0.604068197963358,0.3392582159029018,1.392535652276016,-0.6821129777988038,-0.8248079274275669,-0.483229565480857,0.0,1.0,0.0,1.0
332175.0,-0.8160632762113693,-0.8648786927156384,0.0053944380553026,0.0367414484528629,0.4370301586188838,0.4025272755227504,0.0,1.0,0.0,1.0
431062.0,-1.0280583544593809,0.4525539515952224,1.392535652276016,-0.6821129777988038,0.3149167954530981,-1.3689864064844643,1.0,0.0,1.0,0.0
603339.0,0.4559071932766985,1.835410064709364,-1.3817467761654108,-1.4009674040504705,-0.8655123818161622,-1.3689864064844643,1.0,0.0,1.0,0.0
728506.0,0.8798973497727212,2.0311520136822416,0.0053944380553026,-1.4009674040504705,-1.3132613800907091,1.288284116526358,0.0,1.0,0.0,1.0
344321.0,-0.8160632762113693,-0.107674780584673,-1.3817467761654108,-0.6821129777988038,1.8616860622197144,-1.3689864064844643,1.0,0.0,0.0,1.0
348293.0,0.0319170367806759,-1.094859925671598,0.6989650451656594,0.7555958747045297,0.2335078866759077,-0.483229565480857,0.0,1.0,0.0,1.0
614415.0,0.9858948888967268,1.472264654295755,-1.3817467761654108,1.4744503009561964,-1.8017148327538512,-1.3689864064844643,1.0,0.0,0.0,1.0
334965.0,-0.4980706588393523,-0.8604885165356103,1.392535652276016,-1.4009674040504705,-0.2956500203758296,-0.483229565480857,0.0,1.0,0.0,1.0
496622.0,0.2439121150286872,0.2853166778733345,-1.3817467761654108,1.4744503009561964,-0.5805812010959961,1.288284116526358,1.0,0.0,1.0,0.0
291704.0,-0.8160632762113693,-0.8605826342445907,-0.688176169055054,0.0367414484528629,1.5360504271109536,-0.483229565480857,1.0,0.0,0.0,1.0
259846.0,-0.286075580591341,-1.799146260410095,0.6989650451656594,1.4744503009561964,0.9254836112820256,0.4025272755227504,1.0,0.0,1.0,0.0
443179.0,-0.922060815335375,0.3535704787439974,-0.688176169055054,0.0367414484528629,-0.8655123818161622,1.288284116526358,1.0,0.0,0.0,1.0
394023.0,-1.6640435892034149,0.3952337777670304,-1.3817467761654108,1.4744503009561964,-0.5398767467074009,-1.3689864064844643,0.0,1.0,1.0,0.0
587528.0,0.1379145759046816,1.331526137569586,-1.3817467761654108,-0.6821129777988038,-0.092127748432854,1.288284116526358,1.0,0.0,0.0,1.0
577276.0,1.4098850453927494,0.6164266141186027,0.6989650451656594,-1.4009674040504705,0.4370301586188838,0.4025272755227504,1.0,0.0,1.0,0.0
546611.0,-0.3920731197153467,1.1644888759573764,-1.3817467761654108,0.0367414484528629,-1.3946702888678997,1.288284116526358,1.0,0.0,1.0,0.0
421064.0,0.8798973497727212,-0.4948845546823421,0.6989650451656594,-0.6821129777988038,0.477734613007479,-0.483229565480857,1.0,0.0,0.0,1.0
492714.0,0.8798973497727212,0.0223597974760023,0.0053944380553026,-1.4009674040504705,0.8847791568934302,1.288284116526358,1.0,0.0,0.0,1.0
388724.0,0.2439121150286872,-0.7469082037900573,1.392535652276016,-1.4009674040504705,-1.3539658344793042,1.288284116526358,1.0,0.0,0.0,1.0
491807.0,0.1379145759046816,0.4166291149219953,0.0053944380553026,-1.4009674040504705,0.9254836112820256,-0.483229565480857,0.0,1.0,0.0,1.0
425179.0,0.1379145759046816,-0.7549394376674259,1.392535652276016,0.0367414484528629,0.640552430561859,1.288284116526358,0.0,1.0,0.0,1.0
470699.0,0.6679022715247098,0.3654131204369665,-1.3817467761654108,-1.4009674040504705,-0.5398767467074009,-1.3689864064844643,0.0,1.0,1.0,0.0
400969.0,0.3499096541526929,-0.2436137366587704,-1.3817467761654108,0.0367414484528629,0.3149167954530981,-0.483229565480857,1.0,0.0,1.0,0.0
502796.0,-2.51202390219546,1.353212834254123,0.6989650451656594,-0.6821129777988038,0.6812568849504541,0.4025272755227504,0.0,1.0,0.0,1.0
413481.0,-0.0740805023433297,0.0166799817925052,0.0053944380553026,-1.4009674040504705,-0.092127748432854,-0.483229565480857,1.0,0.0,1.0,0.0
333110.0,-1.0280583544593809,-0.4832491349174163,-1.3817467761654108,0.7555958747045297,0.6812568849504541,0.4025272755227504,1.0,0.0,1.0,0.0
447801.0,0.7738998106487155,-0.2025070427511427,0.0053944380553026,-0.6821129777988038,-1.1097391081477337,0.4025272755227504,1.0,0.0,0.0,1.0
308789.0,-0.1800780414673354,-1.233067091449375,0.0053944380553026,-0.6821129777988038,0.477734613007479,1.288284116526358,1.0,0.0,1.0,0.0
505716.0,0.1379145759046816,0.4530445962590151,0.6989650451656594,-1.4009674040504705,0.8847791568934302,-0.483229565480857,0.0,1.0,0.0,1.0
667303.0,2.575857975756812,0.6682542734011573,1.392535652276016,0.0367414484528629,0.2335078866759077,-0.483229565480857,0.0,1.0,0.0,1.0
624397.0,0.2439121150286872,1.3245129714615038,0.0053944380553026,1.4744503009561964,-0.0514232940442587,-0.483229565480857,0.0,1.0,1.0,0.0
470938.0,0.8798973497727212,0.0889681449683989,-0.688176169055054,0.0367414484528629,-0.2549455659872344,-0.483229565480857,1.0,0.0,1.0,0.0
238091.0,-2.3000288239474487,-0.6390937153668507,-1.3817467761654108,0.0367414484528629,0.640552430561859,-1.3689864064844643,0.0,1.0,0.0,1.0
545415.0,-0.922060815335375,1.0048239370108472,0.6989650451656594,0.0367414484528629,0.3963257042302885,0.4025272755227504,0.0,1.0,1.0,0.0
455331.0,-0.8160632762113693,0.3257703667070717,-0.688176169055054,0.0367414484528629,0.5591435217846685,0.4025272755227504,0.0,1.0,0.0,1.0
565927.0,0.7738998106487155,0.9546845789970426,-1.3817467761654108,-1.4009674040504705,-0.6619901098731865,1.288284116526358,1.0,0.0,1.0,0.0
533586.0,2.3638628975088003,-0.1689955455307604,0.6989650451656594,-0.6821129777988038,0.8033702481162398,-1.3689864064844643,0.0,1.0,1.0,0.0
398190.0,-1.7700411283274202,0.0302241794614406,0.0053944380553026,1.4744503009561964,-0.5805812010959961,0.4025272755227504,0.0,1.0,1.0,0.0
304204.0,-0.8160632762113693,-1.320857770585484,1.392535652276016,0.7555958747045297,-0.8248079274275669,0.4025272755227504,0.0,1.0,0.0,1.0
380605.0,0.8798973497727212,-0.3370556854410236,-1.3817467761654108,-1.4009674040504705,-1.028330199370543,-1.3689864064844643,1.0,0.0,0.0,1.0
541295.0,0.6679022715247098,0.2541183595896789,0.0053944380553026,-0.6821129777988038,2.3094350604942617,1.288284116526358,0.0,1.0,0.0,1.0
373992.0,1.0918924280207325,-0.818526264046696,-1.3817467761654108,-1.4009674040504705,0.8847791568934302,0.4025272755227504,1.0,0.0,1.0,0.0
634396.0,0.1379145759046816,1.416467764893992,0.6989650451656594,1.4744503009561964,-1.47607919764509,-0.483229565480857,0.0,1.0,1.0,0.0
600434.0,1.197889967144738,0.4769813197994521,0.0053944380553026,0.7555958747045297,0.7626657937276446,1.288284116526358,0.0,1.0,0.0,1.0
574737.0,1.833875201888772,0.4088180318610776,0.6989650451656594,0.0367414484528629,0.5998479761732637,-0.483229565480857,1.0,0.0,0.0,1.0
511001.0,-0.1800780414673354,0.6175508749938768,0.0053944380553026,0.0367414484528629,1.413937063945168,0.4025272755227504,1.0,0.0,1.0,0.0
459674.0,-1.0280583544593809,0.3019346720909138,0.6989650451656594,1.4744503009561964,-0.2549455659872344,-0.483229565480857,0.0,1.0,0.0,1.0
387774.0,0.5619047324007043,-0.3279065000315422,-1.3817467761654108,-1.4009674040504705,0.640552430561859,-0.483229565480857,1.0,0.0,0.0,1.0
561527.0,0.6679022715247098,0.6150892419189185,0.0053944380553026,0.0367414484528629,0.2742123410645029,1.288284116526358,1.0,0.0,0.0,1.0
568451.0,1.197889967144738,0.700986043379202,0.6989650451656594,-1.4009674040504705,-1.8017148327538512,0.4025272755227504,1.0,0.0,0.0,1.0
463949.0,-2.088033745699437,0.9297595825125364,1.392535652276016,-0.6821129777988038,0.2335078866759077,0.4025272755227504,1.0,0.0,1.0,0.0
356617.0,0.7738998106487155,-0.8183000442798223,-1.3817467761654108,0.7555958747045297,-1.8017148327538512,-0.483229565480857,1.0,0.0,1.0,0.0
260874.0,1.5158825845167552,-2.201741103041714,0.0053944380553026,0.0367414484528629,1.1697103376135969,-0.483229565480857,1.0,0.0,1.0,0.0
564210.0,0.0319170367806759,0.8387902059298642,1.392535652276016,0.0367414484528629,-0.3363544747644248,-0.483229565480857,0.0,1.0,0.0,1.0
310173.0,-2.406026363071454,-0.3557321941029822,1.392535652276016,-0.6821129777988038,1.454641518333763,0.4025272755227504,1.0,0.0,0.0,1.0
389226.0,0.2439121150286872,-1.0873876064810066,1.392535652276016,-0.6821129777988038,1.6174593358881433,1.288284116526358,0.0,1.0,0.0,1.0
478933.0,1.5158825845167552,-0.2618870026781706,0.0053944380553026,0.0367414484528629,0.3149167954530981,-1.3689864064844643,0.0,1.0,1.0,0.0
92573.0,-0.604068197963358,-2.8858745317038377,0.0053944380553026,0.0367414484528629,-0.7433990186503765,0.4025272755227504,1.0,0.0,1.0,0.0
492840.0,-0.0740805023433297,0.7008894939184455,-1.3817467761654108,1.4744503009561964,2.1059127885512856,-1.3689864064844643,1.0,0.0,0.0,1.0
565609.0,0.4559071932766985,1.2698968911074182,-0.688176169055054,-1.4009674040504705,-0.7841034730389718,-0.483229565480857,1.0,0.0,0.0,1.0
379387.0,0.6679022715247098,-0.8557989129519546,-1.3817467761654108,0.7555958747045297,-1.272556925702114,1.288284116526358,1.0,0.0,0.0,1.0
313096.0,0.2439121150286872,-1.2329975041256809,0.0053944380553026,0.7555958747045297,-1.0690346537591382,-1.3689864064844643,0.0,1.0,0.0,1.0
614539.0,0.1379145759046816,1.3441794324567364,1.392535652276016,0.7555958747045297,0.0706900691215268,-0.483229565480857,1.0,0.0,0.0,1.0
419209.0,-0.3920731197153467,-0.177310402657649,0.0053944380553026,1.4744503009561964,1.9023905166083095,-1.3689864064844643,0.0,1.0,0.0,1.0
483723.0,0.6679022715247098,-0.4512833744133221,1.392535652276016,0.0367414484528629,0.5591435217846685,1.288284116526358,0.0,1.0,1.0,0.0
462692.0,-1.1340558935833862,0.4048286864020997,-1.3817467761654108,0.7555958747045297,0.8440747025048351,1.288284116526358,0.0,1.0,1.0,0.0
423649.0,-1.5580460500794089,0.3577847493839616,-1.3817467761654108,0.7555958747045297,1.1697103376135969,0.4025272755227504,0.0,1.0,0.0,1.0
333617.0,-0.4980706588393523,-0.872581593701777,1.392535652276016,-1.4009674040504705,-0.2956500203758296,-0.483229565480857,0.0,1.0,1.0,0.0
508730.0,2.3638628975088003,-0.1497616853950974,0.0053944380553026,-1.4009674040504705,-0.4177633835416152,-0.483229565480857,1.0,0.0,0.0,1.0
570259.0,0.1379145759046816,0.8921681669398288,-1.3817467761654108,1.4744503009561964,1.047596974447811,0.4025272755227504,0.0,1.0,1.0,0.0
410236.0,1.3038875062687438,-0.6010073285843576,0.0053944380553026,-1.4009674040504705,0.0706900691215268,-0.483229565480857,1.0,0.0,1.0,0.0
390765.0,0.2439121150286872,-0.5307584896831425,1.392535652276016,0.7555958747045297,-1.231852471313519,-1.3689864064844643,1.0,0.0,1.0,0.0
507805.0,0.2439121150286872,0.0119648013818412,1.392535652276016,1.4744503009561964,-0.1328322028214492,1.288284116526358,1.0,0.0,1.0,0.0
547876.0,0.9858948888967268,0.694935721810904,-0.688176169055054,-1.4009674040504705,-0.4177633835416152,-0.483229565480857,0.0,1.0,1.0,0.0
515954.0,-0.922060815335375,1.0145933297161989,1.392535652276016,-0.6821129777988038,0.9254836112820256,-0.483229565480857,1.0,0.0,0.0,1.0
353974.0,0.2439121150286872,-0.7303123680978546,-0.688176169055054,0.7555958747045297,-1.1097391081477337,-0.483229565480857,1.0,0.0,0.0,1.0
410997.0,0.8798973497727212,-0.977289159725224,0.6989650451656594,-1.4009674040504705,0.8033702481162398,1.288284116526358,0.0,1.0,0.0,1.0
369860.0,0.2439121150286872,-1.0444625704546175,1.392535652276016,0.7555958747045297,-0.8655123818161622,-0.483229565480857,0.0,1.0,1.0,0.0
498005.0,-0.1800780414673354,0.4282689166215528,-1.3817467761654108,1.4744503009561964,-0.4584678379302104,0.4025272755227504,0.0,1.0,0.0,1.0
139618.0,-1.1340558935833862,-2.484862262768935,-0.688176169055054,1.4744503009561964,1.2511192463907872,1.288284116526358,1.0,0.0,0.0,1.0
480273.0,2.575857975756812,-0.7101334032780114,-1.3817467761654108,-0.6821129777988038,-0.0107188396556635,0.4025272755227504,0.0,1.0,1.0,0.0
645135.0,0.7738998106487155,1.569342988223157,-1.3817467761654108,-0.6821129777988038,-1.1504435625363287,0.4025272755227504,0.0,1.0,1.0,0.0
479577.0,-0.4980706588393523,0.6052181695451245,-1.3817467761654108,-0.6821129777988038,0.7219613393390494,1.288284116526358,1.0,0.0,0.0,1.0
322152.0,-0.604068197963358,-0.9588487842094152,0.6989650451656594,-1.4009674040504705,0.5591435217846685,1.288284116526358,1.0,0.0,0.0,1.0
225697.0,-0.8160632762113693,-1.3769920930322928,-1.3817467761654108,-1.4009674040504705,0.5998479761732637,-0.483229565480857,0.0,1.0,1.0,0.0
430026.0,-2.194031284823443,1.1758405786728994,-1.3817467761654108,-0.6821129777988038,-0.1328322028214492,-0.483229565480857,1.0,0.0,1.0,0.0
536337.0,0.3499096541526929,0.6102428392240321,-0.688176169055054,0.0367414484528629,-0.9876257449819478,0.4025272755227504,0.0,1.0,0.0,1.0
271578.0,0.1379145759046816,-1.5256541608847414,1.392535652276016,0.0367414484528629,-0.092127748432854,-1.3689864064844643,1.0,0.0,0.0,1.0
414894.0,-0.4980706588393523,-0.1765526691640206,0.0053944380553026,0.7555958747045297,0.0299856147329316,-0.483229565480857,0.0,1.0,1.0,0.0
282165.0,-0.4980706588393523,-1.2462849881457487,1.392535652276016,0.7555958747045297,0.4370301586188838,-1.3689864064844643,1.0,0.0,0.0,1.0
448342.0,0.2439121150286872,0.0033221860644169,0.0053944380553026,-1.4009674040504705,0.2742123410645029,-0.483229565480857,0.0,1.0,1.0,0.0
243016.0,-1.0280583544593809,-1.4705796277956034,0.6989650451656594,0.7555958747045297,2.0245038797740955,-0.483229565480857,1.0,0.0,1.0,0.0
518549.0,0.7738998106487155,0.4766701248438278,-1.3817467761654108,-1.4009674040504705,-0.4177633835416152,0.4025272755227504,0.0,1.0,1.0,0.0
329245.0,-0.286075580591341,-0.9432108683177972,0.0053944380553026,0.0367414484528629,-0.7026945642617818,-0.483229565480857,0.0,1.0,0.0,1.0
266437.0,-2.8300165195674767,-0.1546329264261844,-0.688176169055054,-0.6821129777988038,-0.2142411115986396,-1.3689864064844643,0.0,1.0,0.0,1.0
533939.0,0.0319170367806759,0.5748215099717995,0.6989650451656594,-0.6821129777988038,0.111394523510122,0.4025272755227504,0.0,1.0,0.0,1.0
530236.0,1.9398727410127776,0.0665235128467766,0.6989650451656594,-1.4009674040504705,0.2335078866759077,-1.3689864064844643,0.0,1.0,0.0,1.0
302744.0,-1.3460509718313975,-0.9122627147790576,0.6989650451656594,-0.6821129777988038,-0.0107188396556635,0.4025272755227504,0.0,1.0,0.0,1.0
501742.0,0.2439121150286872,0.4860281009245508,-1.3817467761654108,0.7555958747045297,0.8440747025048351,0.4025272755227504,1.0,0.0,1.0,0.0
450845.0,0.7738998106487155,0.0082866683309347,0.6989650451656594,-0.6821129777988038,-1.231852471313519,-1.3689864064844643,1.0,0.0,0.0,1.0
561092.0,-0.286075580591341,0.6152274796925967,0.6989650451656594,1.4744503009561964,0.1520989778987173,1.288284116526358,0.0,1.0,0.0,1.0
518453.0,0.5619047324007043,0.7404826599301723,-1.3817467761654108,-0.6821129777988038,0.3963257042302885,-1.3689864064844643,0.0,1.0,1.0,0.0
601736.0,0.4559071932766985,1.3773537167867884,0.0053944380553026,-0.6821129777988038,-0.3363544747644248,-1.3689864064844643,0.0,1.0,0.0,1.0
368947.0,0.5619047324007043,-0.8139915377482881,1.392535652276016,0.0367414484528629,-0.6212856554845914,-1.3689864064844643,1.0,0.0,1.0,0.0
377264.0,-0.7100657370873636,-0.1691895835518482,-0.688176169055054,-0.6821129777988038,-0.9062168362047572,-0.483229565480857,0.0,1.0,0.0,1.0
328119.0,0.6679022715247098,-1.0214995647001006,-1.3817467761654108,-0.6821129777988038,0.6812568849504541,-1.3689864064844643,0.0,1.0,0.0,1.0
457641.0,0.0319170367806759,-0.0200094693175488,1.392535652276016,0.7555958747045297,0.111394523510122,-0.483229565480857,1.0,0.0,1.0,0.0
406731.0,-0.7100657370873636,-0.2466468802770242,1.392535652276016,-0.6821129777988038,1.2918237007793825,-0.483229565480857,0.0,1.0,1.0,0.0
534335.0,0.3499096541526929,0.8255593098915939,-0.688176169055054,-0.6821129777988038,-0.5805812010959961,0.4025272755227504,1.0,0.0,1.0,0.0
314118.0,-0.604068197963358,-0.8487979207348818,0.0053944380553026,0.0367414484528629,0.477734613007479,-1.3689864064844643,0.0,1.0,0.0,1.0
486662.0,0.9858948888967268,0.1183427672686786,-1.3817467761654108,-0.6821129777988038,1.0883014288364063,-0.483229565480857,0.0,1.0,0.0,1.0
566305.0,0.3499096541526929,0.8602807910158722,0.6989650451656594,0.0367414484528629,-0.4177633835416152,0.4025272755227504,1.0,0.0,0.0,1.0
570186.0,0.5619047324007043,0.9426491985173984,-1.3817467761654108,1.4744503009561964,-0.4991722923188056,0.4025272755227504,1.0,0.0,0.0,1.0
167354.0,-1.6640435892034149,-1.2073597613914793,-1.3817467761654108,-1.4009674040504705,-0.0107188396556635,-1.3689864064844643,1.0,0.0,0.0,1.0
168657.0,-1.982036206575432,-1.5191139802288671,0.0053944380553026,-1.4009674040504705,0.2742123410645029,0.4025272755227504,1.0,0.0,0.0,1.0
375500.0,-0.286075580591341,-0.585177583359092,-1.3817467761654108,1.4744503009561964,-0.3363544747644248,1.288284116526358,1.0,0.0,0.0,1.0
630527.0,0.3499096541526929,1.5733159227368332,-1.3817467761654108,0.0367414484528629,2.228026151717071,-0.483229565480857,0.0,1.0,1.0,0.0
551616.0,0.0319170367806759,1.1223616800702083,-1.3817467761654108,0.7555958747045297,0.5591435217846685,-1.3689864064844643,0.0,1.0,1.0,0.0
368757.0,1.0918924280207325,-0.8170395745038264,-1.3817467761654108,1.4744503009561964,-0.5805812010959961,-1.3689864064844643,1.0,0.0,1.0,0.0
478949.0,-0.604068197963358,0.6399584815061414,-1.3817467761654108,-1.4009674040504705,1.5360504271109536,0.4025272755227504,0.0,1.0,1.0,0.0
344338.0,-1.7700411283274202,-0.0290082926624381,-0.688176169055054,1.4744503009561964,-1.1911480169249238,-0.483229565480857,1.0,0.0,0.0,1.0
234175.0,-0.7100657370873636,-1.5189550812333816,-0.688176169055054,0.0367414484528629,-0.9469212905933526,-0.483229565480857,0.0,1.0,0.0,1.0
737237.0,0.5619047324007043,2.398841199532987,1.392535652276016,-1.4009674040504705,2.146617242939881,-0.483229565480857,1.0,0.0,0.0,1.0
381509.0,0.1379145759046816,-0.2966392299835143,-1.3817467761654108,-1.4009674040504705,2.0652083341626906,-1.3689864064844643,0.0,1.0,1.0,0.0
507780.0,-0.3920731197153467,0.1615784479137818,0.6989650451656594,1.4744503009561964,0.7626657937276446,1.288284116526358,0.0,1.0,1.0,0.0
258560.0,-0.604068197963358,-1.173207332872455,0.0053944380553026,0.0367414484528629,0.640552430561859,-1.3689864064844643,1.0,0.0,0.0,1.0
335500.0,0.7738998106487155,-0.826978758878405,-0.688176169055054,-1.4009674040504705,0.1928034322873125,-1.3689864064844643,1.0,0.0,0.0,1.0
536086.0,1.4098850453927494,-0.3937510453591176,1.392535652276016,1.4744503009561964,-0.5398767467074009,1.288284116526358,0.0,1.0,0.0,1.0
371318.0,0.3499096541526929,-1.2848404524146435,1.392535652276016,1.4744503009561964,-0.6619901098731865,0.4025272755227504,0.0,1.0,0.0,1.0
405504.0,-1.3460509718313975,0.5081135076284135,0.6989650451656594,-1.4009674040504705,0.5184390673960743,-1.3689864064844643,1.0,0.0,0.0,1.0
583936.0,-0.3920731197153467,1.8802435406025484,-1.3817467761654108,-1.4009674040504705,-0.7026945642617818,-0.483229565480857,1.0,0.0,0.0,1.0
474633.0,-0.8160632762113693,0.6425033828164639,0.6989650451656594,0.0367414484528629,-1.0690346537591382,-1.3689864064844643,0.0,1.0,1.0,0.0
472049.0,1.197889967144738,-0.4263799244337103,1.392535652276016,0.7555958747045297,0.0299856147329316,-1.3689864064844643,0.0,1.0,0.0,1.0
704856.0,0.1379145759046816,2.5259689958039444,-0.688176169055054,0.0367414484528629,-0.9876257449819478,-0.483229565480857,1.0,0.0,0.0,1.0
341672.0,-0.7100657370873636,-0.5926088237068042,-1.3817467761654108,1.4744503009561964,-1.1504435625363287,-0.483229565480857,0.0,1.0,0.0,1.0
283650.0,-0.0740805023433297,-1.0938939203954368,0.6989650451656594,-1.4009674040504705,-0.37705892915302,-1.3689864064844643,1.0,0.0,0.0,1.0
508960.0,1.0918924280207325,0.064497360130817,-0.688176169055054,0.0367414484528629,-0.0514232940442587,1.288284116526358,1.0,0.0,0.0,1.0
535265.0,0.1379145759046816,0.7437341397990754,0.6989650451656594,-1.4009674040504705,0.111394523510122,-0.483229565480857,0.0,1.0,0.0,1.0
397230.0,1.3038875062687438,-1.0824166626364182,-1.3817467761654108,0.7555958747045297,0.9254836112820256,0.4025272755227504,0.0,1.0,1.0,0.0
551919.0,-0.4980706588393523,0.760362636927434,1.392535652276016,0.7555958747045297,-0.6212856554845914,0.4025272755227504,0.0,1.0,0.0,1.0
654136.0,1.5158825845167552,1.3773529686658297,-0.688176169055054,-1.4009674040504705,2.350139514882857,0.4025272755227504,1.0,0.0,1.0,0.0
266229.0,0.4559071932766985,-1.7382833704830123,-1.3817467761654108,1.4744503009561964,-0.5398767467074009,0.4025272755227504,1.0,0.0,0.0,1.0
313607.0,-1.0280583544593809,-0.9448992631292972,0.6989650451656594,1.4744503009561964,-0.8248079274275669,0.4025272755227504,1.0,0.0,0.0,1.0
517449.0,0.1379145759046816,0.978660091199356,-1.3817467761654108,0.7555958747045297,-0.2956500203758296,-1.3689864064844643,1.0,0.0,0.0,1.0
353268.0,-1.6640435892034149,0.0403451874171784,0.6989650451656594,-1.4009674040504705,-0.8655123818161622,-1.3689864064844643,0.0,1.0,1.0,0.0
520778.0,-0.604068197963358,1.342740140551139,-1.3817467761654108,0.0367414484528629,1.1290058832250016,-1.3689864064844643,1.0,0.0,0.0,1.0
461738.0,1.197889967144738,-0.2192207644854676,0.0053944380553026,0.7555958747045297,1.8209816078311192,-1.3689864064844643,1.0,0.0,1.0,0.0
400996.0,0.5619047324007043,-0.5188215836255415,-0.688176169055054,0.7555958747045297,-0.1735366572100444,-1.3689864064844643,0.0,1.0,1.0,0.0
423171.0,1.6218801236407607,-0.7150876206802883,0.6989650451656594,-1.4009674040504705,-1.1097391081477337,-1.3689864064844643,0.0,1.0,1.0,0.0
488322.0,0.8798973497727212,-0.3149224801248303,1.392535652276016,1.4744503009561964,0.3963257042302885,0.4025272755227504,1.0,0.0,0.0,1.0
413217.0,-0.0740805023433297,-0.4464040636198967,1.392535652276016,0.0367414484528629,0.2742123410645029,0.4025272755227504,1.0,0.0,0.0,1.0
640158.0,0.4559071932766985,1.6875395189348634,-1.3817467761654108,-1.4009674040504705,0.0299856147329316,0.4025272755227504,0.0,1.0,1.0,0.0
168075.0,-0.7100657370873636,-2.545364773401372,0.6989650451656594,1.4744503009561964,-0.0514232940442587,1.288284116526358,1.0,0.0,0.0,1.0
563685.0,0.1379145759046816,1.0812615498810685,-0.688176169055054,0.7555958747045297,1.0068925200592158,-1.3689864064844643,0.0,1.0,1.0,0.0
520287.0,0.0319170367806759,0.8605697789637992,-0.688176169055054,0.0367414484528629,-0.7026945642617818,-1.3689864064844643,0.0,1.0,0.0,1.0
344829.0,-1.982036206575432,-0.0829251964976355,-0.688176169055054,0.7555958747045297,1.2511192463907872,0.4025272755227504,1.0,0.0,1.0,0.0
479420.0,0.3499096541526929,0.2992061042035474,-0.688176169055054,0.7555958747045297,0.4370301586188838,-0.483229565480857,1.0,0.0,0.0,1.0
321808.0,0.6679022715247098,-1.5262860367207138,-1.3817467761654108,1.4744503009561964,-0.0107188396556635,0.4025272755227504,0.0,1.0,0.0,1.0
420642.0,1.4098850453927494,-1.0495591732356797,1.392535652276016,0.7555958747045297,-0.4991722923188056,0.4025272755227504,1.0,0.0,1.0,0.0
538594.0,1.4098850453927494,0.5048834210208248,-0.688176169055054,-0.6821129777988038,-0.5805812010959961,-1.3689864064844643,0.0,1.0,1.0,0.0
541401.0,1.833875201888772,-0.3186978017098458,0.6989650451656594,1.4744503009561964,-0.0107188396556635,0.4025272755227504,0.0,1.0,0.0,1.0
350100.0,-1.240053432707392,-0.2778828962599439,-1.3817467761654108,-0.6821129777988038,0.4370301586188838,0.4025272755227504,0.0,1.0,0.0,1.0
598912.0,-0.1800780414673354,1.5915669676882924,0.0053944380553026,-0.6821129777988038,0.5591435217846685,-1.3689864064844643,0.0,1.0,1.0,0.0
479861.0,0.0319170367806759,0.1896628336719496,1.392535652276016,0.0367414484528629,0.477734613007479,-1.3689864064844643,0.0,1.0,0.0,1.0
437759.0,-0.7100657370873636,0.2354021154487294,1.392535652276016,1.4744503009561964,-1.47607919764509,-1.3689864064844643,1.0,0.0,0.0,1.0
668160.0,0.3499096541526929,1.794323896124716,0.6989650451656594,-1.4009674040504705,-1.028330199370543,1.288284116526358,1.0,0.0,0.0,1.0
353422.0,0.4559071932766985,-1.117477945526562,1.392535652276016,-1.4009674040504705,0.2742123410645029,-0.483229565480857,0.0,1.0,0.0,1.0
451644.0,0.3499096541526929,-0.2048152714568132,1.392535652276016,0.0367414484528629,0.6812568849504541,-1.3689864064844643,0.0,1.0,0.0,1.0
639484.0,0.4559071932766985,0.9269362196832724,1.392535652276016,0.7555958747045297,1.8209816078311192,1.288284116526358,0.0,1.0,0.0,1.0
406757.0,-0.1800780414673354,-0.2836514969657226,-1.3817467761654108,0.7555958747045297,-0.2956500203758296,1.288284116526358,1.0,0.0,0.0,1.0
529219.0,0.1379145759046816,0.2843971261703946,0.6989650451656594,0.0367414484528629,0.1520989778987173,1.288284116526358,0.0,1.0,1.0,0.0
530564.0,1.7278776627647665,-0.0054520020844141,1.392535652276016,0.0367414484528629,-0.2142411115986396,-0.483229565480857,1.0,0.0,0.0,1.0
375255.0,0.3499096541526929,-1.069623853357553,0.6989650451656594,0.0367414484528629,0.6812568849504541,0.4025272755227504,0.0,1.0,0.0,1.0
395702.0,1.5158825845167552,-1.0709996646388271,-1.3817467761654108,1.4744503009561964,0.8440747025048351,0.4025272755227504,1.0,0.0,0.0,1.0
245636.0,-0.3920731197153467,-1.482068015627921,-1.3817467761654108,1.4744503009561964,1.047596974447811,-0.483229565480857,1.0,0.0,0.0,1.0
300795.0,0.2439121150286872,-1.132524209253554,0.6989650451656594,-0.6821129777988038,-0.6619901098731865,-1.3689864064844643,1.0,0.0,1.0,0.0
683345.0,0.9858948888967268,1.4595249859049355,1.392535652276016,-1.4009674040504705,1.0068925200592158,0.4025272755227504,0.0,1.0,0.0,1.0
625652.0,1.197889967144738,1.3191803594092315,-0.688176169055054,0.0367414484528629,-0.9062168362047572,-1.3689864064844643,0.0,1.0,1.0,0.0
402794.0,-0.286075580591341,-0.1249563051012048,-0.688176169055054,0.0367414484528629,1.2918237007793825,-1.3689864064844643,0.0,1.0,0.0,1.0
583940.0,0.8798973497727212,0.7861234477473433,-0.688176169055054,0.0367414484528629,-0.1735366572100444,0.4025272755227504,0.0,1.0,0.0,1.0
491808.0,-0.604068197963358,0.5884492498958591,-1.3817467761654108,-0.6821129777988038,0.477734613007479,1.288284116526358,0.0,1.0,1.0,0.0
536732.0,-1.1340558935833862,0.8820574006710018,0.6989650451656594,0.0367414484528629,0.3963257042302885,1.288284116526358,0.0,1.0,0.0,1.0
476824.0,-0.3920731197153467,0.5356560148722818,-0.688176169055054,0.7555958747045297,0.7219613393390494,-1.3689864064844643,0.0,1.0,1.0,0.0
299576.0,-0.286075580591341,-0.9990116188952746,0.0053944380553026,0.7555958747045297,0.3963257042302885,-1.3689864064844643,1.0,0.0,1.0,0.0
373107.0,1.197889967144738,-0.9529731830156748,0.0053944380553026,-1.4009674040504705,0.640552430561859,-1.3689864064844643,0.0,1.0,0.0,1.0
478932.0,1.197889967144738,-0.4642133934095531,1.392535652276016,0.7555958747045297,-1.028330199370543,-0.483229565480857,0.0,1.0,1.0,0.0
430427.0,-0.8160632762113693,0.4307115717920093,-1.3817467761654108,-1.4009674040504705,-1.231852471313519,1.288284116526358,1.0,0.0,1.0,0.0
348194.0,-0.286075580591341,-0.2335200039016003,-0.688176169055054,-1.4009674040504705,-0.7433990186503765,-1.3689864064844643,1.0,0.0,0.0,1.0
296163.0,-0.286075580591341,-1.5065021837182122,1.392535652276016,-0.6821129777988038,1.2511192463907872,1.288284116526358,1.0,0.0,0.0,1.0
473803.0,-0.0740805023433297,0.3986405304579402,-0.688176169055054,-1.4009674040504705,-0.7026945642617818,1.288284116526358,1.0,0.0,0.0,1.0
438105.0,-0.3920731197153467,-0.0804506766964021,0.0053944380553026,0.0367414484528629,0.0299856147329316,0.4025272755227504,0.0,1.0,1.0,0.0
720977.0,0.6679022715247098,1.954177850989464,0.0053944380553026,0.7555958747045297,1.0068925200592158,1.288284116526358,1.0,0.0,0.0,1.0
514794.0,0.4559071932766985,0.4192044413076708,-0.688176169055054,-0.6821129777988038,-0.37705892915302,0.4025272755227504,0.0,1.0,0.0,1.0
86754.0,-0.1800780414673354,-2.879320316574008,-1.3817467761654108,0.0367414484528629,0.1928034322873125,-1.3689864064844643,0.0,1.0,1.0,0.0
424268.0,-2.3000288239474487,0.9101887281489932,-1.3817467761654108,-1.4009674040504705,0.2335078866759077,0.4025272755227504,0.0,1.0,0.0,1.0
478057.0,0.7738998106487155,0.0990138407624896,-0.688176169055054,0.7555958747045297,-0.6619901098731865,-1.3689864064844643,0.0,1.0,0.0,1.0
481515.0,-0.1800780414673354,-0.1422647654262989,0.6989650451656594,1.4744503009561964,0.111394523510122,1.288284116526358,0.0,1.0,0.0,1.0
656411.0,-0.8160632762113693,1.9912708672679735,1.392535652276016,0.0367414484528629,0.6812568849504541,-0.483229565480857,0.0,1.0,1.0,0.0
439554.0,0.5619047324007043,-0.4245361909475976,-0.688176169055054,1.4744503009561964,1.3325281551679775,-0.483229565480857,0.0,1.0,1.0,0.0
526907.0,0.2439121150286872,0.5112765967834655,-0.688176169055054,-1.4009674040504705,0.8033702481162398,1.288284116526358,0.0,1.0,0.0,1.0
449620.0,-0.4980706588393523,0.1892973608069504,0.6989650451656594,-0.6821129777988038,-0.2549455659872344,-0.483229565480857,0.0,1.0,0.0,1.0
518549.0,0.1379145759046816,0.4865362811345261,0.6989650451656594,1.4744503009561964,0.640552430561859,-0.483229565480857,1.0,0.0,0.0,1.0
406234.0,0.1379145759046816,-0.6745938643889862,-0.688176169055054,0.0367414484528629,1.210414792002192,1.288284116526358,0.0,1.0,1.0,0.0
354238.0,1.197889967144738,-1.3977079567481174,0.6989650451656594,1.4744503009561964,-1.8831237415310416,-1.3689864064844643,0.0,1.0,0.0,1.0
726093.0,2.0458702801367834,1.5532708994088822,-0.688176169055054,0.0367414484528629,0.2742123410645029,0.4025272755227504,0.0,1.0,1.0,0.0
474657.0,0.4559071932766985,-0.0911998214356488,0.0053944380553026,1.4744503009561964,-0.5805812010959961,-0.483229565480857,0.0,1.0,0.0,1.0
359944.0,-0.286075580591341,-0.3236937061716515,-1.3817467761654108,0.7555958747045297,1.780277153442524,-1.3689864064844643,1.0,0.0,0.0,1.0
385630.0,0.0319170367806759,-0.8285054476821033,0.6989650451656594,-1.4009674040504705,0.2742123410645029,1.288284116526358,0.0,1.0,0.0,1.0
520957.0,1.833875201888772,-0.2248866349734413,0.6989650451656594,1.4744503009561964,-0.2549455659872344,-1.3689864064844643,0.0,1.0,0.0,1.0
419223.0,-1.7700411283274202,0.3167255060996465,1.392535652276016,-0.6821129777988038,1.210414792002192,-0.483229565480857,0.0,1.0,0.0,1.0
480336.0,1.9398727410127776,-0.4919956353197961,0.0053944380553026,0.7555958747045297,0.1928034322873125,-1.3689864064844643,0.0,1.0,1.0,0.0
492386.0,-0.3920731197153467,0.7030977288006484,-1.3817467761654108,1.4744503009561964,0.5591435217846685,-1.3689864064844643,0.0,1.0,1.0,0.0
601162.0,-0.286075580591341,1.557925369522997,-1.3817467761654108,0.0367414484528629,0.1520989778987173,1.288284116526358,1.0,0.0,0.0,1.0
534869.0,0.2439121150286872,0.6814087847027649,1.392535652276016,1.4744503009561964,-0.8248079274275669,-1.3689864064844643,1.0,0.0,1.0,0.0
270088.0,0.8798973497727212,-1.9961527438728013,-0.688176169055054,0.0367414484528629,-1.1911480169249238,0.4025272755227504,0.0,1.0,1.0,0.0
303994.0,-1.452048510955403,-0.4632132036893964,-1.3817467761654108,0.7555958747045297,0.3149167954530981,-1.3689864064844643,0.0,1.0,0.0,1.0
594238.0,-0.0740805023433297,1.4361345903790337,0.0053944380553026,-1.4009674040504705,0.5998479761732637,-0.483229565480857,0.0,1.0,0.0,1.0
404541.0,0.2439121150286872,-0.215603467010132,0.0053944380553026,0.0367414484528629,0.4370301586188838,-1.3689864064844643,1.0,0.0,1.0,0.0
426398.0,1.5158825845167552,-0.7090059869133021,-0.688176169055054,1.4744503009561964,-0.4177633835416152,-0.483229565480857,1.0,0.0,1.0,0.0
307138.0,-0.922060815335375,-0.6781430905616084,-1.3817467761654108,0.7555958747045297,0.8847791568934302,-1.3689864064844643,0.0,1.0,1.0,0.0
472539.0,0.3499096541526929,-0.0025325951973309,0.6989650451656594,1.4744503009561964,0.2335078866759077,-0.483229565480857,1.0,0.0,1.0,0.0
521501.0,1.833875201888772,0.022245081224281,0.6989650451656594,-1.4009674040504705,0.5591435217846685,-1.3689864064844643,0.0,1.0,0.0,1.0
595362.0,0.7738998106487155,0.9415408165589272,-1.3817467761654108,1.4744503009561964,-0.4177633835416152,1.288284116526358,1.0,0.0,1.0,0.0
419013.0,0.7738998106487155,-0.4051688298270145,-0.688176169055054,-1.4009674040504705,0.5998479761732637,-0.483229565480857,0.0,1.0,0.0,1.0
459560.0,0.0319170367806759,0.0196364650953969,-1.3817467761654108,0.7555958747045297,2.146617242939881,1.288284116526358,1.0,0.0,1.0,0.0
412653.0,1.4098850453927494,-0.8852701425675867,0.0053944380553026,-0.6821129777988038,-2.208759376639803,1.288284116526358,1.0,0.0,0.0,1.0
507682.0,-0.8160632762113693,0.6555074218145918,0.6989650451656594,0.0367414484528629,0.7219613393390494,1.288284116526358,1.0,0.0,1.0,0.0
485745.0,0.5619047324007043,0.3770439212277431,-1.3817467761654108,0.7555958747045297,-1.5574881064222803,-1.3689864064844643,0.0,1.0,0.0,1.0
437111.0,-1.1340558935833862,0.3709044516875081,0.6989650451656594,-1.4009674040504705,-1.679601469588066,1.288284116526358,1.0,0.0,0.0,1.0
456628.0,1.0918924280207325,-0.1170297637154566,0.0053944380553026,-0.6821129777988038,-2.6565083749143503,-1.3689864064844643,0.0,1.0,1.0,0.0
418056.0,1.5158825845167552,-0.4788046588652299,-1.3817467761654108,0.0367414484528629,1.210414792002192,-1.3689864064844643,1.0,0.0,1.0,0.0
673627.0,1.0918924280207325,1.872982363785537,-0.688176169055054,-0.6821129777988038,0.111394523510122,-0.483229565480857,1.0,0.0,1.0,0.0
267421.0,-0.922060815335375,-0.8321667602267634,-1.3817467761654108,-0.6821129777988038,0.1928034322873125,-0.483229565480857,1.0,0.0,0.0,1.0
434576.0,-1.452048510955403,0.7137733285913865,-1.3817467761654108,-1.4009674040504705,2.187321697328476,-0.483229565480857,0.0,1.0,1.0,0.0
391898.0,-0.3920731197153467,-0.4062006384820935,-0.688176169055054,0.7555958747045297,-0.6212856554845914,1.288284116526358,1.0,0.0,0.0,1.0
228401.0,-0.1800780414673354,-1.913937886602528,0.0053944380553026,1.4744503009561964,1.2918237007793825,-0.483229565480857,1.0,0.0,1.0,0.0
395572.0,-0.3920731197153467,-0.340489451645444,-1.3817467761654108,0.7555958747045297,-0.2549455659872344,0.4025272755227504,0.0,1.0,1.0,0.0
587074.0,0.8798973497727212,0.4701575991245084,1.392535652276016,1.4744503009561964,-0.6212856554845914,1.288284116526358,1.0,0.0,1.0,0.0
568078.0,1.197889967144738,0.9116226921688996,-1.3817467761654108,1.4744503009561964,-0.1328322028214492,-1.3689864064844643,1.0,0.0,1.0,0.0
222899.0,0.7738998106487155,-1.651969248549353,-1.3817467761654108,-1.4009674040504705,-2.6972128293029454,-1.3689864064844643,1.0,0.0,0.0,1.0
683860.0,-0.8160632762113693,2.3514944028962845,0.0053944380553026,1.4744503009561964,-0.0514232940442587,0.4025272755227504,1.0,0.0,0.0,1.0
290977.0,-1.1340558935833862,-1.2434866899824415,-1.3817467761654108,1.4744503009561964,2.0652083341626906,1.288284116526358,0.0,1.0,0.0,1.0
355790.0,-1.0280583544593809,-0.2685516444050704,-0.688176169055054,1.4744503009561964,-0.3363544747644248,-0.483229565480857,1.0,0.0,0.0,1.0
477099.0,0.0319170367806759,0.4053382171441623,0.6989650451656594,-1.4009674040504705,-0.0107188396556635,-1.3689864064844643,0.0,1.0,0.0,1.0
392766.0,0.3499096541526929,-1.0892646407019142,0.0053944380553026,1.4744503009561964,0.5998479761732637,1.288284116526358,0.0,1.0,0.0,1.0
675667.0,0.9858948888967268,1.3390475740350551,0.6989650451656594,0.0367414484528629,1.210414792002192,0.4025272755227504,0.0,1.0,1.0,0.0
584457.0,-1.452048510955403,1.4448287487371547,0.6989650451656594,1.4744503009561964,0.3963257042302885,0.4025272755227504,0.0,1.0,1.0,0.0
420985.0,-0.922060815335375,0.0158193097107345,0.0053944380553026,1.4744503009561964,-0.7433990186503765,-0.483229565480857,0.0,1.0,0.0,1.0
347395.0,-1.7700411283274202,0.2343799639256796,0.0053944380553026,0.0367414484528629,-2.900735101245921,-1.3689864064844643,1.0,0.0,1.0,0.0
319963.0,1.197889967144738,-1.9349194820320048,1.392535652276016,1.4744503009561964,-1.7203059239766612,-0.483229565480857,0.0,1.0,0.0,1.0
426928.0,-0.8160632762113693,-0.010709651540011,0.0053944380553026,0.0367414484528629,0.3149167954530981,0.4025272755227504,0.0,1.0,1.0,0.0
447697.0,0.4559071932766985,-0.3434032025054862,0.0053944380553026,0.7555958747045297,-0.9469212905933526,1.288284116526358,1.0,0.0,0.0,1.0
584723.0,0.0319170367806759,1.148443758140646,0.0053944380553026,-0.6821129777988038,-0.7433990186503765,0.4025272755227504,0.0,1.0,1.0,0.0
302760.0,0.1379145759046816,-1.240051096511882,-1.3817467761654108,0.0367414484528629,1.0883014288364063,-0.483229565480857,0.0,1.0,1.0,0.0
437246.0,1.7278776627647665,-1.112323003342576,-0.688176169055054,0.7555958747045297,0.477734613007479,1.288284116526358,0.0,1.0,0.0,1.0
524897.0,1.197889967144738,0.4524226594959741,0.0053944380553026,0.0367414484528629,0.6812568849504541,-1.3689864064844643,1.0,0.0,0.0,1.0
661697.0,-1.240053432707392,2.062020833012969,1.392535652276016,-1.4009674040504705,1.3325281551679775,1.288284116526358,0.0,1.0,0.0,1.0
594348.0,-0.4980706588393523,1.465839109016476,1.392535652276016,-1.4009674040504705,1.0883014288364063,0.4025272755227504,1.0,0.0,1.0,0.0
512456.0,0.9858948888967268,-0.0162889203744233,-1.3817467761654108,1.4744503009561964,-2.086646013474018,1.288284116526358,0.0,1.0,0.0,1.0
328792.0,-0.7100657370873636,-0.3434521381774318,-1.3817467761654108,-1.4009674040504705,0.0299856147329316,-1.3689864064844643,0.0,1.0,0.0,1.0
714646.0,-0.4980706588393523,2.9188560224385505,-1.3817467761654108,-1.4009674040504705,0.640552430561859,0.4025272755227504,1.0,0.0,0.0,1.0
686626.0,1.833875201888772,1.5750977733711264,0.0053944380553026,0.7555958747045297,0.4370301586188838,-1.3689864064844643,1.0,0.0,0.0,1.0
782216.0,2.151867819260789,2.1321740001150875,0.0053944380553026,1.4744503009561964,-2.005237104696828,-1.3689864064844643,0.0,1.0,0.0,1.0
616663.0,0.3499096541526929,0.8150401701005593,0.6989650451656594,1.4744503009561964,1.047596974447811,1.288284116526358,0.0,1.0,1.0,0.0
316323.0,0.6679022715247098,-1.656695925881903,1.392535652276016,1.4744503009561964,1.0883014288364063,-0.483229565480857,1.0,0.0,1.0,0.0
407283.0,-1.876038667451426,0.8336110601087082,-0.688176169055054,0.0367414484528629,-0.7026945642617818,-1.3689864064844643,1.0,0.0,0.0,1.0
460687.0,0.8798973497727212,-0.2474957354731725,0.6989650451656594,0.0367414484528629,0.3556212498416933,-1.3689864064844643,0.0,1.0,0.0,1.0
363049.0,-0.8160632762113693,-0.3133339357778579,1.392535652276016,-1.4009674040504705,0.2742123410645029,-0.483229565480857,1.0,0.0,0.0,1.0
465492.0,1.3038875062687438,-0.4717538362356313,0.0053944380553026,-0.6821129777988038,-0.37705892915302,0.4025272755227504,0.0,1.0,0.0,1.0
397738.0,0.9858948888967268,-0.8293298758657554,0.0053944380553026,-1.4009674040504705,2.228026151717071,-0.483229565480857,0.0,1.0,0.0,1.0
428503.0,0.3499096541526929,-0.545672478256543,1.392535652276016,1.4744503009561964,0.640552430561859,-1.3689864064844643,0.0,1.0,0.0,1.0
358008.0,-0.3920731197153467,-0.7030855319390594,0.0053944380553026,-0.6821129777988038,0.5184390673960743,1.288284116526358,1.0,0.0,1.0,0.0
360685.0,-0.286075580591341,-0.8629985978260634,0.0053944380553026,0.7555958747045297,-0.7026945642617818,0.4025272755227504,0.0,1.0,0.0,1.0
489465.0,0.2439121150286872,0.3014067202586923,0.0053944380553026,-1.4009674040504705,-0.2956500203758296,1.288284116526358,1.0,0.0,1.0,0.0
301542.0,-0.604068197963358,-0.8831270759930328,0.0053944380553026,-1.4009674040504705,-0.5398767467074009,0.4025272755227504,1.0,0.0,0.0,1.0
297939.0,-1.1340558935833862,-0.6112946878317463,-1.3817467761654108,0.7555958747045297,0.4370301586188838,-0.483229565480857,1.0,0.0,1.0,0.0
378610.0,0.0319170367806759,-0.7941409108242935,-0.688176169055054,0.0367414484528629,-1.3132613800907091,1.288284116526358,0.0,1.0,1.0,0.0
614417.0,0.0319170367806759,0.989139518314316,1.392535652276016,0.0367414484528629,0.5998479761732637,1.288284116526358,0.0,1.0,1.0,0.0
422161.0,-1.3460509718313975,0.2731051964186894,-0.688176169055054,0.7555958747045297,-0.7433990186503765,1.288284116526358,1.0,0.0,0.0,1.0
330706.0,0.6679022715247098,-1.5545659866515735,1.392535652276016,0.0367414484528629,1.9023905166083095,0.4025272755227504,1.0,0.0,1.0,0.0
301153.0,-1.1340558935833862,-0.7313994908938776,-0.688176169055054,1.4744503009561964,0.1928034322873125,-0.483229565480857,1.0,0.0,1.0,0.0
538816.0,0.2439121150286872,0.3198054925709729,1.392535652276016,0.7555958747045297,1.0068925200592158,1.288284116526358,1.0,0.0,0.0,1.0
511131.0,-1.240053432707392,1.3777529089166216,-0.688176169055054,-1.4009674040504705,-1.1911480169249238,0.4025272755227504,1.0,0.0,0.0,1.0
515954.0,1.197889967144738,-0.0616190126469792,-0.688176169055054,1.4744503009561964,0.2335078866759077,1.288284116526358,1.0,0.0,0.0,1.0
652042.0,1.5158825845167552,1.1481665226598223,-1.3817467761654108,1.4744503009561964,-0.7841034730389718,1.288284116526358,1.0,0.0,0.0,1.0
610067.0,0.8798973497727212,1.1685771818660518,0.6989650451656594,1.4744503009561964,-0.5805812010959961,-1.3689864064844643,1.0,0.0,1.0,0.0
600036.0,0.5619047324007043,1.4836685832262664,0.6989650451656594,-1.4009674040504705,-0.6212856554845914,-1.3689864064844643,1.0,0.0,0.0,1.0
434804.0,0.3499096541526929,-0.1455036903164619,-0.688176169055054,-0.6821129777988038,1.780277153442524,0.4025272755227504,1.0,0.0,1.0,0.0
584556.0,0.3499096541526929,0.9073915517404602,1.392535652276016,1.4744503009561964,0.3963257042302885,-0.483229565480857,1.0,0.0,0.0,1.0
706745.0,-0.286075580591341,2.4603739492701813,-1.3817467761654108,0.0367414484528629,0.1520989778987173,0.4025272755227504,0.0,1.0,0.0,1.0
344893.0,-0.7100657370873636,-0.1070246475558927,-1.3817467761654108,-1.4009674040504705,-1.3946702888678997,-0.483229565480857,1.0,0.0,0.0,1.0
363055.0,1.4098850453927494,-1.429408429305836,0.6989650451656594,-1.4009674040504705,0.111394523510122,1.288284116526358,1.0,0.0,1.0,0.0
453313.0,0.6679022715247098,-0.0413471222566986,1.392535652276016,-0.6821129777988038,-0.4177633835416152,-1.3689864064844643,1.0,0.0,1.0,0.0
560090.0,-1.3460509718313975,2.069143685523587,-0.688176169055054,-1.4009674040504705,0.6812568849504541,-1.3689864064844643,1.0,0.0,1.0,0.0
705238.0,0.9858948888967268,1.6900502841394736,0.0053944380553026,1.4744503009561964,1.3325281551679775,-0.483229565480857,0.0,1.0,1.0,0.0
333855.0,-0.3920731197153467,-0.4294618368675676,-1.3817467761654108,0.7555958747045297,-0.7433990186503765,-1.3689864064844643,1.0,0.0,0.0,1.0
459446.0,1.197889967144738,-0.2209468759004235,0.0053944380553026,-1.4009674040504705,-0.7841034730389718,0.4025272755227504,1.0,0.0,0.0,1.0
515501.0,0.8798973497727212,0.0671024103822507,0.6989650451656594,1.4744503009561964,-1.0690346537591382,0.4025272755227504,1.0,0.0,1.0,0.0
220199.0,-0.604068197963358,-1.571227185063914,0.0053944380553026,0.0367414484528629,-1.8017148327538512,-0.483229565480857,1.0,0.0,1.0,0.0
666251.0,0.8798973497727212,1.826993196211656,-1.3817467761654108,-0.6821129777988038,-0.4991722923188056,-0.483229565480857,0.0,1.0,1.0,0.0
429445.0,-0.8160632762113693,0.5833999102454778,-1.3817467761654108,-0.6821129777988038,-0.0107188396556635,-0.483229565480857,1.0,0.0,0.0,1.0
455962.0,0.7738998106487155,-0.4302985029723277,1.392535652276016,-1.4009674040504705,-0.8248079274275669,0.4025272755227504,0.0,1.0,1.0,0.0
550688.0,-0.0740805023433297,0.99381385295392,-1.3817467761654108,0.0367414484528629,0.8033702481162398,1.288284116526358,1.0,0.0,0.0,1.0
554398.0,0.4559071932766985,0.5358745726526062,0.0053944380553026,0.7555958747045297,1.413937063945168,1.288284116526358,1.0,0.0,1.0,0.0
323214.0,-1.0280583544593809,-0.7573145702789384,-0.688176169055054,0.7555958747045297,-0.4991722923188056,1.288284116526358,1.0,0.0,1.0,0.0
477350.0,0.6679022715247098,-0.2446832800657228,0.6989650451656594,1.4744503009561964,0.7219613393390494,0.4025272755227504,1.0,0.0,1.0,0.0
411684.0,-0.1800780414673354,-0.0335329890240096,-1.3817467761654108,1.4744503009561964,-0.4177633835416152,-0.483229565480857,1.0,0.0,0.0,1.0
532778.0,-0.4980706588393523,1.2772421328409191,-1.3817467761654108,0.7555958747045297,-2.452986102971374,-1.3689864064844643,0.0,1.0,1.0,0.0
249713.0,-0.286075580591341,-1.617307352716976,-1.3817467761654108,-1.4009674040504705,-0.5398767467074009,1.288284116526358,0.0,1.0,0.0,1.0
253629.0,-1.1340558935833862,-1.3412636542029424,1.392535652276016,-1.4009674040504705,0.3149167954530981,-0.483229565480857,0.0,1.0,1.0,0.0
434840.0,0.4559071932766985,-0.0913496271274593,-1.3817467761654108,0.7555958747045297,0.1520989778987173,-1.3689864064844643,0.0,1.0,0.0,1.0
469825.0,1.4098850453927494,-0.3512314944712202,-0.688176169055054,-0.6821129777988038,-0.1328322028214492,1.288284116526358,1.0,0.0,1.0,0.0
397612.0,0.6679022715247098,-0.3706393185583717,-1.3817467761654108,-0.6821129777988038,1.210414792002192,-0.483229565480857,1.0,0.0,1.0,0.0
555574.0,0.5619047324007043,0.8245602856774723,0.0053944380553026,0.7555958747045297,-0.2142411115986396,-0.483229565480857,1.0,0.0,0.0,1.0
390862.0,1.3038875062687438,-1.0928963282929731,1.392535652276016,-1.4009674040504705,0.1928034322873125,0.4025272755227504,1.0,0.0,1.0,0.0
306754.0,-0.604068197963358,-0.932811297317906,0.6989650451656594,-0.6821129777988038,1.6988682446653336,-0.483229565480857,1.0,0.0,0.0,1.0
480329.0,1.0918924280207325,-0.4848732727225791,1.392535652276016,0.7555958747045297,1.3325281551679775,-0.483229565480857,0.0,1.0,1.0,0.0
676520.0,1.0918924280207325,1.029092157970037,1.392535652276016,0.7555958747045297,0.640552430561859,1.288284116526358,0.0,1.0,1.0,0.0
527726.0,1.5158825845167552,0.2212062273178925,-0.688176169055054,0.7555958747045297,-0.37705892915302,-1.3689864064844643,0.0,1.0,1.0,0.0
566843.0,2.2578653583847945,0.1711153513019697,1.392535652276016,-1.4009674040504705,1.576754881499548,-0.483229565480857,1.0,0.0,1.0,0.0
422200.0,-0.604068197963358,-0.0257622559624746,1.392535652276016,0.0367414484528629,0.8440747025048351,-0.483229565480857,1.0,0.0,0.0,1.0
477208.0,0.4559071932766985,-0.3518269680833946,0.6989650451656594,1.4744503009561964,1.210414792002192,0.4025272755227504,0.0,1.0,1.0,0.0
384390.0,-1.3460509718313975,0.1894752987407771,-1.3817467761654108,0.0367414484528629,0.3556212498416933,0.4025272755227504,1.0,0.0,0.0,1.0
427502.0,-0.0740805023433297,-0.2922203493229565,0.0053944380553026,0.0367414484528629,0.8440747025048351,1.288284116526358,1.0,0.0,0.0,1.0
349198.0,-0.0740805023433297,-0.5416830607466709,-0.688176169055054,-0.6821129777988038,0.0299856147329316,-0.483229565480857,1.0,0.0,1.0,0.0
516910.0,0.9858948888967268,0.1030745976767309,0.0053944380553026,1.4744503009561964,-0.4177633835416152,0.4025272755227504,1.0,0.0,0.0,1.0
538767.0,0.5619047324007043,0.8855103578865259,-1.3817467761654108,1.4744503009561964,0.8440747025048351,-1.3689864064844643,1.0,0.0,1.0,0.0
405455.0,0.5619047324007043,-0.590964905898072,0.6989650451656594,0.0367414484528629,-0.1735366572100444,-1.3689864064844643,0.0,1.0,0.0,1.0
529684.0,-0.604068197963358,0.7537710813608256,0.6989650451656594,0.0367414484528629,1.0068925200592158,1.288284116526358,1.0,0.0,1.0,0.0
482691.0,0.8798973497727212,0.3415673885860498,0.0053944380553026,-1.4009674040504705,0.7219613393390494,-1.3689864064844643,1.0,0.0,1.0,0.0
334720.0,0.9858948888967268,-1.1237765991704247,0.0053944380553026,-0.6821129777988038,1.4953459727223584,-1.3689864064844643,1.0,0.0,0.0,1.0
240687.0,-1.3460509718313975,-1.3044089686819942,0.6989650451656594,0.7555958747045297,0.4370301586188838,-0.483229565480857,1.0,0.0,1.0,0.0
275447.0,-2.51202390219546,-0.3523738348935973,-1.3817467761654108,-1.4009674040504705,2.1059127885512856,1.288284116526358,1.0,0.0,0.0,1.0
620733.0,0.2439121150286872,1.0834915299951589,0.6989650451656594,0.0367414484528629,-0.5398767467074009,1.288284116526358,0.0,1.0,1.0,0.0
422495.0,-1.1340558935833862,0.0168089465461736,1.392535652276016,-0.6821129777988038,0.3149167954530981,1.288284116526358,1.0,0.0,1.0,0.0
424199.0,0.9858948888967268,-1.0737144786225503,0.0053944380553026,1.4744503009561964,0.5184390673960743,1.288284116526358,0.0,1.0,0.0,1.0
510677.0,-0.1800780414673354,0.5800987511563486,0.6989650451656594,0.0367414484528629,-0.2549455659872344,0.4025272755227504,1.0,0.0,1.0,0.0
278502.0,1.9398727410127776,-2.37106350874534,0.0053944380553026,-1.4009674040504705,1.576754881499548,1.288284116526358,1.0,0.0,0.0,1.0
446952.0,1.197889967144738,-0.1921817432344664,-0.688176169055054,-1.4009674040504705,-2.3308727398055886,0.4025272755227504,1.0,0.0,1.0,0.0
575502.0,1.0918924280207325,0.3147463324986983,0.6989650451656594,1.4744503009561964,-0.4177633835416152,0.4025272755227504,0.0,1.0,0.0,1.0
508340.0,0.4559071932766985,0.4501170367390165,-1.3817467761654108,0.0367414484528629,-1.028330199370543,1.288284116526358,1.0,0.0,0.0,1.0
394089.0,-0.922060815335375,-0.2716993842505412,-0.688176169055054,0.0367414484528629,-0.7026945642617818,1.288284116526358,0.0,1.0,0.0,1.0
538767.0,1.197889967144738,0.6966466569283655,0.0053944380553026,-1.4009674040504705,1.1290058832250016,-1.3689864064844643,1.0,0.0,1.0,0.0
405889.0,0.2439121150286872,-0.5861749939915099,0.0053944380553026,-0.6821129777988038,0.477734613007479,0.4025272755227504,0.0,1.0,0.0,1.0
675181.0,-0.3920731197153467,2.2776633343716104,-0.688176169055054,0.0367414484528629,-0.1735366572100444,-0.483229565480857,0.0,1.0,1.0,0.0
394423.0,-0.4980706588393523,-0.1520642356583512,-1.3817467761654108,0.7555958747045297,0.5184390673960743,0.4025272755227504,1.0,0.0,1.0,0.0
580843.0,-0.7100657370873636,1.3774184433991792,-0.688176169055054,0.7555958747045297,-0.5805812010959961,0.4025272755227504,0.0,1.0,1.0,0.0
344623.0,-1.240053432707392,-0.4584628819245293,1.392535652276016,-1.4009674040504705,-0.3363544747644248,-0.483229565480857,0.0,1.0,1.0,0.0
421814.0,-0.0740805023433297,-0.1813068136924777,-1.3817467761654108,0.7555958747045297,-0.6619901098731865,1.288284116526358,1.0,0.0,1.0,0.0
505865.0,0.8798973497727212,0.1120920482843475,0.0053944380553026,-1.4009674040504705,1.7395726990539289,1.288284116526358,1.0,0.0,0.0,1.0
293910.0,-1.1340558935833862,-1.3813605280385153,0.6989650451656594,1.4744503009561964,-1.1097391081477337,1.288284116526358,0.0,1.0,1.0,0.0
604474.0,-0.604068197963358,1.4983650023526185,0.6989650451656594,0.7555958747045297,-0.5398767467074009,-0.483229565480857,0.0,1.0,1.0,0.0
215536.0,-0.286075580591341,-2.1989453519889324,0.0053944380553026,-0.6821129777988038,0.3149167954530981,1.288284116526358,0.0,1.0,1.0,0.0
321492.0,-2.088033745699437,-0.0231446288352514,0.6989650451656594,-0.6821129777988038,1.2511192463907872,-1.3689864064844643,1.0,0.0,0.0,1.0
524416.0,-0.286075580591341,0.8051988046427843,0.0053944380553026,1.4744503009561964,-0.6212856554845914,-1.3689864064844643,0.0,1.0,1.0,0.0
456248.0,0.1379145759046816,0.0002361443294006,0.6989650451656594,-1.4009674040504705,2.512957332437238,0.4025272755227504,1.0,0.0,0.0,1.0
571589.0,-1.3460509718313975,1.3495611496118296,1.392535652276016,1.4744503009561964,-0.2142411115986396,-0.483229565480857,0.0,1.0,1.0,0.0
397849.0,0.0319170367806759,-0.4559889182313944,-0.688176169055054,-0.6821129777988038,-0.2142411115986396,0.4025272755227504,0.0,1.0,0.0,1.0
204982.0,0.4559071932766985,-2.529149448609741,-1.3817467761654108,0.0367414484528629,1.3325281551679775,1.288284116526358,0.0,1.0,0.0,1.0
426958.0,-0.0740805023433297,-0.2701798304897366,-1.3817467761654108,1.4744503009561964,0.0299856147329316,0.4025272755227504,0.0,1.0,0.0,1.0
370662.0,-0.7100657370873636,-0.2270776367590175,-0.688176169055054,0.7555958747045297,-0.9469212905933526,-1.3689864064844643,0.0,1.0,1.0,0.0
213810.0,-1.5580460500794089,-1.4401356560565834,-1.3817467761654108,-0.6821129777988038,2.675775149991618,0.4025272755227504,0.0,1.0,0.0,1.0
260846.0,-0.0740805023433297,-1.5793248041679702,1.392535652276016,-1.4009674040504705,1.3325281551679775,-0.483229565480857,1.0,0.0,0.0,1.0
587617.0,0.8798973497727212,0.7289439091476488,0.6989650451656594,-0.6821129777988038,0.5184390673960743,1.288284116526358,1.0,0.0,0.0,1.0
625790.0,-1.3460509718313975,2.210447877918956,1.392535652276016,-1.4009674040504705,-2.0459415590854224,0.4025272755227504,1.0,0.0,0.0,1.0
753081.0,0.6679022715247098,2.350331432023633,-0.688176169055054,-1.4009674040504705,1.1290058832250016,1.288284116526358,0.0,1.0,1.0,0.0
443090.0,-1.1340558935833862,0.1652494953984583,1.392535652276016,0.0367414484528629,-0.6212856554845914,1.288284116526358,1.0,0.0,0.0,1.0
248257.0,-0.8160632762113693,-1.512829100967447,0.0053944380553026,1.4744503009561964,1.3325281551679775,-1.3689864064844643,0.0,1.0,1.0,0.0
363901.0,-0.922060815335375,-0.3949563781006277,-1.3817467761654108,-0.6821129777988038,-0.4177633835416152,1.288284116526358,0.0,1.0,0.0,1.0
571621.0,0.2439121150286872,1.1381141300713151,0.0053944380553026,-1.4009674040504705,0.7626657937276446,0.4025272755227504,1.0,0.0,0.0,1.0
685098.0,0.6679022715247098,2.06606966522264,-1.3817467761654108,-0.6821129777988038,-2.615803920525755,1.288284116526358,1.0,0.0,1.0,0.0
560146.0,1.3038875062687438,0.724271513989662,-1.3817467761654108,1.4744503009561964,-2.0459415590854224,-0.483229565480857,1.0,0.0,1.0,0.0
580866.0,0.6679022715247098,0.3996549811757052,0.6989650451656594,1.4744503009561964,-0.1735366572100444,1.288284116526358,0.0,1.0,0.0,1.0
351283.0,-0.922060815335375,-0.2242005865305767,0.0053944380553026,-0.6821129777988038,-0.8655123818161622,-0.483229565480857,1.0,0.0,0.0,1.0
308352.0,-0.4980706588393523,-0.992489998944058,-0.688176169055054,0.7555958747045297,-0.1328322028214492,0.4025272755227504,1.0,0.0,0.0,1.0
513628.0,-0.922060815335375,1.139070692053231,-0.688176169055054,0.7555958747045297,0.5998479761732637,-0.483229565480857,1.0,0.0,1.0,0.0
442990.0,-0.8160632762113693,0.5582337809253872,0.6989650451656594,-0.6821129777988038,0.3556212498416933,-1.3689864064844643,1.0,0.0,0.0,1.0
443009.0,0.2439121150286872,-0.1970510642473575,1.392535652276016,0.0367414484528629,-0.5398767467074009,-1.3689864064844643,0.0,1.0,0.0,1.0
331103.0,0.2439121150286872,-0.999662908834503,-1.3817467761654108,0.0367414484528629,0.1520989778987173,-0.483229565480857,0.0,1.0,0.0,1.0
614093.0,0.3499096541526929,1.2715452079025782,-0.688176169055054,0.0367414484528629,0.111394523510122,0.4025272755227504,0.0,1.0,1.0,0.0
429708.0,-1.5580460500794089,0.2833980090744294,1.392535652276016,-0.6821129777988038,-1.7203059239766612,0.4025272755227504,0.0,1.0,1.0,0.0
594371.0,0.4559071932766985,1.034034136948422,1.392535652276016,-0.6821129777988038,-0.092127748432854,0.4025272755227504,1.0,0.0,1.0,0.0
513295.0,-0.286075580591341,0.628256555053965,0.6989650451656594,1.4744503009561964,0.3556212498416933,-0.483229565480857,1.0,0.0,1.0,0.0
278645.0,-0.286075580591341,-1.4277031739420092,-1.3817467761654108,-0.6821129777988038,-0.4584678379302104,1.288284116526358,0.0,1.0,1.0,0.0
120271.0,-0.1800780414673354,-3.0747546386460147,1.392535652276016,-0.6821129777988038,2.3094350604942617,-0.483229565480857,0.0,1.0,1.0,0.0
571525.0,-0.286075580591341,1.415386113110076,-1.3817467761654108,0.7555958747045297,1.1697103376135969,-1.3689864064844643,0.0,1.0,0.0,1.0
647030.0,0.6679022715247098,1.7092693951072804,-1.3817467761654108,-0.6821129777988038,0.5591435217846685,-0.483229565480857,0.0,1.0,1.0,0.0
653700.0,-0.4980706588393523,2.119475275042746,-0.688176169055054,-0.6821129777988038,-0.5398767467074009,1.288284116526358,1.0,0.0,0.0,1.0
309286.0,0.3499096541526929,-1.434517050601983,0.0053944380553026,-1.4009674040504705,0.5998479761732637,0.4025272755227504,0.0,1.0,1.0,0.0
614743.0,-0.3920731197153467,1.240138833263042,1.392535652276016,0.7555958747045297,0.5591435217846685,0.4025272755227504,0.0,1.0,1.0,0.0
707728.0,0.3499096541526929,2.0071285187451475,0.0053944380553026,-1.4009674040504705,0.5591435217846685,1.288284116526358,0.0,1.0,0.0,1.0
262411.0,-0.3920731197153467,-1.6070026712110133,1.392535652276016,0.7555958747045297,0.5591435217846685,-0.483229565480857,1.0,0.0,0.0,1.0
477200.0,-1.0280583544593809,0.6839331722791939,-1.3817467761654108,0.0367414484528629,1.0883014288364063,0.4025272755227504,0.0,1.0,0.0,1.0
502426.0,1.5158825845167552,-0.1906195862386057,-1.3817467761654108,-1.4009674040504705,1.8209816078311192,1.288284116526358,0.0,1.0,1.0,0.0
366709.0,0.3499096541526929,-0.4958190104686155,-1.3817467761654108,0.0367414484528629,-1.3539658344793042,-0.483229565480857,1.0,0.0,0.0,1.0
420425.0,-0.922060815335375,-0.1022525127191396,1.392535652276016,0.7555958747045297,0.640552430561859,0.4025272755227504,1.0,0.0,0.0,1.0
282317.0,-1.7700411283274202,-0.7743404544805518,0.6989650451656594,-0.6821129777988038,1.1290058832250016,0.4025272755227504,1.0,0.0,1.0,0.0
324000.0,-0.0740805023433297,-1.3051864372964188,-0.688176169055054,1.4744503009561964,0.6812568849504541,0.4025272755227504,0.0,1.0,0.0,1.0
396145.0,0.2439121150286872,-0.6305292556151113,-0.688176169055054,0.7555958747045297,-0.8248079274275669,1.288284116526358,1.0,0.0,1.0,0.0
497484.0,-0.922060815335375,0.9821087736765952,-0.688176169055054,1.4744503009561964,-1.0690346537591382,-0.483229565480857,1.0,0.0,0.0,1.0
457413.0,-0.286075580591341,0.3893117929315801,0.6989650451656594,-1.4009674040504705,0.5591435217846685,-0.483229565480857,1.0,0.0,1.0,0.0
356036.0,-2.088033745699437,-0.1111271217207908,0.0053944380553026,-1.4009674040504705,0.3963257042302885,1.288284116526358,0.0,1.0,0.0,1.0
511276.0,0.4559071932766985,0.7321667958508529,-1.3817467761654108,0.0367414484528629,-0.6212856554845914,-0.483229565480857,1.0,0.0,1.0,0.0
255259.0,-0.922060815335375,-1.2427557881228348,0.6989650451656594,0.0367414484528629,-0.8655123818161622,-0.483229565480857,1.0,0.0,1.0,0.0
401610.0,-1.3460509718313975,0.2013236841183929,-1.3817467761654108,0.7555958747045297,-1.4353747432564947,1.288284116526358,1.0,0.0,1.0,0.0
557588.0,-0.0740805023433297,1.2513079792870905,-0.688176169055054,0.7555958747045297,-1.7203059239766612,-0.483229565480857,1.0,0.0,1.0,0.0
466196.0,2.0458702801367834,-0.5834203189975855,-1.3817467761654108,-0.6821129777988038,0.477734613007479,1.288284116526358,1.0,0.0,1.0,0.0
247213.0,-0.1800780414673354,-1.62627900121414,0.6989650451656594,1.4744503009561964,-0.9469212905933526,-1.3689864064844643,1.0,0.0,0.0,1.0
396732.0,0.7738998106487155,-0.3049577210001907,-1.3817467761654108,-1.4009674040504705,-0.3363544747644248,-0.483229565480857,1.0,0.0,1.0,0.0
376629.0,-1.982036206575432,0.1117684490723065,0.6989650451656594,0.7555958747045297,-1.4353747432564947,0.4025272755227504,1.0,0.0,0.0,1.0
544216.0,0.5619047324007043,0.5212324471861974,-0.688176169055054,0.7555958747045297,-0.9062168362047572,0.4025272755227504,0.0,1.0,0.0,1.0
492709.0,0.9858948888967268,0.1079971967787257,-1.3817467761654108,-1.4009674040504705,1.0068925200592158,0.4025272755227504,0.0,1.0,0.0,1.0
518279.0,-0.922060815335375,1.4468224753040702,-1.3817467761654108,-1.4009674040504705,1.3732326095565728,-0.483229565480857,1.0,0.0,0.0,1.0
565663.0,1.7278776627647665,0.4525707672065039,-1.3817467761654108,-1.4009674040504705,0.8847791568934302,0.4025272755227504,0.0,1.0,0.0,1.0
477586.0,-0.286075580591341,-0.137596793876497,1.392535652276016,1.4744503009561964,-2.452986102971374,1.288284116526358,0.0,1.0,0.0,1.0
523077.0,0.6679022715247098,0.394821508197229,1.392535652276016,1.4744503009561964,-0.7841034730389718,-1.3689864064844643,1.0,0.0,0.0,1.0
525636.0,-0.286075580591341,0.4168866881724973,0.6989650451656594,0.0367414484528629,0.5998479761732637,1.288284116526358,0.0,1.0,0.0,1.0
267775.0,-1.6640435892034149,-0.6621097654605889,0.0053944380553026,0.0367414484528629,1.2511192463907872,-1.3689864064844643,1.0,0.0,0.0,1.0
324853.0,-0.286075580591341,-1.139181815899437,0.6989650451656594,-0.6821129777988038,0.640552430561859,1.288284116526358,1.0,0.0,0.0,1.0
497993.0,-0.7100657370873636,1.020323775322869,-0.688176169055054,-0.6821129777988038,-0.0514232940442587,-1.3689864064844643,0.0,1.0,0.0,1.0
427358.0,-0.3920731197153467,-0.1786684700187221,0.6989650451656594,0.7555958747045297,0.7626657937276446,0.4025272755227504,1.0,0.0,0.0,1.0
344185.0,0.9858948888967268,-1.5430832141189237,0.6989650451656594,0.0367414484528629,-0.2142411115986396,1.288284116526358,1.0,0.0,0.0,1.0
338400.0,-0.4980706588393523,-0.7332144044325775,-1.3817467761654108,0.0367414484528629,-0.4991722923188056,0.4025272755227504,0.0,1.0,1.0,0.0
433422.0,-0.3920731197153467,-0.3880446049427461,1.392535652276016,-1.4009674040504705,2.6350706956030225,1.288284116526358,0.0,1.0,1.0,0.0
317126.0,0.7738998106487155,-1.669226934043593,0.6989650451656594,1.4744503009561964,-1.028330199370543,0.4025272755227504,1.0,0.0,1.0,0.0
230581.0,-0.604068197963358,-1.693410194339178,-1.3817467761654108,1.4744503009561964,0.640552430561859,-0.483229565480857,0.0,1.0,1.0,0.0
