1994,3597.878892576466,2,2.5,0.99,0,n,y,487031
1996,2012.256078654409,6,2.5,1.38,3,n,n,350038
2000,2952.1648367233056,2,1.5,1.46,0,n,y,412224
2019,1851.051450356211,3,2.0,0.92,1,y,n,386457
1996,2955.2527653739016,3,2.5,1.03,3,y,n,476237
1995,3450.0839737770266,6,3.0,1.0,3,y,n,582512
1982,2313.716040538407,4,2.5,0.52,2,y,n,297357
2013,2151.6773397628026,3,2.5,0.63,3,y,y,434701
2007,3978.194526743307,3,1.5,1.18,2,n,y,636929
1991,2034.9838423734598,5,1.5,0.99,0,y,n,272597
1978,2439.334043092088,3,2.5,1.12,0,y,n,265200
1984,3622.8387127358315,2,2.5,0.83,1,y,n,473375
1986,3071.988922750858,2,1.5,0.95,1,y,y,387548
1999,2987.2422489079113,2,2.5,1.02,2,y,y,470886
1992,3907.030193214274,3,2.0,1.01,2,y,n,576204
1994,2295.698480518633,3,2.5,0.92,0,y,n,320654
1993,3424.8353306804224,6,2.0,0.85,1,y,n,521475
2014,3951.6123925214656,3,2.0,0.99,2,y,n,692591
2005,2579.8977419191674,3,2.5,1.0,2,n,n,429484
2000,3249.276821845922,6,1.5,0.92,2,y,y,538691
1983,4244.807337843395,5,2.5,1.24,2,n,y,592821
2018,3126.49442082902,3,1.5,0.98,3,n,y,576174
1993,2518.263513204919,5,2.5,0.58,0,y,y,363939
1983,2935.311866089107,4,1.0,1.37,2,y,n,385846
1999,3229.067901337973,5,2.5,0.93,3,n,y,530810
2008,3267.775463451488,5,1.0,0.93,1,y,y,549116
1990,2402.369069548648,5,2.0,1.05,2,y,y,361105
1990,3296.6265463616137,2,2.0,0.33,1,n,n,419443
1982,5174.773319218223,3,2.0,0.75,1,n,n,677465
1977,2818.5141046909375,3,2.5,1.45,3,y,y,367027
1984,3459.924455686565,5,1.5,0.7,3,n,n,471988
2010,3061.3351916484635,2,1.0,0.9,0,n,n,462700
2003,1877.7360621295304,5,3.0,1.28,0,n,n,315860
2004,2144.5341627773223,3,3.0,0.73,2,n,y,362630
1991,2085.2151473036884,6,1.0,1.01,0,n,y,262932
1982,2815.413112340602,5,1.5,1.06,3,n,y,370711
1988,2596.25621225254,5,2.0,0.95,2,y,n,378688
2011,2772.8614218237763,6,2.5,0.98,3,n,y,533129
1996,3909.588976023326,6,2.5,1.64,1,y,y,628538
1989,3530.579550566861,3,2.5,0.81,1,y,n,494236
1984,3155.980501870369,2,2.0,1.25,2,n,y,397147
2009,1900.1347656048897,2,2.5,1.23,2,n,n,340970
2019,2634.3518969035176,2,3.0,1.45,0,y,n,501902
1998,3033.7095275585493,6,2.0,0.47,0,y,n,467106
1994,3951.304370263079,5,2.0,0.66,3,n,y,602595
1999,4394.113447479673,2,2.0,1.14,1,y,y,661217
1995,2786.67070026379,3,2.5,1.09,1,n,y,396850
2001,3712.67267742473,4,2.5,1.5,1,n,y,581900
1990,1754.102348013699,5,1.0,0.83,0,n,y,195565
1992,1469.658929076138,4,1.5,0.68,1,n,n,173148
2000,3266.8543017545053,3,1.5,0.54,0,n,y,455628
1979,2771.3167320817306,6,2.5,1.34,3,y,n,398297
2012,1845.126426585398,3,2.5,0.89,3,n,n,367618
1990,3466.8915288336466,5,3.0,0.86,0,n,y,482933
1987,3384.2269581561445,6,2.0,1.0,3,y,n,517634
1996,3727.7614842136954,3,3.0,0.88,1,y,y,567364
1988,3422.488197762613,3,1.0,0.88,2,n,n,446573
1992,3417.4443157675623,2,3.0,0.86,3,n,y,500516
2003,3296.8688797865607,4,1.5,0.99,2,y,n,541880
1990,2721.1203327112985,2,2.0,0.68,2,y,n,373368
1993,3518.343005512953,5,1.5,0.82,3,y,y,547551
1994,2852.401661777192,2,2.0,1.12,1,n,y,384660
1993,2776.2202261627313,6,1.5,0.69,0,y,n,399283
1984,2779.036103473105,2,2.0,1.29,2,n,n,341205
2000,3478.866937189332,5,2.0,0.62,2,y,n,566130
2001,2638.2525097505136,6,2.0,1.12,1,n,n,427537
1990,2258.164074340676,2,1.0,1.31,2,n,y,278374
1992,3433.47362942901,2,2.0,1.36,2,y,y,500421
1999,1521.966415324689,5,1.5,1.41,2,y,n,271944
1990,3015.3014832889985,6,1.5,0.7,3,y,n,465295
2009,2907.7486109641954,4,3.0,0.83,2,n,n,513612
1995,4248.382776479182,3,1.5,1.12,3,y,y,651557
1996,4033.6871677675836,2,2.0,1.13,2,y,y,607003
1996,3256.4447788506495,6,2.0,0.62,2,y,y,522766
1993,2730.5216753671184,5,2.0,1.25,3,n,n,423328
1995,2032.5852628267266,2,2.0,1.15,2,y,y,302137
1993,3645.9242434888374,3,2.0,0.9,0,n,y,490388
1999,2060.830745347149,5,2.0,1.17,1,y,y,341674
1999,3178.9087652928756,4,2.0,0.9,2,n,n,490336
1998,2047.5300393561356,5,2.5,0.79,0,n,y,301479
1993,4808.1881650759915,4,2.0,0.9,0,n,y,674728
1991,3755.805832096783,2,2.5,1.04,3,y,y,561470
1983,2208.8822499284865,6,3.0,0.28,2,n,n,290532
2000,5081.407806651299,5,1.5,0.62,2,n,y,779011
1981,776.90949190321,6,2.0,0.91,0,n,n,30186
2001,2984.440522262571,6,2.0,1.03,0,y,n,483116
1998,2045.0756233029824,4,1.0,0.98,1,y,n,306461
1990,3031.5710140621145,2,3.0,1.32,2,n,y,424535
1997,2634.069896709128,2,2.0,0.91,1,y,n,383760
1992,2360.9997914755895,4,2.0,0.92,3,y,y,367949
2004,2460.0693284666722,3,2.5,0.79,1,n,n,388360
1994,3537.1266206867795,3,2.0,0.9,1,n,n,494068
1990,2553.2864923302727,6,2.5,0.66,3,y,n,410392
2010,3303.571270085363,2,3.0,1.01,2,n,y,560685
2009,2015.815777961072,6,1.5,0.85,3,y,y,412622
2003,2053.51573351098,2,2.5,0.8,2,n,y,327527
1995,2585.1445036627006,5,3.0,0.47,2,y,y,419821
1990,2526.4389283739642,6,3.0,0.77,0,y,n,370515
2000,3915.988907256162,2,2.5,0.81,0,n,n,562048
1993,3822.8767662756463,4,1.5,1.17,1,n,y,538481
1984,3387.3244178368573,5,1.5,1.35,2,y,n,475848
1984,2446.3316096940393,4,2.5,0.81,2,n,y,311599
1987,3157.8487810567212,5,1.0,1.19,3,y,y,461527
1991,3644.721130053385,3,1.5,0.86,3,y,n,537108
2012,2112.3592764357536,3,3.0,1.06,3,n,y,417753
1989,3145.461917058689,2,2.0,0.81,1,y,n,418969
1991,2146.539007941844,2,1.0,1.55,2,n,y,270230
1997,3268.385465136866,4,1.5,1.06,3,n,n,503657
2000,2975.4902535797355,3,3.0,0.85,0,n,y,439073
1986,2436.359931995949,3,1.0,0.72,0,n,n,256253
2005,2622.820137227971,2,1.0,1.18,1,y,n,411123
1987,2067.003692546053,2,1.0,0.89,1,n,n,213400
2002,4551.780655201054,4,2.0,0.97,2,y,y,732317
1997,3254.533764353155,5,3.0,0.76,2,n,y,514580
1982,3897.0441301358924,4,2.0,1.46,2,n,y,521456
2014,2917.6810372615982,6,2.0,1.26,3,n,n,566552
1987,3627.7517605325024,5,2.0,1.13,0,n,n,481112
1985,1951.1442168557128,4,2.0,1.18,3,y,y,275371
1993,1104.3343353260673,5,2.5,1.43,3,n,n,189600
1969,2679.442314228124,4,1.0,0.85,2,y,y,269666
1990,2716.7014931900067,4,1.0,0.36,2,y,y,372905
1971,4648.978257459781,2,3.0,1.35,2,y,n,592596
1998,1661.7429327071982,5,1.5,1.26,1,y,n,270661
2000,3367.575561062777,4,3.0,1.24,1,n,y,528736
2005,3030.3054748069603,6,2.0,1.18,1,y,y,527245
2002,2810.465668220794,3,1.0,0.89,1,n,n,409919
1982,2696.8228191770904,2,2.5,0.73,3,n,y,332973
1996,3169.545798555283,4,1.0,0.89,1,n,y,443781
1990,3791.0757130819516,4,1.5,0.72,3,y,n,561961
2000,2809.701170542224,4,2.5,1.12,3,y,n,485755
1990,3097.29587993646,6,1.0,0.98,0,y,y,429294
1994,2158.239987279288,2,2.0,1.46,3,y,n,335635
2001,3647.1399470933256,6,2.5,1.06,2,y,y,620470
2001,3992.2490829775124,6,1.5,0.66,0,n,y,601237
1997,3636.7135941173965,3,2.0,1.26,0,n,n,514407
2000,1943.8980416281581,5,3.0,0.99,0,n,y,306434
1998,2731.3265442825204,4,1.5,1.33,0,n,n,387148
1975,3135.3022094946855,2,2.0,0.97,3,n,n,359845
2000,2873.508748796686,2,2.5,0.66,1,n,n,418426
1990,2836.9200602656647,3,2.5,0.52,0,y,y,375838
1965,3818.663008145815,3,2.0,1.05,2,y,n,428549
1978,4650.942840266652,2,1.5,0.71,2,n,y,575791
2007,3347.5880594768682,5,1.0,0.91,0,n,n,520788
2002,2545.6975667330003,2,2.0,0.93,2,y,y,410804
1997,2979.9940851240435,6,2.0,0.89,3,y,y,505349
1988,2580.295765370963,3,1.0,1.13,3,n,y,338994
1989,4159.251271564375,6,2.0,0.58,2,n,y,602587
2007,2464.8268763230353,3,2.5,1.06,2,y,y,443124
1991,3580.571247661665,6,1.5,1.1,3,n,n,541085
1986,3381.1614586303986,2,2.5,0.79,0,y,n,431524
1993,2978.4970853777795,6,2.5,1.03,3,y,n,494724
2009,2755.360772748152,6,3.0,1.1,2,y,y,534804
1990,2580.8589072615155,5,2.0,0.67,3,y,y,397178
1992,3188.9890229025145,2,1.5,0.71,2,y,n,446498
2009,2568.6636235609035,6,1.5,0.96,0,n,y,432199
1983,2931.5436184736222,6,2.0,1.02,2,n,n,395031
1986,2841.32079727726,3,3.0,0.94,3,y,y,415298
2003,2413.0301695808394,2,1.5,1.25,2,n,n,373204
2003,3229.9877844014154,4,2.0,1.07,1,y,y,525548
1964,4190.8990056567645,4,3.0,1.0,2,n,n,483634
1991,3433.0612997483177,6,3.0,1.38,3,n,n,545659
1991,3676.213453410622,2,2.0,0.97,0,y,y,495982
1992,2420.444843184487,2,2.0,1.13,3,y,y,360016
1971,3098.626060426732,3,2.0,0.9,3,n,y,343293
1979,3738.8254508609316,5,1.5,0.49,2,y,y,490673
2014,3618.0926707126478,6,3.0,0.43,0,y,n,649163
1991,4629.56046797166,5,2.5,1.29,2,y,n,711284
1982,2651.9544336484114,2,1.5,1.09,1,n,n,286643
1985,2090.887005511329,5,2.5,0.73,3,n,n,287083
1999,2847.1168809588207,6,3.0,1.18,1,n,n,464767
1984,2097.0114040208937,4,2.5,1.18,3,n,y,279751
1997,2002.978811809955,5,2.5,1.6,3,n,y,346946
2004,2127.7382420917716,6,1.5,1.28,3,y,y,410860
2002,2293.4553240374817,6,1.0,1.22,2,y,n,402318
1997,2115.0366106397496,6,2.5,1.09,2,y,y,371105
1991,2698.0974664668797,5,2.5,1.04,0,y,y,387814
1979,4329.6617656792805,5,2.5,1.09,3,y,n,618299
2000,2954.4380066136987,4,1.5,1.0,2,n,y,455665
1965,3636.0102447562113,2,1.0,1.56,1,n,y,348801
1999,3915.4762886098783,5,3.0,0.88,1,y,y,630521
1990,3855.7625810176546,6,2.0,0.64,0,y,y,552964
1979,1717.1452232372346,3,2.5,1.26,0,y,y,163971
2000,2824.93575923181,2,1.0,0.85,1,n,y,391490
1985,3439.1131297470747,6,1.0,1.21,2,n,n,469016
1994,2398.781661125081,3,1.0,1.23,0,y,n,318267
1991,1823.606799045854,4,2.0,1.08,1,n,n,234741
2007,2393.780441219874,2,1.5,1.25,1,y,y,395317
1975,2940.7912789194825,6,1.5,0.98,3,y,y,383318
1984,2113.6096033282174,6,2.0,0.68,1,y,y,277241
1993,3058.2399480068602,4,3.0,0.63,0,n,n,423185
1998,3661.4630846404707,2,2.0,0.66,0,y,y,524119
1985,1529.7822639531473,5,2.5,0.77,0,n,y,158517
2003,2908.7196240018657,3,3.0,0.92,1,n,n,460107
1991,2696.208091318028,2,2.5,0.77,3,n,n,378481
1999,2499.782942580766,5,2.0,1.35,0,n,n,375217
1991,4014.5705049501325,6,2.5,1.35,0,n,n,579935
1995,2649.4910033946817,6,3.0,0.54,3,y,y,455523
2000,3795.433649927835,5,3.0,1.1,1,n,n,600815
1972,3064.896113879249,2,1.0,0.49,3,n,n,312084
1999,2600.6017318899835,4,1.0,0.96,2,n,y,389490
1979,3732.375020862067,2,1.0,1.2,3,n,n,457856
1997,2552.955268348492,5,3.0,0.83,0,y,n,400393
1983,3612.229551308367,5,3.0,1.24,2,n,n,505434
1995,1049.3131395321193,3,3.0,1.42,0,n,n,133696
2001,4174.937134355668,6,3.0,1.37,3,n,n,706790
2001,3592.449476978382,6,3.0,0.72,1,y,y,599667
1988,2371.080896256743,5,2.5,0.51,1,y,n,330812
2004,3531.2932672229745,6,1.5,0.71,2,y,n,597843
1996,2871.4267333056855,2,2.5,0.97,2,y,n,437764
1992,1651.3399441624392,3,3.0,1.35,0,n,y,207950
2003,3790.326826874877,3,1.0,0.65,0,y,y,563299
1995,2070.10344924564,3,2.5,1.08,3,n,n,319215
1984,2069.601495081093,4,3.0,1.28,0,n,y,239640
1993,1591.973861413248,6,3.0,1.31,0,y,n,253446
2001,3166.46438139208,4,3.0,0.92,3,y,n,548769
1992,4347.531311786371,5,1.0,0.84,0,n,n,594729
2003,3835.4753190270585,4,1.5,1.38,3,y,y,643521
1987,3640.513961287278,3,1.0,1.17,3,n,n,493627
1994,3265.5111869264083,4,1.5,0.68,0,y,n,457526
1980,3075.5676953730213,2,3.0,0.77,1,n,y,357885
1987,3311.0577522505855,2,1.0,1.1,0,y,n,408158
1997,2952.5542640404738,4,1.5,0.92,0,n,y,409183
1993,2721.8369206769025,5,1.5,0.94,2,y,y,414875
2011,2981.8359439964247,4,1.5,0.87,0,n,y,482825
1998,2325.383177589121,6,1.0,0.94,0,y,n,352907
1993,2974.490124710995,5,2.5,1.05,1,n,n,434423
1999,3145.4392650276754,4,2.5,0.55,0,y,n,477565
2000,4199.032729286182,2,1.0,1.03,1,y,y,620304
1993,2493.9915074834057,2,2.0,0.76,0,y,y,325498
1973,2930.901124595326,4,2.0,0.8,2,n,y,321635
1987,1428.7771562061803,2,1.5,1.34,0,y,y,136916
1987,4497.129356578873,5,3.0,1.21,2,y,n,677719
1992,3585.8659829391845,4,1.5,1.13,2,y,y,532329
1987,2620.0419541655456,3,2.5,0.93,3,y,n,379456
1994,2849.400897696665,6,3.0,1.1,3,y,y,488910
1974,2082.487905916097,3,1.0,0.81,1,y,y,179523
2006,3547.26140040258,5,3.0,1.22,0,y,n,600389
2019,2564.9432012404677,4,1.5,1.38,2,y,y,517941
2010,1642.2498002390735,2,1.0,1.11,2,n,n,282987
1997,1643.2578142932018,2,1.0,1.56,1,n,n,209888
1992,2777.4040599519562,2,3.0,1.21,0,n,n,364760
1988,2205.9214775585233,4,3.0,1.33,2,y,y,330838
2000,1889.5207336516817,5,1.5,1.26,0,y,y,299828
1987,2933.44783416061,3,3.0,0.91,3,n,n,413667
1984,2929.1942421131407,4,1.0,1.14,3,y,n,401479
1992,4052.6594719703953,6,1.5,0.7,3,y,y,630898
1996,2839.7759337582193,2,1.0,1.11,1,y,y,397616
1982,4524.384212331224,5,3.0,0.9,1,y,y,637157
1996,3083.8210316060545,3,1.5,0.87,2,y,y,463123
1994,4334.9841136255545,6,2.0,0.9,2,y,n,678747
1996,3363.315434689256,2,2.5,0.86,3,y,y,524897
1988,3369.389069899727,2,1.0,1.18,2,y,n,453108
1990,2211.802739765099,6,2.5,1.01,2,y,n,349420
1969,2416.8293357672173,6,2.0,0.6,3,n,n,256524
1989,3679.24825060863,4,2.5,0.67,0,n,n,489437
1993,2504.4230656533673,6,2.0,1.19,0,n,n,353513
1983,2619.599644698653,6,2.5,0.72,3,y,y,386239
1990,2147.7971748629516,6,2.5,1.04,2,n,y,320269
1998,2570.780283446374,2,2.5,0.81,2,y,n,400267
2005,2300.8407192985055,6,2.0,1.36,2,y,n,435526
1989,2700.1598665416523,5,2.5,1.27,1,y,n,396573
1989,2397.8921782465986,4,2.5,1.23,1,y,y,340633
1988,2792.0331721263474,2,2.5,0.47,2,y,y,378354
1996,1158.0555977791573,5,2.0,1.12,1,y,n,190508
2001,2902.6606397579035,4,2.0,1.11,3,y,n,497049
1992,3304.163856927416,2,3.0,0.82,3,y,y,502924
2013,2416.0958769051585,5,2.5,1.07,2,n,n,465964
2008,1969.1884287628457,6,1.5,0.81,3,n,n,380028
2005,2595.222309408076,4,1.0,1.06,0,n,n,390183
2008,3552.906363196764,3,2.0,0.87,3,n,y,595985
1998,4259.278118415225,6,2.0,1.0,0,n,y,638891
1995,2659.7899722381853,3,1.5,1.35,0,y,n,371718
1987,2757.2215099641853,6,2.5,0.9,1,n,n,379583
1998,3338.2322304484646,5,2.5,0.98,0,y,y,517934
1994,1915.9318198013923,3,3.0,0.81,0,n,n,249539
1978,3459.739098689688,2,2.5,0.59,3,y,y,445310
2009,3701.317619164967,5,1.5,1.56,3,n,y,646097
1987,2867.4200862290254,3,1.0,1.25,2,n,y,363863
1996,3475.848712099127,5,3.0,1.39,0,n,n,522227
1998,2490.304609296781,3,3.0,1.19,2,n,n,391395
1988,3443.367665183523,3,2.0,1.29,0,n,y,440855
1990,2213.672126169573,2,2.5,1.02,0,y,n,279850
1995,1366.499606394542,2,3.0,1.64,2,n,y,204574
1986,3679.8778289737693,4,2.0,1.11,0,n,n,473631
2005,2468.588668808533,4,2.5,1.19,0,n,y,395638
1996,3350.709059807735,3,1.5,0.46,2,n,n,477006
1992,3817.4790293805945,3,1.0,1.12,2,n,n,529421
1997,2466.102348621497,5,2.5,1.15,0,y,y,384665
2004,3073.780369561043,3,1.0,0.94,1,y,y,480167
1995,3489.1522101708983,2,2.0,0.88,3,y,n,531572
1988,3694.6849062048414,5,2.5,1.08,2,y,y,552902
1998,3654.199871706116,5,2.0,0.69,0,y,y,553479
1993,1885.8956446155732,4,3.0,1.24,3,n,y,301484
2006,2617.832967049787,3,2.5,0.98,3,y,y,474874
2001,2568.7927779515453,6,2.5,1.2,2,n,y,440818
1988,1980.0357643576194,4,1.0,1.42,0,n,n,218305
1990,2145.8396223890386,6,1.5,0.75,1,y,y,305625
1994,2964.126707916612,3,2.5,0.78,1,y,n,433819
2000,3303.5283253439447,5,2.5,0.87,3,y,y,566079
1997,2339.307042362112,6,2.5,0.98,3,n,y,398096
1966,3286.6994023673983,6,1.5,0.7,0,n,y,321004
1985,2851.1344988090736,5,2.0,0.82,3,y,y,414970
1964,3574.9147352372843,5,1.0,0.93,3,n,y,385187
1991,4125.273594632018,3,1.0,0.92,0,y,n,557591
1996,2568.483747635228,2,3.0,0.81,2,y,n,397422
2006,2788.422637856538,3,1.5,0.85,3,n,y,463513
1995,3405.514683617146,2,1.5,1.04,1,y,y,483927
1999,2109.9841345549976,4,1.0,1.13,0,n,y,288447
2002,3088.610138436492,2,1.0,1.13,2,y,y,480241
2000,3243.023319410572,2,1.5,0.89,1,y,n,482303
2008,2334.341321941606,6,2.5,1.24,2,y,n,461251
1987,3964.607417434954,4,1.0,0.59,1,n,y,513541
2002,2022.4721081966848,4,3.0,1.06,2,n,y,349270
2013,3190.5690331645333,4,3.0,1.18,3,n,y,596285
1993,3826.255353446088,3,1.5,1.18,3,n,y,559138
2002,2059.895961508278,4,2.0,0.6,2,n,n,332984
2008,4056.314842823656,4,3.0,1.35,3,y,n,723697
1990,2660.513078258063,5,1.0,0.7,2,n,y,359576
1987,2924.3606296090866,2,3.0,1.0,1,y,n,393654
1991,3595.6085607619784,2,2.5,1.23,0,y,y,495291
1987,2661.2381317800027,3,1.0,1.14,0,y,n,321285
1991,3446.475954311717,4,2.5,1.3,0,y,n,493971
1984,2052.4357864268454,4,2.0,0.9,0,y,n,236365
1997,2605.6073286203264,4,1.0,0.96,3,n,y,395241
1999,2488.9550555257265,6,2.5,0.77,1,y,n,417393
1998,2751.588466346154,2,1.0,1.22,3,n,y,406038
1992,2615.4169381612146,2,1.5,0.49,0,y,n,327162
1989,1743.5721262635907,2,2.5,0.7,0,n,y,179535
1991,1819.448807045443,6,1.5,0.39,1,y,y,256267
2000,2678.550899839682,6,2.0,1.0,3,n,n,456782
1979,4065.700968775792,5,1.0,1.27,0,n,y,493905
1982,3878.61161427746,3,1.0,0.82,0,n,n,454091
2007,3175.3795083493446,4,1.5,0.68,0,y,n,509006
1994,3100.4861664249743,5,2.5,1.15,3,y,n,509822
1999,2901.1732460113876,6,2.0,0.63,2,y,n,484625
2005,2279.8799477958655,3,2.0,0.69,2,y,n,392331
1987,2894.44295106758,3,3.0,0.66,0,y,n,379066
1998,3002.620780697678,2,1.0,0.98,3,n,n,440093
1994,2794.998719606855,4,2.5,0.71,2,y,y,432399
1988,3049.383297964422,3,3.0,0.91,3,y,n,456057
1993,1932.0304278640192,3,3.0,0.82,2,n,n,277104
1991,2248.6495194178738,2,1.5,1.21,3,n,n,302947
2010,3027.5891245864964,5,1.0,0.85,0,n,n,486888
2002,4322.862704901761,6,3.0,0.82,3,y,n,745729
1996,2804.728751286144,3,2.0,1.01,1,y,n,415859
2001,2715.9878328483696,5,1.0,0.67,0,y,n,412448
2003,3265.3190982170245,6,1.5,0.84,2,y,n,554897
1980,3168.6110386176256,4,2.5,0.82,2,n,n,400091
2001,2571.6009358588944,2,1.5,1.37,1,n,y,373790
2008,3018.7973309096897,4,2.0,1.18,3,n,y,530519
1996,2842.620265416982,5,2.0,1.24,0,y,y,429993
2003,3608.151107516407,6,2.0,1.07,2,y,n,617272
1993,2682.272440533964,6,2.0,1.08,0,n,y,378540
1999,3514.367340043559,3,2.5,1.27,0,n,n,513705
2002,2126.3464270058785,6,1.5,1.89,2,y,n,394801
1992,2689.172592992341,4,2.5,1.18,0,y,y,383575
1999,2387.2626176636754,4,1.0,1.06,0,y,n,348989
1994,4102.222198254298,2,1.5,0.98,2,y,y,597533
1992,4065.1901297414224,6,2.0,1.56,0,n,y,588178
2001,4172.164001550299,6,2.0,0.96,3,y,n,705224
1982,1819.3692261335311,3,3.0,1.73,3,n,n,233855
2010,3205.927462638573,4,2.5,0.84,1,n,y,540989
1993,3391.9699429443144,2,2.0,1.26,0,n,y,447695
1995,2131.107761482125,5,3.0,0.72,2,n,n,335466
1994,3662.167473987659,5,1.0,0.82,2,n,y,531625
1996,2672.922957165726,4,2.0,0.88,0,y,n,389138
1998,3303.5982314118664,4,3.0,0.85,3,y,n,553289
1987,2629.7826335816617,5,3.0,0.58,2,y,y,388167
1992,4132.212135716596,3,2.5,0.87,1,n,y,580381
1989,2013.2345778395193,4,2.0,0.91,2,y,y,285635
2000,2559.1581511743034,4,2.5,1.22,1,n,n,399673
2011,3037.0768994883006,2,1.0,1.12,3,y,n,532361
2004,3231.6809979672153,2,1.5,0.81,0,n,y,464402
1999,2954.44684702113,3,1.5,1.21,2,y,n,463817
1986,3764.386881625053,2,2.0,1.11,2,n,y,496308
1990,1752.944638478274,6,1.5,1.09,0,n,y,216791
2003,2777.5848419590357,2,3.0,1.12,0,y,n,438437
2007,3269.4332077398885,2,2.0,1.04,1,y,n,531014
2012,3475.3271966761213,4,2.0,0.84,2,y,y,618899
1993,2340.498170384182,4,2.0,0.77,0,n,n,302624
1997,2737.6136133806635,6,1.0,0.95,3,n,y,434892
1984,1977.8040241397548,4,2.5,1.19,2,n,n,247020
2015,1717.6706901745306,4,2.5,0.82,2,n,y,357450
1985,1893.895958642981,4,1.5,1.14,3,n,y,238684
2000,2438.0031043312015,5,2.0,1.0,2,y,n,415700
1983,4203.331941944871,3,2.0,0.91,2,n,n,554149
2006,2847.4710085294946,3,3.0,1.55,0,n,y,460370
1997,2377.0437742517925,3,1.0,0.97,2,y,y,356106
1995,3199.46771523071,2,1.5,0.93,0,n,n,416370
1997,2762.693380188133,4,1.0,0.58,0,y,n,388104
1984,2358.3336781064277,4,3.0,1.09,3,y,n,345100
1999,2611.503529055477,5,3.0,0.99,1,y,y,436575
1983,2892.917628768248,6,1.0,1.24,1,n,y,362537
1988,3669.3296721898696,2,3.0,1.07,2,n,n,506449
1993,3456.6686318403204,3,1.0,0.93,1,y,n,482450
1991,3000.3045968919396,5,2.5,0.98,2,y,n,462245
1989,3521.6358436103337,2,2.0,1.19,3,n,y,491095
1983,3798.281546184171,6,1.5,1.21,2,n,y,520392
2002,702.5516575983365,5,1.5,1.16,0,y,n,130282
2001,3519.8747118557403,2,2.0,1.31,0,n,n,507631
1985,2209.53151520439,5,2.5,0.73,0,n,y,259879
1998,3302.640013386237,2,1.5,1.07,3,n,n,493946
1987,3685.0304404721874,5,1.0,0.79,0,y,y,489604
1991,2804.268228750761,2,1.0,1.32,1,n,n,350440
1992,3859.380872856541,5,1.0,1.01,2,y,n,574057
1995,3736.3988882920157,6,2.5,0.9,1,y,n,586459
1996,3782.9275745358814,2,1.5,0.81,2,n,n,537089
1998,2257.4540751978116,6,2.5,1.13,0,n,y,348068
2013,2949.009744831056,5,2.5,1.2,0,n,y,517851
1985,4669.226074380559,3,3.0,1.17,1,n,y,637933
2012,2769.826089258078,2,3.0,1.44,0,n,n,467073
1995,2662.448268946076,3,1.0,0.75,1,n,n,350617
2011,1136.5989921961627,5,1.5,1.19,1,y,y,255839
1998,3242.4682633626617,2,2.5,1.09,2,n,n,485220
1982,1943.4270625825686,3,1.5,0.95,2,n,y,203264
1987,4282.4740464800425,3,2.0,1.0,1,y,n,592371
2001,2909.7036878179742,2,2.0,1.24,1,y,n,450055
1986,1716.4095248036417,5,1.0,1.39,1,n,y,193311
1997,4096.555518521351,6,1.5,1.61,0,n,n,611133
1997,2585.2196255523827,6,1.0,1.05,3,y,n,433532
1991,2653.9460879670924,6,1.5,1.04,1,n,y,371191
1990,2557.8205228300108,3,2.5,1.26,1,y,n,360073
1978,2528.384392803141,5,3.0,1.07,1,n,n,300307
1979,2560.196713775637,5,2.0,0.41,0,n,n,270179
1993,2037.432780087583,6,1.0,1.17,2,y,y,318164
2004,2742.922717848017,2,3.0,0.67,2,y,n,461488
1992,4004.0607551757494,6,2.0,1.09,0,y,n,591959
1995,2556.0092803417238,2,2.5,1.12,2,n,n,367701
1988,3092.4078372825015,6,2.5,0.95,3,y,n,485611
2005,3211.7301532101005,3,1.0,0.9,2,y,y,520259
2013,1972.0712308309237,5,2.5,0.93,2,n,n,397260
1994,2814.8292984705176,3,1.0,1.29,3,y,n,426574
1992,3915.9188995976765,5,2.0,0.86,3,n,n,590287
1997,2808.9520540723515,6,2.5,1.17,1,n,y,441392
2010,3896.6991343710115,3,1.0,1.18,1,n,y,617204
1994,3384.3662662888673,5,3.0,1.13,3,y,n,559604
1993,1680.2930582384097,2,3.0,1.01,2,y,y,252193
1997,3117.189719846897,3,1.5,0.95,3,y,n,489328
1982,3437.3378076469194,6,3.0,0.85,2,y,n,498350
2014,3266.5030142232904,5,2.5,1.18,3,n,y,615175
1997,1962.0517655773547,5,2.0,0.87,0,y,y,297357
1984,2792.870696467099,3,3.0,0.99,3,n,y,378780
1991,3814.5383698619207,3,1.0,0.98,0,y,n,511880
2002,3453.158846657491,2,1.5,1.21,1,y,n,528623
1989,3347.3099175232314,5,2.5,1.3,1,n,y,474096
1975,4476.321994323109,5,2.5,0.86,2,y,y,601848
1981,1701.9820925878853,2,2.0,1.06,1,n,n,146197
1986,3587.23246844726,6,2.5,1.19,3,n,n,533434
2000,2415.6532888893125,5,2.5,0.86,0,n,n,367747
2019,2363.41470783348,6,2.0,0.81,1,y,n,491662
1980,2216.574491214127,5,1.0,0.9,2,y,n,265986
1990,2980.657108030871,4,2.5,0.91,2,n,n,423248
1987,3258.9847675101546,2,2.5,0.49,0,y,y,413697
2006,3211.1613907818387,4,2.5,0.83,0,y,n,526624
2006,3914.27052251881,2,1.5,1.24,0,n,y,583240
1987,2588.866662494811,3,3.0,1.15,3,y,y,385579
1999,3066.394879191481,6,3.0,1.2,3,n,y,527959
2011,3695.2440294265425,2,1.0,1.3,0,y,n,588786
2005,4479.767895018825,4,3.0,0.74,3,y,y,763065
1999,2855.8564054517924,2,1.0,0.8,0,y,n,395378
2014,1987.835204612879,5,2.5,1.1,0,y,n,397175
1997,2025.4162639748101,2,1.0,0.62,1,y,y,273112
2007,3653.1566500591757,2,2.0,1.16,3,n,n,600373
2003,1828.6876377403805,4,2.5,0.9,0,y,n,305303
2003,3964.514836385779,4,1.5,1.21,2,y,y,645327
2018,2317.513384483396,4,1.5,0.77,0,n,y,416677
1973,2433.0815528904473,3,1.5,1.11,0,n,n,204112
2002,2931.250699347225,6,1.5,0.73,2,n,n,478137
2006,2123.2894640532327,6,2.0,0.63,3,y,n,417943
2006,3266.545655508197,4,2.0,0.82,1,y,y,542281
1983,2727.3608168461883,2,2.5,1.16,0,n,n,304004
1996,2174.866918027546,2,3.0,1.11,3,n,n,337880
1983,2400.8624235304987,4,1.0,0.93,0,n,y,249079
1992,2640.109235084234,3,3.0,1.08,3,n,n,397216
1984,2113.337951458211,2,3.0,0.96,2,n,n,251400
1977,2868.9607472098783,5,1.0,0.85,0,y,y,318094
2010,3049.322927785956,5,3.0,0.84,0,n,n,519998
1996,2151.694762431332,6,1.0,0.87,1,n,y,310804
1982,1927.1919980166917,4,2.5,1.77,3,y,y,273128
1989,3386.848392799191,5,3.0,0.9,3,n,y,511527
1990,4573.41686280657,5,2.0,0.74,1,n,y,647112
1994,2442.0152970172708,3,1.0,0.63,0,n,y,295752
1985,2970.754019025271,6,2.0,0.77,0,y,y,397163
1988,2647.3016810426598,2,2.5,0.8,0,y,n,331595
1995,2914.152544956546,3,2.0,0.96,0,n,n,391522
1984,2774.19337484818,3,1.5,0.8,2,y,n,355629
1979,3052.262774141103,3,1.5,1.07,0,n,y,326389
1988,2810.671301636656,6,2.5,0.75,1,n,n,390350
1994,3193.9494097121437,6,2.0,1.11,3,n,n,505742
2001,2385.8667275411194,6,3.0,1.63,2,n,n,427330
2005,3121.264205277409,5,3.0,0.69,3,n,n,548539
2002,2024.3494745512642,4,1.0,0.93,0,y,n,307602
2000,3156.484472532959,3,3.0,0.81,1,y,y,500622
2012,1326.2044649927277,4,2.0,0.96,2,y,y,298330
2003,3361.6773805745006,2,3.0,1.29,0,n,y,508601
1988,3379.857779211085,6,1.5,0.17,1,n,y,452028
1998,1759.0109196238673,4,2.0,0.99,2,n,y,273701
1984,2423.7717094258323,5,2.5,1.31,0,y,y,315715
1997,3395.1557346743357,6,2.5,0.44,2,n,n,533373
2001,2702.46853672213,5,2.0,1.19,1,n,n,428220
1978,1385.809038391654,5,3.0,1.3,2,y,y,167371
1996,3148.093878819873,4,1.0,1.09,1,y,n,463564
1982,2804.626373166977,3,2.0,1.12,2,y,y,362493
1987,3014.2771493510336,5,1.0,1.3,2,n,y,406641
1980,3882.526933029882,5,2.0,1.01,1,n,y,497529
1998,3042.6786831510562,3,1.0,1.15,0,y,n,433651
1992,3410.7702202199625,2,2.5,0.89,2,n,n,477465
1999,1405.903470893493,2,2.0,0.78,1,n,n,187585
1980,2773.091335069203,4,1.0,0.78,2,y,y,337663
1990,2133.620868038212,6,2.0,0.95,0,n,n,279293
2008,2100.791257862161,4,1.0,0.67,3,n,y,370168
1992,4225.494306335235,5,3.0,1.03,2,n,y,639274
1972,1924.4017587699002,3,2.5,1.17,1,y,n,173710
1996,3378.094213955054,6,2.0,1.36,2,n,n,532114
1996,3201.7997169225955,6,3.0,1.42,2,y,y,541569
2004,4218.938722890013,4,3.0,1.43,1,y,n,699290
1995,2362.480947284123,4,3.0,0.72,3,y,n,395172
1989,1806.9344705912756,4,1.5,1.23,2,y,y,251990
1991,2781.3683826868664,2,1.5,1.16,0,y,n,357105
1998,4007.6627339031375,5,3.0,1.5,0,y,n,633649
1998,2259.2340451922546,6,1.0,0.79,0,n,n,320735
1998,3433.3618517680598,2,1.0,1.12,2,n,y,491804
1984,2388.759378432283,4,2.0,0.89,2,n,y,296663
1987,2498.4418913314657,3,3.0,0.83,3,y,y,367216
1997,3635.3182462920386,5,2.0,1.28,3,n,y,579497
1982,2905.0347910860123,2,2.0,0.95,2,y,n,365005
1975,3136.5733050158838,2,2.5,0.6,2,n,n,346985
2003,3191.3161587756267,2,1.5,1.01,2,y,n,506347
1981,4265.855244775376,2,2.5,1.24,0,n,n,525978
1983,3514.133748908067,4,2.5,1.11,3,n,y,486270
1989,3361.9164961621827,6,2.0,1.06,1,n,n,475187
1989,3181.372231289955,4,3.0,1.04,1,n,y,442805
1996,2094.0573328135174,4,1.0,1.31,1,y,y,308758
1990,4603.3037809900825,5,1.5,0.55,0,n,y,626245
1994,2338.656602743909,6,2.5,0.91,2,y,y,386948
1996,3114.484227432911,2,1.5,1.17,2,y,n,462222
1992,4562.47694401937,5,3.0,0.82,2,y,n,706671
1993,4007.339312628437,2,2.0,1.06,0,y,y,557000
1995,3047.2494410699373,2,2.0,0.86,3,n,n,444987
1994,2388.7163159727875,6,1.5,1.45,0,n,y,337557
2019,3201.599896783258,4,3.0,0.83,1,n,n,592689
1994,2216.980444954525,5,1.0,0.99,1,y,y,322397
1999,1810.3232513860721,6,3.0,0.62,2,n,y,315848
1977,3524.965374967689,3,3.0,0.79,3,y,n,470594
1991,2653.2298029780964,5,2.5,0.88,3,y,n,423684
1989,1908.754104330485,3,1.5,0.9,1,n,y,217313
1995,2835.693263566434,2,1.0,1.34,2,n,y,390453
1978,3369.993142086213,2,3.0,0.81,2,n,y,407648
2009,3017.167643267722,6,1.0,0.93,3,y,y,556525
1999,2811.656213747701,2,3.0,1.59,0,y,n,430598
2006,3780.369295131377,6,3.0,1.19,1,y,y,659905
1992,1252.4135118408922,3,2.5,1.24,1,y,y,173962
2000,2696.544813479838,4,1.5,1.23,0,n,y,390431
1999,3750.3921566885388,3,2.5,0.85,3,y,n,607808
1979,2746.347669520605,5,1.5,1.24,3,n,n,348052
1987,2306.4579267054105,5,1.5,0.96,0,n,n,272868
1990,1642.6995096999053,5,3.0,0.48,0,y,y,223604
1999,3584.538388751388,5,2.0,1.06,1,y,y,568580
1991,2508.580834526024,2,2.0,1.2,1,y,y,339287
2005,3678.2491039119145,6,2.0,1.1,3,n,y,633237
1991,2804.590905878145,6,2.0,1.13,2,n,n,417638
1971,3932.440884919993,5,1.5,0.84,2,n,y,464966
2000,2701.844520568186,5,3.0,0.96,1,y,y,454676
1993,3037.2717184183616,2,3.0,1.02,2,y,n,455890
1976,2899.6606686360346,5,3.0,1.46,0,n,n,336849
1990,2870.9929283359584,4,1.5,0.97,0,n,y,362698
1990,2756.0061983927644,3,3.0,1.4,2,y,y,414400
1984,3897.4008848856756,4,1.5,1.12,3,n,y,533910
1987,2734.4311831441046,6,1.0,1.62,2,n,n,379464
2014,3640.177142911186,3,1.0,1.11,3,n,n,627676
1994,3790.0490473340083,2,3.0,1.0,2,y,y,573507
2005,3343.119092546507,3,3.0,1.12,3,y,y,588267
1982,2065.006424272554,3,1.5,1.19,2,y,n,245100
1991,2473.8405119627064,4,2.0,1.07,0,n,n,317126
2000,3629.306284688684,3,3.0,1.15,1,y,n,576645
2008,3458.13999711694,2,2.5,0.76,1,y,n,567620
2004,2957.1370899463336,5,1.0,0.6,3,y,y,507570
1992,2240.8115465142464,6,2.0,1.1,3,n,n,352621
1984,3379.9607390477354,3,2.5,1.17,0,y,y,437044
1988,3598.265210623501,4,2.5,1.06,2,n,y,508139
2004,2707.988008123209,3,1.5,0.63,3,n,y,438148
1998,4067.1376986244213,2,1.0,1.02,3,y,n,620370
1988,3362.4071299508746,4,2.0,0.88,0,n,y,432561
1994,3250.190833915699,6,1.5,0.82,3,y,n,522328
2018,3025.4161129877416,2,1.0,1.14,3,n,n,545912
1983,3597.637556402751,5,2.5,1.08,1,n,y,478345
2005,2299.342284563493,5,2.0,1.34,0,y,n,395001
1989,2465.574961843604,5,1.5,1.14,2,y,y,359436
2013,3742.3978457509706,5,2.5,1.13,1,n,y,650809
1993,3259.147469412692,3,1.0,0.73,3,n,n,459822
1998,2534.0341791195337,5,2.5,0.77,1,n,n,389155
1995,2413.0306635285515,2,3.0,0.97,2,n,y,351504
1996,4056.615355921388,3,1.0,0.44,2,n,n,575092
1996,2981.690891081689,4,2.0,0.81,1,n,n,429403
1984,2384.146069280782,2,1.5,1.38,1,y,n,280821
1992,2288.036496025169,6,2.5,1.04,0,y,n,341305
1983,3464.31726196749,2,2.0,1.28,3,n,y,453847
2004,2717.4983192771606,4,1.0,0.93,3,y,n,466574
1999,2660.70168397349,6,1.0,0.87,2,n,n,417155
2004,2297.746162673945,2,2.5,0.69,1,y,y,372511
1996,2813.142599178164,4,2.5,1.27,3,n,y,448521
2003,3172.330137307933,6,1.0,1.21,1,n,n,503999
1984,2719.5450032148924,2,2.0,0.81,1,y,y,330081
1981,2245.448542487674,6,1.5,1.2,2,y,n,297317
1989,4047.6101636849335,2,3.0,1.01,3,n,y,582291
1999,2592.939879341972,2,1.5,0.93,3,n,n,390390
1983,2754.531900362072,6,3.0,1.12,0,n,n,354979
1986,2037.221410095241,5,2.0,0.88,0,n,n,233783
1980,3751.750382024852,5,2.5,0.93,3,n,y,514212
2003,1656.3710643434597,4,2.0,1.09,0,y,y,274805
1991,1571.1410246256612,3,1.5,1.47,1,y,y,205221
1998,2551.211006206256,3,1.5,0.99,3,y,y,410031
1976,2232.2171521056307,3,2.0,1.47,3,y,n,266882
1987,2651.2430516341237,2,2.0,1.18,1,n,y,320386
1999,2161.340987560615,4,1.0,0.75,3,n,y,335451
2002,3577.6444430236756,6,1.5,0.87,3,y,y,612196
1990,2621.4581081727697,5,1.5,0.77,2,n,n,362268
1999,2256.9400876657237,4,2.0,0.92,1,y,y,357341
1996,3039.0317636297555,2,1.0,0.95,2,y,n,440104
1995,2228.730426694205,4,1.5,1.19,2,y,n,344659
2011,3435.9563729462,5,3.0,1.15,0,n,n,587643
1981,1532.3351432946492,4,1.0,0.82,3,n,n,152150
2004,2457.2013770909957,2,3.0,0.78,3,n,y,415280
2002,2209.3101830767428,2,1.0,1.03,1,y,y,331846
2003,2074.316352867966,5,1.5,1.02,0,y,y,338947
2013,3179.1112078781343,5,1.0,0.62,0,y,n,541166
1998,1958.8191538579192,4,2.5,0.53,2,n,y,304272
2005,2245.7047707263337,6,3.0,1.32,3,y,n,456655
1973,3711.775033468076,2,2.0,0.99,0,n,y,391616
1984,3459.6565144861775,6,1.5,0.97,2,n,y,470998
2019,2403.1527401771655,6,1.0,0.88,0,y,y,468672
2001,3646.7821176179177,3,3.0,1.0,3,y,n,612017
1973,2348.0005314179066,4,1.5,0.98,2,y,y,249400
2006,2526.426057435854,5,2.5,1.44,2,n,n,453063
2000,4357.658323398736,5,2.5,0.91,2,y,n,709798
2004,3504.114011769219,4,2.0,0.73,1,y,y,566567
1980,2551.8211644481803,4,2.0,0.99,1,n,y,287623
1988,2447.6477607429847,5,1.5,0.55,2,n,n,322897
2004,4326.533628501131,4,2.5,0.79,3,y,n,728330
1996,2581.6891479482997,4,1.5,0.85,0,n,n,347503
1998,2620.4148674500693,2,3.0,1.09,3,n,y,414412
1996,3751.288634270292,6,1.0,0.71,2,n,y,563343
2000,2376.9120593192893,6,3.0,0.93,3,n,y,425486
1998,4184.957696883394,2,2.5,0.98,0,n,n,594943
1998,2034.1547588740264,3,1.0,1.25,2,n,y,293873
1983,2190.120802497133,3,2.0,1.03,0,n,y,223968
2005,2788.8488171795807,5,3.0,1.21,3,y,n,526477
2010,2218.505707656675,5,2.5,1.02,1,y,n,425575
1986,3329.03980109366,5,1.5,1.18,0,y,y,444555
1992,3078.374757767021,6,3.0,0.75,0,n,n,443006
1994,2295.7179230364327,4,2.5,0.74,2,y,n,357957
1986,3436.7100148847444,2,2.0,0.93,3,n,n,459456
1999,2899.040003793772,5,1.5,0.71,3,n,n,463006
2003,2871.1562934369113,5,1.0,0.88,1,y,n,463873
1998,3734.8309446542917,2,1.5,1.23,2,y,y,566174
1978,2172.2964755968546,3,2.5,0.59,3,n,n,242194
2013,2640.839501481225,3,2.5,1.18,1,n,n,466325
1999,2204.4234886017566,4,3.0,0.91,3,n,n,374313
1987,4798.720133405238,4,3.0,0.93,2,n,n,688758
2011,2777.571430921877,2,1.5,1.23,1,y,y,472585
1985,3461.8865194913915,2,1.0,1.12,1,y,y,436082
2005,2236.023860750357,6,2.0,0.83,2,y,n,417853
1994,3737.590767402124,4,2.5,1.19,3,y,n,595988
2004,4173.879904832223,5,2.5,1.15,2,n,y,685831
1985,5034.830809765421,6,1.0,0.71,2,y,y,720874
2001,2737.8185767787427,5,1.0,0.58,1,y,y,429372
2001,3315.4853565081125,3,1.5,0.76,2,n,n,501222
1984,4131.69610815653,5,3.0,1.03,1,y,y,590204
1997,4020.9754402315484,2,1.0,1.39,2,n,n,578996
1994,3638.2092886820406,4,1.0,1.27,1,y,n,529781
1993,4149.760970159967,4,1.5,0.81,3,y,y,632114
1983,2959.8151124637625,4,1.0,0.79,2,y,y,380822
1997,2663.0697331851125,4,1.5,1.25,1,n,y,385710
1994,2621.871590375672,4,2.0,0.93,3,n,y,397230
1983,3659.6544294135547,2,2.0,0.58,0,y,y,447648
1979,1721.310545935535,6,3.0,1.04,1,n,n,193796
2017,4154.900565882902,3,3.0,0.89,3,y,n,766585
1969,3621.753028498365,5,1.0,0.74,0,y,n,389362
2005,2624.951649012326,5,2.0,0.83,1,n,y,431192
1999,2989.024718323485,3,2.5,1.12,3,n,y,477653
1982,4332.487096097551,5,1.0,0.85,3,y,n,607623
2002,2296.048036847421,5,3.0,0.88,2,y,n,417607
1996,1967.093262208373,5,1.0,0.95,2,y,n,309313
2003,2520.919763473303,5,1.0,0.93,0,y,y,397087
2000,2918.4109068592893,4,1.0,1.1,3,n,y,459261
2004,2648.1728663727026,5,1.0,1.16,1,n,n,419625
1985,3512.7233638927237,3,2.5,0.73,0,n,y,435358
2004,3662.9472735159848,6,3.0,1.39,1,n,n,615292
1994,3980.919415864342,2,1.0,1.15,0,y,n,544387
1989,2464.6242352404206,6,1.5,0.84,1,y,y,349793
2011,2747.110825758326,4,3.0,0.99,3,n,n,516916
1992,817.0436135555901,3,2.5,1.05,1,n,y,85806
1996,3325.463782951288,2,1.5,0.82,3,y,n,503619
2011,2875.3297990925125,2,1.0,1.03,2,n,n,471749
1990,3338.2045957932587,6,3.0,1.04,0,n,n,476330
2006,3784.755458640908,4,1.5,0.96,0,n,y,579613
1995,2421.4478842896706,5,1.0,0.76,1,n,n,334617
2010,2837.5796273224246,5,2.5,1.32,1,n,n,502936
1998,2778.867116229873,2,3.0,0.88,0,y,n,410030
1994,3718.3757062607892,2,2.0,1.12,0,y,n,519556
1983,3818.6137176241523,5,2.0,1.17,2,y,n,540342
1999,2889.3460598431852,2,1.0,1.1,2,n,y,414901
2002,1049.4100369391838,2,2.0,1.07,1,y,n,173461
1985,3053.8275086223193,6,2.5,0.92,1,n,n,414374
2003,3101.7188963279073,2,2.5,0.53,1,n,y,465707
2006,2844.948475111533,4,1.5,1.27,3,n,n,488292
1982,1743.0685646601146,6,3.0,1.17,1,n,y,214010
1983,3670.6974499911275,4,1.0,0.86,1,n,y,453504
2006,2852.930409476181,5,1.5,0.87,3,n,n,493489
2000,2797.810023997325,2,3.0,1.0,1,n,n,419671
1998,1965.0208265363856,5,1.0,1.13,2,n,n,301703
2003,3339.2146026897935,2,1.5,0.89,2,y,y,526732
1974,3575.2417729671083,5,2.5,0.67,1,n,n,423836
2004,1638.8111045104797,3,2.0,0.76,0,y,n,262221
1984,3011.2091805920018,4,1.0,1.13,3,y,y,413631
1991,1805.5162008297536,3,2.0,1.35,2,n,n,241077
1992,3330.0696565914377,4,1.0,1.16,3,y,n,501910
2002,3655.421295067629,3,2.5,1.57,0,n,y,554363
2005,4014.3239437230945,6,2.0,1.13,3,n,y,684098
2011,2990.6678615948363,6,1.0,0.81,1,n,n,510750
2008,3452.302850671002,4,2.5,0.73,1,y,y,586295
1992,2684.043077613725,3,1.0,0.68,2,n,n,352806
1988,1847.5191593327686,5,1.0,0.75,3,y,n,263377
2005,4328.549305753801,5,1.5,0.94,1,n,n,680882
1990,3064.3581985861815,5,1.5,0.97,0,n,n,401703
2015,3383.847084037683,6,2.5,0.99,3,n,y,644927
2008,3903.194080298238,5,2.0,1.1,1,n,y,641979
1998,2055.086404197424,4,1.5,0.64,1,y,n,310362
1979,4142.393465765471,3,2.5,1.09,1,y,y,540209
1976,2482.9784152016273,2,1.5,1.1,0,n,n,216446
1997,2616.4093951834293,4,3.0,0.64,2,n,n,407061
2002,3354.553917700462,2,3.0,1.06,1,y,y,534083
1995,3532.9078361217057,5,2.5,0.48,0,n,n,504636
1982,3385.328301289818,6,3.0,1.08,0,y,y,463999
2005,3679.912124499799,5,1.5,0.85,2,y,y,617236
2016,3440.415783300224,4,2.5,1.11,2,y,n,645212
1977,1783.977744485816,2,1.5,0.71,0,y,n,130746
1996,3400.675813385381,2,1.5,0.99,2,n,n,482451
1994,3615.5453338827288,3,3.0,0.77,0,n,n,503881
2011,5154.855230006024,4,1.0,0.97,0,n,y,802778
1989,2513.3082479428235,5,3.0,1.1,2,y,y,388496
2011,2443.5270915125725,4,1.0,0.86,2,y,y,444429
1993,3287.761537286049,2,2.0,0.71,2,n,n,453814
1986,2288.7763345988456,6,1.5,1.49,2,y,y,333166
2009,3107.304453941598,4,1.5,1.33,1,n,y,513545
1989,2937.6151910991503,3,2.0,0.83,2,y,y,413092
2019,1570.1347532675477,3,1.0,1.29,0,n,y,299870
1989,3656.438834841005,2,1.5,1.08,2,n,y,487165
2012,3486.272757666042,6,2.0,0.9,0,n,n,591440
2003,3947.497301692012,3,1.5,1.23,2,y,n,633074
2006,2369.7197707471164,5,3.0,1.19,2,n,n,433307
1994,1828.612800613272,5,1.5,0.95,0,y,y,256041
1985,3358.5825536402926,2,3.0,1.14,3,n,n,460887
1991,2901.994634940183,2,3.0,0.63,1,n,n,384749
1988,2077.447190526288,4,2.5,0.87,1,n,y,262167
1973,2739.849266462138,4,2.0,0.92,0,n,n,264777
1997,3442.705799632453,6,2.5,1.13,0,y,y,540855
2010,2886.7060459062545,4,3.0,1.02,2,y,n,538305
2006,2938.479108085162,2,1.5,0.84,1,n,y,445871
1995,3876.761416368233,6,2.5,1.0,2,n,y,604014
2001,2443.9079251464855,3,3.0,1.2,3,y,n,434586
2002,3384.380862244123,5,2.5,0.92,2,n,n,553957
2005,3185.905527325097,6,3.0,0.75,3,y,y,589135
1999,2557.98519799759,3,1.0,0.44,1,y,n,370297
1992,3608.5592756966366,2,3.0,0.5,2,n,y,508783
1978,1281.1741671705922,4,2.5,1.24,0,y,n,103276
1983,3949.710560901996,2,1.5,1.07,3,y,n,536006
1986,2817.915152449825,6,1.0,0.62,1,n,n,356987
2002,2117.918955101854,4,2.0,1.1,0,n,y,319187
1995,2462.172218073672,6,2.0,1.08,3,n,y,400525
2000,2667.580399319093,6,1.5,0.42,0,y,n,413937
1998,3171.539263432341,4,1.5,1.1,2,n,y,479730
1994,3054.093041172132,3,1.5,0.62,2,y,n,444913
2013,1883.5535103791156,2,1.0,1.17,0,n,n,305083
1986,4387.931785255476,5,3.0,0.63,3,n,n,642639
1989,3312.463595933966,5,1.0,0.48,3,n,y,464069
1988,3668.795832242777,5,3.0,1.19,1,y,n,543169
1990,2587.5032374673406,5,1.5,1.08,1,y,y,366825
1992,3698.4317561755934,6,2.5,0.72,3,n,n,573064
1972,3900.217851263688,2,3.0,0.87,2,n,n,458082
2010,2952.748926865717,4,1.5,1.2,0,y,y,498412
1991,2288.4999902230356,3,1.5,1.3,0,n,y,275274
1986,2513.6561391181144,2,1.5,1.01,0,y,y,289698
1980,4555.514361874772,6,1.5,1.12,2,y,n,637627
1994,3403.44288713417,6,2.0,1.5,2,n,n,528016
1986,3829.4480234348252,6,1.0,0.86,0,y,n,517317
2017,1933.973947475403,6,1.0,0.98,3,y,y,434796
2001,3407.2105816289345,5,2.5,0.61,2,y,n,567731
2007,2777.883452082529,4,2.5,0.81,2,n,y,476332
2004,3219.9416977319624,3,1.5,0.89,1,y,y,508841
1984,2670.073559025841,3,1.0,0.87,0,n,n,283561
1973,2595.0118872289977,4,1.5,0.8,0,n,n,233751
1994,3082.867634839874,2,2.0,1.0,0,n,y,402430
1996,3159.6201844413285,5,2.0,1.55,3,y,n,527193
1994,3943.3702198182445,5,2.5,0.99,0,n,y,568855
1987,3024.691352781281,4,2.0,0.86,1,n,y,391603
1994,2050.270295697755,5,2.5,0.65,0,y,n,299790
1984,1455.9855505133564,4,2.0,0.8,3,n,n,170397
1999,3488.245451146008,2,1.0,0.92,3,y,n,537036
1988,3602.0137302680305,5,2.5,1.31,1,n,y,507452
1980,2790.849491951027,3,3.0,0.99,1,y,n,348477
2005,3772.616579281268,4,1.0,1.23,1,n,n,584342
1991,3354.8968238267075,5,3.0,1.04,0,y,y,493834
1993,3076.964469229043,2,1.5,1.17,3,y,y,456594
1993,3007.267820563221,5,1.5,0.84,1,n,n,421190
1986,2948.8391010300793,2,1.0,1.31,0,y,y,351975
2009,2920.4142894477914,4,1.5,1.08,2,n,n,496762
1991,3863.0034220272673,4,3.0,1.11,3,y,n,606100
1999,3392.847978401698,6,2.0,1.1,1,n,n,530427
2004,2693.953329461366,3,3.0,1.25,2,y,y,472842
1991,4329.713794855335,2,3.0,0.79,3,y,y,651307
1996,1211.5433171098439,3,3.0,0.75,0,n,y,152981
2008,1911.238551049069,2,2.5,0.75,1,y,n,335435
2002,3390.4819769947867,6,2.0,0.96,1,y,n,562972
1994,1681.7995417962115,2,3.0,1.04,2,y,y,257869
1993,3825.5197489306306,4,1.5,0.9,1,y,y,554827
1989,2238.822167256531,5,2.0,1.19,3,n,n,328673
1995,3360.8820018522097,4,2.0,1.02,0,y,n,489432
2001,3875.0735120458626,5,2.0,0.85,3,y,n,649011
1999,3210.2613845013434,3,1.0,1.2,3,y,n,509539
2003,3087.5615627629463,5,2.0,1.45,2,n,n,514884
1991,2781.3712879622676,5,2.0,1.16,3,y,y,439605
2002,2454.9793298446198,3,2.5,1.16,0,n,n,368146
1991,1163.9907326616362,4,1.5,1.42,2,y,n,168398
2002,3420.364733034517,4,2.5,0.76,0,y,n,536954
2005,2938.3130930012694,6,1.0,0.63,0,n,y,455196
1985,2041.0845370744764,4,2.5,0.93,3,y,y,292612
2000,3123.459694054843,3,1.5,1.07,0,n,n,442068
1992,3181.883117574861,4,2.0,1.13,3,n,y,474232
2002,2087.6029265025923,2,2.5,1.07,0,y,y,321690
1982,2726.3898871151487,2,2.0,0.89,0,y,n,307308
2005,2304.1447564965742,6,1.5,1.11,1,y,n,409771
1999,3214.3954479122553,4,1.0,1.11,2,n,y,483809
2014,3821.5559099720713,6,1.0,1.21,0,n,y,641383
1986,3414.0919469969294,6,3.0,0.68,1,y,n,497313
1987,2941.7196893465334,2,2.0,1.06,0,y,y,367157
1996,3919.7494584347546,3,2.5,0.8,1,n,n,567462
2000,2805.2469739572293,6,1.0,0.73,3,n,n,456737
2007,3225.290293672397,5,2.0,0.99,2,n,n,548643
1994,2929.129980007888,2,2.0,1.38,0,n,y,385069
1981,3852.3097069639853,5,2.5,0.91,3,y,y,553996
1993,2655.97740143455,4,1.0,1.32,1,n,n,358196
1994,3712.5823294956626,5,2.5,0.83,1,n,n,546837
1990,3797.7126239714476,5,3.0,0.92,0,y,n,553456
1995,2768.866973492642,2,1.5,0.64,3,y,y,412430
2010,2018.6494580737462,4,2.0,0.76,0,y,y,359197
1993,2934.5178555853627,6,3.0,0.73,0,y,n,446127
1989,3380.3589931245074,2,2.5,0.93,2,y,y,478503
2002,3741.1322253848493,3,2.0,0.94,3,n,n,595269
1992,2855.6487617071316,6,1.0,0.64,3,n,n,422947
1994,2767.5346198078546,5,2.5,0.73,0,y,n,408580
1985,2931.3442156907868,5,2.0,1.19,2,y,y,417551
1996,3481.826216539922,3,2.5,0.77,2,y,y,536323
2004,3995.049691798655,6,3.0,0.36,0,n,y,634657
1986,3538.5139442026903,6,2.5,1.04,2,y,n,528877
1983,3697.0153462800245,5,2.5,1.04,2,n,n,507652
2006,1911.9677398037556,4,1.0,0.55,3,n,n,330045
1981,2243.133429906028,4,1.0,1.13,3,y,y,283420
1991,3226.1892391297106,6,1.0,1.23,1,n,n,452378
1988,3339.9776019414157,5,3.0,0.99,1,n,y,470846
2012,3145.774013975566,2,3.0,1.08,0,y,y,538066
1981,2656.227692795289,5,1.0,1.34,0,n,n,293534
1991,1064.4119480001916,5,1.0,1.07,3,y,n,165711
1973,3343.7196069519964,2,2.0,0.92,0,y,n,355357
1986,3600.058406959844,3,2.0,0.97,2,n,y,479558
2012,2021.7940825915543,3,3.0,0.78,0,y,y,374969
2001,2729.001209749211,4,3.0,1.41,1,n,y,440500
1980,3416.9600803616618,3,2.5,1.24,1,y,n,438644
1978,4025.2961606860335,5,2.5,1.01,0,y,y,521444
2011,2463.7004854967963,3,2.0,1.13,0,n,y,406505
1983,1775.1517917766776,2,3.0,1.04,1,n,n,181872
1987,2714.8457624282782,5,1.0,0.99,1,y,y,362076
1994,3725.6614906772083,2,3.0,0.88,2,y,n,562049
1993,2301.5680459706505,2,2.0,0.34,2,y,n,320335
2003,3626.9743452829975,4,1.5,1.29,2,y,n,595896
2003,3288.5974015402103,6,2.0,1.18,2,y,y,570989
1985,2793.7417513999703,6,1.0,1.2,1,n,y,357061
1978,2438.8528064497386,5,2.0,1.17,0,n,y,258377
1996,2351.9289705565143,2,2.0,1.34,3,n,y,352889
1994,3816.880905788498,6,3.0,0.43,2,y,n,608982
2004,3275.074654180555,6,3.0,1.17,0,y,n,558811
1995,2721.112201253069,3,1.5,1.1,1,n,y,372166
1985,1016.3677954992952,6,2.5,1.22,1,n,n,113255
1984,3163.8925403436847,6,1.5,0.93,0,n,n,396033
1984,2615.4620326195904,3,1.5,1.2,3,y,y,352819
2000,3747.290545233217,3,1.5,1.12,2,y,y,586393
1983,2653.8619976931564,6,1.5,1.38,0,y,y,341279
2006,4004.015301770945,4,2.0,1.38,1,y,y,661302
1991,2422.443426925536,4,2.0,1.0,0,n,y,308366
2003,3533.6240723460196,5,2.0,0.85,0,y,y,562793
1983,2447.751877534846,5,2.5,1.27,0,n,n,293712
1985,3492.7251677525583,3,3.0,0.62,2,y,n,488208
1991,4300.689109628607,5,2.5,0.79,2,n,y,634453
1993,3285.578367837199,2,2.5,0.9,3,n,n,478836
1999,2060.0875714298904,6,2.0,0.76,1,y,n,345413
1984,3178.102121500337,6,1.0,1.41,0,n,n,397865
1996,3349.568811682966,3,1.5,1.31,3,n,y,504585
1980,1359.6454274999326,5,3.0,1.4,2,y,n,174946
1992,3235.3115775111564,2,2.5,1.05,1,y,y,458546
2005,2030.1878142121886,2,1.0,1.08,2,n,y,315728
