1986,3207.531040129804,4,2.0,1.12,2,n,n,432929
1986,2472.6680263285134,3,2.0,1.73,2,y,n,341850
1985,3203.5898430974808,6,1.0,0.89,3,y,y,463888
1993,3000.342255808106,5,3.0,0.75,1,n,y,441301
1990,2934.9973591384924,3,1.5,0.56,1,n,y,371149
1997,3187.9600420982865,3,3.0,0.98,2,y,n,507894
1982,3495.6635839036044,6,2.5,0.86,1,y,n,484749
1969,3015.706278289353,5,1.5,0.82,2,n,n,317155
1981,3784.0533457019865,6,2.0,1.08,0,n,n,483808
2002,3640.6954854883115,4,3.0,1.47,2,n,n,598154
1982,3173.8841365321064,6,2.5,1.15,1,n,n,420832
2007,3568.9167537821663,3,3.0,0.93,1,y,n,599287
2002,2140.444375371718,5,1.5,0.71,2,y,n,369216
1997,2178.0467844418918,4,1.0,1.23,0,y,y,310157
1990,3164.586596855508,6,3.0,1.29,2,n,n,484037
2000,2519.9287140777546,5,1.5,1.01,0,n,y,370639
2018,2421.1536337854777,4,3.0,1.54,0,n,y,466273
1999,2966.9407013681684,4,3.0,1.24,2,n,y,478641
2002,1272.8825847636786,2,3.0,0.69,0,n,n,181282
2000,3499.19151857076,6,2.5,1.17,3,n,y,589928
1994,2208.2421009660447,4,1.5,1.0,1,n,n,298736
2006,3774.9547207202586,3,3.0,0.95,2,n,y,620493
1987,3566.3996240892993,3,2.0,1.0,0,y,n,469959
1986,2566.3004518070024,4,1.5,1.19,0,n,n,300295
1986,2735.1852675969826,5,1.0,0.87,2,n,y,353327
2004,1969.0424888195234,6,2.5,1.33,2,y,y,387806
2005,3248.7808585556027,3,2.5,1.29,1,y,n,539167
1990,3388.022464222663,4,2.5,0.94,1,n,y,469803
1992,3628.5796711887956,5,3.0,1.11,3,y,y,585936
1983,2126.0222000886783,4,1.0,0.96,1,n,y,223303
1997,2277.2158244177126,2,3.0,0.87,1,y,n,344632
1989,2320.8037159155183,3,1.0,1.12,3,n,y,304920
2007,2640.024611426553,6,2.5,1.03,2,y,n,498953
1993,2725.861904739257,4,1.5,0.76,1,n,y,367779
1980,4060.6592542536346,3,2.5,1.08,0,y,n,517798
1981,2927.2110567927616,6,2.5,1.02,3,n,n,406881
1992,2471.4228956759807,2,2.0,0.71,0,y,n,316363
1992,1815.500038046304,6,1.0,0.92,3,y,n,291125
1988,3310.1206332908955,2,1.0,1.04,3,n,n,437118
1993,3677.215910015417,5,1.0,0.62,0,n,n,495882
1995,3768.3127848553927,6,1.0,0.9,3,n,y,578746
2010,3446.5105796291464,3,3.0,0.79,2,n,y,588826
1999,4111.063268374028,6,2.5,0.87,3,n,n,672209
1991,3856.3560608002563,2,2.0,0.75,2,n,y,529703
1983,2434.8450481940918,3,1.0,1.3,1,n,y,264726
1980,2051.6916448268753,6,3.0,1.25,0,n,n,236503
1978,3138.9261482235333,4,1.5,0.79,2,y,n,390188
1973,2186.1456405178833,2,1.5,0.7,2,y,y,200921
1977,2928.6950454816965,5,3.0,1.14,3,n,y,386404
1994,3130.834891726511,6,2.0,1.18,1,y,y,487325
2001,3238.6021923498747,4,1.0,0.98,2,n,n,495490
1984,3187.727937476889,5,1.5,0.58,2,n,y,414359
2010,2358.27999809049,6,1.5,0.94,3,n,n,450341
1982,4407.126717765637,4,1.5,1.23,1,n,y,572019
1997,1909.9759367115632,2,1.0,1.15,2,n,n,258746
1980,3138.8003364942756,4,2.5,1.21,0,n,n,371470
2003,2936.124350958694,4,3.0,1.1,1,n,n,476918
1991,3338.424519643292,4,2.0,0.77,2,y,y,492313
2011,2272.555130434698,3,1.5,1.28,0,n,y,372583
2014,1884.2119606262147,3,1.0,1.11,1,y,n,354281
1981,3841.8821204188034,6,3.0,0.83,0,n,n,503732
1991,3759.8938980427683,6,1.0,0.81,2,y,y,561134
1989,2904.813098748484,2,2.5,1.28,2,y,n,412421
1985,3453.1091866744196,6,2.0,0.93,3,n,y,496916
2011,3133.352432181479,3,1.5,1.0,2,y,y,547502
1998,3534.6974669792107,5,2.0,1.15,0,n,y,522454
1974,4451.58855859098,5,2.5,1.17,0,n,y,547788
2002,3149.1968539215823,5,1.5,1.08,2,y,y,526079
1999,3431.8517123449524,4,1.0,0.6,3,y,y,543777
1983,2109.798099301579,3,1.0,1.19,2,n,n,229319
1986,3111.4817730880036,3,2.0,1.13,0,y,y,398672
1998,2069.385986156937,3,1.0,1.38,1,n,n,286107
2019,4135.316355377036,2,3.0,1.0,1,n,y,715297
1996,3745.9735481515045,4,1.5,1.06,3,y,n,590296
1994,3338.424515782279,3,1.5,0.97,1,y,y,477813
1980,3135.3145735778307,3,3.0,1.38,2,n,n,400997
2006,2345.565774242566,6,3.0,0.85,3,n,n,449584
2005,2941.7834928331613,3,1.0,1.05,3,y,y,497017
1989,2224.1900753177524,6,2.5,0.54,3,n,y,334228
2019,3794.3178545898263,5,3.0,0.82,0,y,n,696447
1996,3010.2934213524095,5,3.0,1.25,0,n,n,450294
2000,2911.5121918819796,6,3.0,0.98,2,y,n,511426
1986,3878.174226133352,2,2.5,0.87,0,y,n,507276
2001,1781.5205242243708,6,2.0,0.97,1,n,n,296778
1998,2138.790726411162,4,2.5,1.06,0,n,n,309218
1984,3818.0258620624504,4,2.0,0.84,3,y,n,545303
2000,2296.290102915832,3,3.0,1.03,2,n,y,369893
1991,2058.334309470003,5,2.0,0.9,1,y,y,297250
1981,1971.3604457672752,3,1.5,0.65,3,n,y,212954
2001,2433.0984937734947,5,2.5,0.73,1,y,y,408414
1994,2330.8919316370943,3,3.0,0.46,2,y,y,356533
1996,3110.3619367872857,4,1.0,1.41,3,y,y,492704
1983,3614.532364962015,3,2.0,1.4,2,y,n,493179
2010,2221.5756514125524,4,1.5,1.15,3,n,n,412986
1987,4021.8550236797005,2,1.0,1.11,0,n,n,494928
1995,2741.31177486443,5,1.5,1.02,3,y,y,443996
2019,2463.533924263753,4,1.0,1.06,2,y,y,490430
2007,3988.9482757931764,6,3.0,0.94,0,y,y,677442
1989,4501.249565459751,5,1.5,0.86,1,n,n,625587
2005,3390.525574843431,5,1.5,0.97,3,n,y,570628
1998,2696.288136035244,3,3.0,1.19,2,y,y,442293
2005,4098.534887605713,5,1.5,1.27,0,y,n,656330
1990,3427.855447500546,4,2.0,1.01,2,n,y,484328
1995,2641.3332033720303,4,1.5,1.35,1,n,y,373949
2000,3209.626347486049,4,1.0,1.11,2,y,n,508093
1984,2594.281434399384,5,2.0,1.08,2,n,n,340342
1985,1398.8691528316235,2,3.0,0.7,1,n,n,130330
1999,1527.0540399833733,3,3.0,0.97,2,n,y,248608
1982,2849.9336734831195,5,1.0,1.35,0,n,y,327740
1996,3966.3328945195226,2,2.0,0.85,1,y,n,577699
2007,3244.907052533268,2,1.5,0.84,2,n,y,511836
1995,1104.4831979780538,2,2.0,0.76,0,y,y,127072
1991,2262.6012721032234,5,1.5,1.14,1,y,n,323990
1987,2170.6747703158435,6,2.0,0.92,3,y,n,334401
2005,2892.5120573190866,2,2.5,0.9,2,n,n,464876
1998,2005.1082397220798,5,1.5,1.09,2,y,y,334616
1996,2720.8883208016305,5,1.0,0.55,1,n,n,381383
2006,4053.084639675662,5,1.0,1.01,3,n,y,668112
1975,4411.729701346849,5,3.0,0.74,3,n,y,592859
1988,2769.247157985905,3,2.5,1.32,3,n,n,392687
1981,2925.4036152751164,2,1.5,0.97,2,y,n,355860
1980,3652.868771779381,4,1.0,0.97,1,y,n,457480
2008,1939.1727262385741,5,2.5,1.16,2,y,y,390775
1996,3677.5683954054953,3,2.5,0.98,2,y,y,568835
2001,3418.215713368266,2,3.0,1.41,2,y,y,558882
1984,2176.141402704218,2,1.5,1.15,3,y,n,276171
2001,2656.103584478327,2,1.5,1.1,1,n,n,382415
1992,2616.4283106915896,2,3.0,0.61,2,y,y,381614
1986,3790.2479101432173,3,2.5,1.22,0,n,n,489337
1984,1973.111420815445,5,2.5,1.03,3,n,n,268916
1984,2454.48715768962,2,1.5,0.8,3,y,n,312673
2003,2220.25573334364,4,2.5,0.83,1,y,y,377988
1995,2059.0420568893105,6,2.5,0.65,0,y,n,316106
1993,4064.949906018427,2,2.0,0.9,1,y,n,578242
2002,3841.954946112677,4,1.0,1.16,0,y,n,583693
1991,3242.1859704635212,5,3.0,1.0,3,n,y,501327
2000,3332.885647157448,6,2.0,1.02,3,n,n,555232
2003,1232.8046843859029,6,2.5,1.29,1,n,y,236770
2002,4303.80847779061,6,1.5,1.08,3,n,n,704271
1999,3487.43308980572,3,3.0,1.03,2,n,n,543564
1995,4635.687523329094,2,2.0,0.99,1,n,y,655203
1998,3906.1054282837067,3,2.0,1.47,0,n,n,562965
1985,3169.440915524463,5,3.0,0.43,1,y,y,441866
2000,3721.336540474865,5,1.5,0.92,3,n,y,594500
1999,2026.8683963249098,4,2.5,0.67,1,y,n,326580
2004,2325.427153831326,5,2.5,0.63,0,y,y,390764
1995,3195.9356384281296,4,1.0,0.88,3,n,y,472590
1994,2894.766085310286,5,2.0,1.25,1,n,y,422964
1970,3200.536306605311,6,2.0,0.9,2,y,n,388580
1989,3526.2970677621383,2,1.0,0.87,2,y,n,476994
1999,2136.632752840601,3,2.0,0.78,2,y,n,342194
2000,2181.6248284491357,3,3.0,1.09,3,n,y,368593
1988,3442.428309562921,2,1.0,0.91,0,n,n,410014
1998,2517.0795668408578,2,2.0,1.27,0,y,y,361611
2004,3016.9999778613264,5,1.5,0.99,2,n,n,494899
1998,1328.878932732949,3,1.0,0.83,0,y,n,171781
1985,4023.318867115538,5,2.5,0.76,1,y,y,567397
1999,3432.803011304952,2,1.5,1.3,0,y,n,496920
1972,4424.79040244104,4,2.5,0.83,3,y,y,583668
2008,3044.62711308527,3,1.5,0.48,2,n,y,491394
1991,2478.4274503352453,3,1.0,0.56,1,y,y,320164
1999,3326.215292021796,2,1.5,1.42,3,y,y,527732
1997,2353.793789280923,2,3.0,0.96,3,y,y,387469
1983,3800.95415672044,4,1.0,1.68,2,y,y,520343
2005,1419.0533918565372,2,2.0,0.92,1,y,n,241658
2009,3202.287023799044,4,3.0,0.82,2,n,n,557643
2008,2927.1623206320287,2,1.5,0.8,0,y,y,458574
1974,1726.7055629015583,4,3.0,1.13,3,y,n,200955
1999,2751.411435510755,4,1.0,1.22,2,n,y,416011
1998,3471.5692402669433,5,2.5,0.73,0,y,n,534185
1992,3736.3404378398204,4,1.0,0.44,1,y,n,522051
2003,2008.217697224689,5,1.0,1.02,1,n,y,316532
1981,3444.89608567415,3,2.5,0.74,3,n,y,450334
1978,3053.634160565756,3,1.5,0.89,0,n,n,318895
2004,3186.9546165919837,3,2.0,0.89,1,y,y,511393
2000,3708.7978065925604,4,3.0,0.77,3,n,n,602869
1978,3136.7108110926233,4,1.0,0.84,1,y,y,368106
1989,2950.7899227225294,3,3.0,0.96,3,n,n,427018
2009,2634.568770339099,4,2.5,0.63,2,y,n,482135
1994,3625.7821715163786,6,1.0,0.79,2,n,n,535717
2003,4099.355688251069,3,2.0,0.82,0,n,y,607203
1987,2748.758170620398,5,2.0,1.06,2,n,n,378213
1988,3126.4254515456128,4,1.0,0.8,0,y,n,400963
2000,3634.762721026917,4,2.5,1.05,0,y,y,563464
2007,3414.4052997797767,3,3.0,1.24,1,y,n,580760
2000,2362.1085705496926,5,2.0,0.84,1,y,n,386916
1997,2460.5836062765247,6,2.0,0.92,2,n,n,392887
1992,2811.9006111591507,3,2.5,1.38,2,y,y,424985
2007,3111.067178665662,6,1.5,1.01,3,n,y,549310
1984,2610.711748318368,5,1.0,1.14,2,y,y,348706
1995,4323.193144742345,3,2.5,1.03,2,n,n,641428
2015,2996.6872781268794,2,1.0,0.74,1,y,y,510603
1991,930.2087030619177,3,3.0,1.01,2,n,y,119681
1990,2546.913121605414,4,2.5,1.23,0,y,y,352986
2008,4149.532083950608,4,1.5,1.25,3,n,y,693679
1987,3263.4917703084707,3,2.5,1.13,3,y,n,478973
1997,2581.9207599902566,5,2.0,0.83,0,n,y,369738
1985,3080.730284084916,3,3.0,1.01,2,y,y,432259
2001,3249.499849007465,5,2.5,1.14,2,y,n,552024
1997,3945.152052719124,6,2.0,1.1,2,n,y,618272
2003,2511.1475335026107,5,1.5,1.27,2,n,n,418222
2003,2573.2772075727967,3,1.5,0.98,3,n,n,418191
1995,3309.6420086014646,3,1.0,1.06,2,y,y,487346
2004,3735.288578860596,3,1.5,1.17,3,y,n,620343
2007,3323.2450758810733,2,1.5,0.92,0,y,y,514786
2011,3377.4622342751104,4,1.0,1.28,0,y,y,560819
2003,2351.748315770357,5,1.5,1.21,3,n,y,408412
1994,990.4875877889563,6,1.0,1.13,3,n,n,160523
2008,4046.9648328254434,4,2.5,0.9,0,y,y,663044
2010,1614.5653482371608,3,2.5,1.24,2,y,n,333284
2012,4075.982034783982,3,2.5,1.23,3,n,y,707347
1981,2267.8232989683597,2,3.0,0.96,1,n,n,244573
1982,2857.535168415437,6,2.0,0.99,2,y,y,398480
1993,3014.4649481628376,4,2.0,0.83,1,n,n,419619
1996,3103.947057056511,2,2.0,1.07,0,n,n,416642
1990,4681.778278976824,2,3.0,1.21,0,n,n,640416
1992,4297.491135200803,4,1.5,0.45,3,y,n,643873
2000,3068.8042590568216,2,2.5,1.06,2,n,y,468720
2009,2620.9040383622473,5,2.5,0.7,1,y,y,476135
1998,3517.7939495322908,6,3.0,1.03,0,n,n,543119
2005,2503.069625752491,2,3.0,1.03,2,n,n,415910
1997,4246.558526362036,3,2.5,0.63,1,y,n,638933
1985,2648.109473602802,6,2.0,0.97,1,y,y,366766
1998,2974.019975066806,4,1.5,1.22,3,n,y,466902
2011,2307.060914026032,6,3.0,0.95,0,y,y,445309
1990,1299.8966138851792,2,1.5,1.07,1,y,n,143534
1988,2833.028583366167,6,1.0,0.74,3,y,n,421054
1990,4043.561876465569,6,1.5,1.04,0,n,n,559634
1995,3942.5299509066294,6,1.5,0.89,0,y,y,587229
1996,2589.674800746898,3,1.0,1.0,3,n,n,378451
1993,3960.0632621959867,4,1.0,0.88,3,y,y,597209
1989,2939.5751186116318,2,1.0,1.12,0,n,n,342736
1982,1516.399608458812,3,3.0,1.24,3,n,y,181059
2008,2495.1639792694446,6,3.0,0.8,0,y,y,456274
1997,2767.818495899177,2,3.0,1.26,3,n,y,434072
1992,2461.6058472537798,2,3.0,1.12,1,n,y,331040
2002,2379.8997734174372,5,1.5,1.13,2,y,n,411434
1983,3139.29237434462,6,2.5,0.88,0,y,y,421593
1989,2634.3135482661587,4,1.5,0.87,1,n,y,335697
2017,2801.709719026678,5,2.5,0.9,0,y,y,531256
1994,2352.9063412820997,6,1.0,0.9,3,y,y,381435
2001,3195.2613387982315,3,1.5,0.56,3,y,y,515189
1980,3061.256321303224,5,2.5,0.96,3,n,y,411088
1992,2546.8760866354805,6,1.0,0.99,1,n,y,351881
1985,2616.531960290532,4,1.0,0.73,1,n,n,303429
2002,4542.403960964192,5,2.5,1.46,3,y,n,770760
1981,2952.834299575445,5,1.5,0.81,1,y,y,372575
1998,3368.424885056944,5,2.0,1.49,1,y,n,537613
1982,3717.5558067969914,3,1.0,1.04,2,y,y,483233
1986,1486.522822284088,2,2.5,0.38,3,n,y,166178
1978,2839.943936062883,6,3.0,0.99,2,n,y,370841
1993,2280.3068922151733,3,2.0,0.91,2,n,y,315696
1989,1837.857125357694,5,2.5,0.6,3,n,n,267178
1990,2725.016044328424,4,3.0,1.17,1,y,y,401302
2001,2261.795533140873,5,2.0,1.38,2,y,n,399969
1994,2115.8980892630125,3,2.0,1.04,0,n,n,267984
1994,2999.0853718805074,6,2.5,1.24,3,y,n,505962
1979,2414.1396111567933,5,1.0,1.17,2,y,n,294670
1987,2074.928930563613,4,1.0,1.09,2,n,n,252589
1990,3417.566146898296,6,1.0,1.05,1,y,n,493384
1995,2867.5249443116004,2,2.0,1.07,3,n,y,421178
1983,2768.213038945985,5,2.5,1.12,3,y,n,404531
1982,2550.286541207287,6,3.0,0.84,3,y,y,380142
2007,2871.828826630052,6,3.0,0.89,1,n,y,504124
1992,2898.7982484299328,3,2.0,0.92,3,y,n,438619
1996,3416.110985093682,4,3.0,1.11,0,y,n,519066
1995,1475.5074484414376,4,1.0,0.77,0,y,y,187876
1988,3313.172696588489,2,1.0,1.57,0,y,n,420525
2000,2790.57798580359,5,2.5,1.44,3,n,y,477686
1992,2407.2224705875497,5,1.5,0.67,3,y,n,373633
1999,3652.862321661054,5,3.0,1.1,2,n,y,589429
1983,1720.939550017029,4,1.5,1.29,1,y,n,194990
2006,4508.040252401049,3,1.5,0.98,0,y,y,698406
1996,3549.95282923507,3,1.5,1.37,0,y,y,510542
1988,3333.4450626824955,6,1.0,1.22,1,y,n,473316
2002,1748.5217223744917,4,1.0,1.07,2,n,y,278328
1992,2932.2565401491775,5,3.0,0.85,0,y,n,432588
1996,4597.51222153253,6,3.0,0.97,0,n,y,694176
1996,2398.6058581687425,5,2.0,1.08,1,y,y,375990
1985,2545.0684252723863,5,2.5,0.77,3,y,y,375810
1983,3090.307821509015,4,1.5,1.22,1,n,y,379346
1993,2106.5672738395933,3,2.5,0.9,1,n,y,281985
1984,3064.9244518946343,5,1.0,0.53,1,y,n,392688
1988,2964.6038910440525,6,2.0,0.85,0,n,y,392440
2002,3682.3901569649693,6,3.0,0.65,1,n,n,597108
1983,3848.8764002512034,6,1.5,0.74,2,y,y,540931
1995,3038.720525519897,5,1.0,0.98,2,y,n,465508
1983,2373.679304676827,5,2.5,1.0,3,n,n,323551
2016,3136.756657048692,4,2.0,1.11,1,n,y,557163
1992,3164.834273079672,6,1.0,0.76,0,n,n,426125
1996,2037.2545551978737,2,3.0,0.82,0,y,n,287888
1977,3163.5741356683084,6,2.0,1.19,3,n,n,417386
1991,2445.6971010216917,5,3.0,1.5,2,n,n,374354
1986,2969.4367658096903,4,1.0,1.36,0,y,n,375815
1985,2097.1956943225937,3,1.0,0.95,3,y,y,268829
1984,3571.4436235960147,4,1.0,1.18,1,y,n,468416
2000,2517.398300199935,6,3.0,1.21,1,y,y,440759
1983,3271.919757973029,2,1.5,1.33,0,y,n,393237
2011,2430.7226598537745,4,2.0,1.2,1,n,y,427608
1985,1945.0712281426686,3,1.0,1.25,0,n,y,185510
1999,3222.3212390729286,4,2.0,0.75,1,y,y,499598
2001,3704.913905364418,2,3.0,1.14,2,n,y,577837
2011,2201.310219500325,5,3.0,0.71,3,n,n,440846
2004,4425.949685954802,2,2.5,1.23,0,y,n,684842
1997,2555.0427993566277,6,2.0,1.26,3,y,y,447156
2004,2676.6180946831364,4,1.5,0.95,3,y,n,468242
1985,3832.278990055109,4,1.5,0.86,1,n,y,495241
2004,2384.846030236472,6,1.0,0.93,1,n,n,386676
1995,3309.445180394935,4,2.0,0.78,3,n,y,503116
2011,2911.0628862175477,5,3.0,1.44,1,n,n,528259
1980,2028.1656183579062,4,1.0,0.7,0,y,y,194724
1993,3714.0823299165304,4,2.5,0.93,3,y,n,583562
1968,2468.389305440368,5,1.0,0.78,2,y,y,241958
2013,3034.1156325265474,6,1.0,1.22,3,n,y,563417
1993,4587.114931411637,5,2.0,1.22,0,n,y,656367
1995,1499.6751802862468,3,1.0,0.87,3,n,n,208001
1989,3941.9621701947126,2,2.5,0.94,2,n,n,542894
1992,2953.0870362002165,6,2.5,0.98,0,n,y,420163
2004,2808.4185392938357,4,1.5,1.04,2,y,n,474362
1999,2447.920150363959,6,2.0,1.25,0,y,y,395938
2010,3128.8607327282903,4,2.0,0.79,2,n,n,536179
2000,3048.3966395147672,3,3.0,0.91,3,y,y,515909
1996,2136.0059011225976,5,2.5,0.83,0,n,y,305350
1995,3612.6261086794593,5,3.0,0.91,2,n,y,560543
2000,1416.6951680002219,5,2.0,0.99,3,n,n,257354
1982,2221.1209889395805,6,2.5,1.67,0,n,n,270718
1983,2619.1583615108348,2,3.0,1.11,1,y,y,329523
2008,2463.701714137348,5,2.5,1.61,3,y,y,491205
2001,3456.355060835355,5,2.5,1.09,0,n,y,532303
1978,2966.3991297976863,6,2.0,0.98,3,y,n,409659
1989,4209.9026150873715,2,3.0,0.88,3,y,n,624685
1988,2651.8989799639694,3,2.0,1.08,2,y,y,368984
2000,3855.256364794067,4,1.5,1.04,3,y,n,626388
1995,2933.855130501566,6,2.5,0.74,1,n,n,443678
1997,3833.4540472711137,3,2.5,1.03,1,n,n,562968
2009,2391.798114916066,4,2.0,0.74,1,y,y,424869
2013,1513.3192473483857,6,2.0,0.83,0,y,y,319447
1994,3098.0659513144024,2,1.0,0.48,1,y,y,416909
1990,3151.496249546533,2,2.5,0.75,1,n,n,411474
2012,4674.481222187129,5,3.0,1.64,1,y,n,820772
2011,3609.583539662293,4,2.5,1.03,3,y,y,659387
2007,3402.261486158112,4,3.0,0.91,1,n,y,563989
1994,2817.6287004648298,5,3.0,1.17,2,y,y,460194
1989,3130.5202903456297,2,3.0,1.1,0,y,y,421078
1998,3047.385058711092,4,2.0,1.13,2,n,n,469057
1996,3127.8687051934744,4,1.5,1.4,3,n,n,482680
2002,3052.000747307328,3,3.0,1.36,3,y,y,533200
1999,3963.660008082725,2,1.0,0.63,3,n,n,583999
2004,2192.540470955815,3,3.0,0.74,0,n,y,339981
2019,1804.60105585677,2,1.5,0.79,3,n,y,370040
1982,2915.8667682611126,5,1.0,1.19,0,n,n,335230
1994,2893.0723857085527,3,2.0,1.23,1,n,y,402410
2007,3529.6159315148734,4,2.0,1.08,1,n,y,570642
1979,2893.913515731994,3,1.0,1.23,3,y,y,362537
1999,3285.2373219206406,3,2.5,0.82,1,n,n,487585
1993,3172.1587836009912,6,1.5,1.1,3,y,y,509823
1987,2601.7744833740644,5,2.0,1.1,2,n,y,356766
1989,4353.367952835815,5,2.5,0.79,2,n,y,632355
2001,3492.47934385564,2,1.0,1.51,1,y,y,526521
1980,2006.2100213787287,5,1.0,1.18,1,y,y,223631
1973,3306.954084248838,2,1.0,0.45,2,n,y,337793
1999,3036.4563733891086,2,1.0,0.91,2,y,n,454118
1981,3941.5112727852825,2,2.0,0.57,3,n,n,504776
2002,4155.111720459466,4,1.5,0.98,1,n,y,630466
2000,3821.941009779458,6,1.0,1.13,2,n,y,600241
1973,4392.63482355747,5,1.5,1.06,0,n,y,517295
1990,3037.483917838115,5,3.0,1.18,0,y,y,443322
1970,3305.2924737939293,4,1.0,1.05,2,n,n,351543
2004,2513.9571522438355,4,1.5,0.75,3,y,y,440843
1985,3413.6236464712783,6,1.5,0.89,2,n,n,467893
2005,2249.4392154235966,4,2.5,0.63,1,n,n,369365
1991,2760.4364027278316,6,2.0,1.3,3,y,n,448565
1999,3401.3698933160986,6,1.0,1.1,1,n,y,516705
1991,3218.8345224898285,6,3.0,1.35,2,n,n,498075
2000,2202.9122133639867,2,1.5,1.52,2,n,n,330736
1996,3120.3052520959095,5,2.5,0.91,3,n,y,499195
2011,2495.5658007872366,5,1.0,0.79,3,n,n,456184
1996,3641.9570955598506,6,2.0,1.31,1,n,y,555943
1987,3309.78779147822,3,1.0,1.3,3,y,y,465968
1994,2807.2447259337955,6,1.5,1.03,3,y,n,459036
1996,4682.562841565546,6,2.5,0.76,1,y,n,731284
1999,2394.052141990623,4,2.0,1.09,2,y,n,395457
1989,2945.6046199244734,5,2.5,1.15,3,y,y,461590
1991,4356.029730088875,6,1.0,0.97,3,n,y,647954
2015,2022.600853543628,5,2.5,0.68,1,y,y,416090
2001,3394.5038674068805,3,2.5,0.68,1,n,y,511875
1994,3719.3293512895293,3,1.5,0.95,1,y,y,534649
2000,1873.8546188477037,4,1.5,1.11,2,y,n,315228
1996,2778.7546807545787,3,1.0,0.64,1,n,n,371413
2005,3100.2883173413757,3,2.0,0.84,0,y,y,487643
1989,3777.789595936786,6,2.5,1.02,2,n,n,559468
2006,2912.5481742071065,4,3.0,0.56,2,n,y,495282
2008,2405.741813507277,5,1.0,1.11,0,n,n,387511
1997,2248.715562070901,2,1.0,1.63,0,n,n,286757
1971,2469.6571662038864,3,2.5,0.56,0,n,n,206348
1986,2939.7905200104137,5,1.5,0.93,1,n,n,377418
1998,4131.223290149473,6,2.5,0.7,2,n,n,652683
1992,2137.2802387895563,2,2.5,1.05,3,n,n,303842
1998,5109.294076031754,2,2.0,1.25,2,n,n,760144
1987,3000.9673519142993,2,2.5,1.03,0,y,n,383095
1999,4296.170815879374,6,1.5,1.25,2,n,n,675675
2008,1957.7764983558086,3,2.5,0.92,3,n,n,364966
1998,3462.0403158784347,5,1.5,0.48,3,n,y,539006
2002,2365.936900060131,6,2.5,1.17,3,y,n,449940
1997,3389.179330950443,5,3.0,0.75,3,y,y,569626
1987,3179.393781716492,2,2.0,0.74,3,n,n,423009
2011,3495.9352201937186,4,2.0,0.73,1,n,y,580340
1985,3578.5007694028827,2,2.0,1.13,2,y,y,483725
1993,3969.065638737498,5,2.5,0.92,1,n,n,581659
1993,3837.7533191379384,3,2.0,1.11,0,y,y,542312
1989,2744.3194886789233,6,1.5,1.19,0,n,n,361997
1990,3375.494832235793,2,3.0,1.06,1,y,y,477224
2000,1791.199360427483,3,2.0,0.91,3,n,y,292329
1990,2817.832545725575,4,1.0,1.07,1,y,n,383724
1986,3223.9707258124236,4,3.0,0.62,2,n,y,442895
1993,2626.963203699839,5,3.0,0.39,1,y,n,399894
1993,3310.0463682808395,3,2.0,1.11,1,y,n,478156
1997,4200.381519282616,4,2.0,0.98,1,n,y,619757
1995,2895.359515418804,3,2.5,1.19,0,y,y,419653
2002,3450.3355843864542,2,2.0,0.73,2,n,y,523500
1987,3234.362782183085,3,1.0,0.92,0,n,y,383954
2009,3139.476073268919,3,1.5,1.05,0,n,n,489171
1995,3050.9759774239355,4,1.0,1.19,2,n,n,440496
1986,2490.5223094306148,5,2.0,0.73,0,y,n,319528
2005,1924.4241817618017,2,3.0,1.29,0,y,n,323013
1995,4207.33771451885,5,2.5,1.56,3,y,n,687000
1999,2433.59276167978,6,2.0,0.81,2,y,n,417188
1993,2153.7166304842226,5,1.5,1.14,3,y,n,347657
1989,3282.298677887137,3,2.5,1.02,0,n,n,425144
1983,3694.6916847776884,3,1.0,0.96,2,n,y,463603
1995,1915.3167864832858,4,1.5,0.94,0,y,y,263897
1990,1715.89247280995,3,2.5,0.92,2,y,n,243683
2004,2753.550289073858,3,2.0,0.76,1,n,y,424432
1987,3466.0085774769254,4,2.5,0.92,2,y,y,501201
1990,3577.1846403565582,2,2.5,1.14,3,n,n,511177
1997,2971.44147757858,2,1.0,0.81,2,y,y,432866
1990,1869.1804052436453,3,2.5,0.68,0,n,y,213077
2000,3239.5516536583123,2,2.0,0.86,0,n,n,453832
1990,2750.9817025695706,5,2.5,1.42,1,y,y,411447
2001,3013.132566514767,2,2.5,1.65,3,y,y,509219
2000,4207.476196843832,6,1.0,1.36,0,y,y,651521
1976,3590.3469637189714,3,1.0,0.89,1,y,y,416902
2001,1519.504663564399,4,1.0,1.08,0,n,n,209125
1979,3364.4880435086234,5,3.0,0.98,3,n,n,459373
2003,3006.83860561506,6,2.5,1.19,0,y,n,506375
1974,2461.8643800134814,6,1.5,1.16,0,y,y,264179
2015,3150.8111481825267,5,3.0,1.49,3,y,n,634971
1995,2476.8758883355135,6,2.5,0.5,0,n,y,356531
1983,3918.993581061123,5,2.0,0.96,1,y,y,537249
1988,3737.1306100323786,4,2.0,1.2,3,y,n,558569
1997,4504.467315510358,3,1.5,1.17,0,n,n,635720
1975,2856.6582728995277,2,2.0,0.91,1,y,y,307148
1994,1885.1087170294236,6,1.5,0.48,0,n,y,247466
1966,4456.147304062175,3,2.0,1.04,3,y,y,544022
1993,3873.608203798884,6,2.0,1.57,2,n,y,594591
1990,2636.3649650153943,6,1.5,0.92,1,y,y,381754
1993,2309.6010823921906,5,2.5,1.27,0,y,y,342990
1996,3389.100453737481,5,1.0,0.65,0,n,n,468115
1989,2165.516330529804,2,1.0,0.82,2,n,n,252127
1990,3565.8505556382106,2,3.0,1.28,3,y,y,539077
1976,3202.1601498978007,3,2.5,0.92,1,n,y,361624
2009,2464.135781486643,2,1.0,0.96,2,n,n,399020
1994,3798.1556045794487,6,1.0,0.65,3,n,n,574473
2017,3841.687590807464,2,2.5,0.92,3,y,n,702553
1976,3315.5221204784575,4,2.5,0.78,3,y,y,436528
1990,3274.0267676802323,6,1.5,0.6,2,y,n,487604
1996,3607.1622766480764,4,2.5,1.41,3,y,n,589724
1998,3922.8164223080375,2,3.0,0.9,2,n,y,591922
1996,2493.484502389466,6,2.0,1.18,2,y,n,416722
1991,3958.251582498703,3,2.0,0.97,2,n,y,558287
1987,1937.7628316883927,4,1.5,0.97,0,n,n,207714
1998,3024.913129164854,2,3.0,0.78,1,n,y,440436
2010,2872.836690711921,4,1.5,1.58,2,n,n,502125
1998,4318.546619259433,6,2.0,1.02,0,n,n,648081
2005,4180.4395804135165,2,1.0,1.26,1,n,y,625965
1984,2683.089483054638,4,2.0,0.76,2,y,n,358863
1984,2934.8114194383697,3,2.5,1.67,1,y,n,392771
2005,2549.2146219110136,4,2.0,1.22,3,y,y,465682
1994,1801.4049821768417,6,2.0,1.01,2,y,n,300360
2009,3221.6351923517714,6,3.0,0.82,0,n,y,550545
1988,4140.11584052449,2,3.0,0.91,1,n,y,559667
1998,2757.722007517761,5,2.0,1.05,1,y,n,439408
1998,4157.132071535959,4,1.0,1.16,3,n,n,635969
1997,3574.1801275427943,3,2.5,0.72,0,y,n,524427
1995,3850.9899223260363,5,3.0,0.96,2,n,n,597048
1974,2483.7501835272287,6,3.0,1.28,3,y,y,336762
2000,2986.3901831468543,3,2.5,1.04,1,y,y,471058
1980,3321.1253705374907,2,3.0,0.94,1,n,n,397268
1980,2526.8922111035527,3,1.0,0.94,2,y,n,293133
1996,3639.177841577507,4,3.0,0.95,2,y,y,580126
1987,3196.4591724463435,2,1.0,1.16,3,n,y,416868
1994,1593.5399430443313,6,1.5,1.33,3,y,y,281480
1997,2489.385896682608,2,3.0,0.62,3,y,y,402707
1995,3794.824626607438,3,1.0,0.66,1,n,n,519123
1994,3719.386432534822,2,1.0,1.14,3,y,n,550007
1991,2083.6527856347293,4,2.5,0.67,0,n,n,260097
1996,2193.227438749427,6,2.0,0.98,0,n,y,318684
1999,1771.446301633719,5,3.0,0.98,2,n,y,305416
2001,2810.7494089672864,3,3.0,0.74,2,y,n,467712
1996,3752.591349242133,5,1.5,1.34,3,y,y,605488
1994,3066.098430792744,2,2.5,0.92,3,n,n,451214
1999,1916.8979869378074,2,2.5,0.69,3,n,y,300384
1991,3074.9517288153747,5,2.5,0.86,2,y,y,471642
2012,4196.076121518907,2,2.5,1.02,1,n,y,682211
1992,3248.818376586599,3,2.0,1.08,3,n,y,473522
1995,3940.345737158019,4,3.0,1.39,3,y,y,641901
1996,2078.078561631484,6,1.5,1.04,3,y,y,359811
1996,2716.373826610256,3,2.0,0.86,2,y,n,415356
2001,3494.115284261801,3,2.5,0.82,0,n,n,513917
2004,3040.562455266852,4,1.0,0.64,0,n,n,445684
2003,3273.9694220207966,4,1.0,1.21,2,n,y,514245
1993,3112.339314119797,2,1.5,1.25,2,y,y,448100
2015,4464.415834936622,3,2.0,0.94,0,y,y,743762
2011,3374.5394142769064,2,1.5,0.98,0,y,y,543380
1998,3301.1390002340304,6,3.0,1.13,3,n,y,557120
1990,2467.3065844102034,4,2.0,0.91,0,y,y,328745
1999,2144.5037462695727,2,3.0,0.73,1,n,n,312625
1979,2957.3654437191517,2,3.0,0.95,3,y,n,387854
2004,2288.4870091659322,2,1.5,0.85,1,n,y,338523
2002,2198.233105165672,5,1.0,1.03,1,n,y,340184
1994,3363.712663161867,4,2.5,1.01,0,y,y,492206
1995,3399.531677386939,6,2.0,1.22,0,y,n,518229
1995,2793.991195516483,4,3.0,0.7,3,y,y,459598
2003,2276.3388326191166,4,2.0,1.05,3,y,y,412200
1992,2646.1852548510697,5,1.5,1.41,0,n,n,355577
1980,3396.7070534801223,6,2.5,0.61,2,y,y,471156
2003,3830.4382449268,2,3.0,0.72,2,y,n,620365
1994,3754.919382166545,6,2.0,0.97,1,y,y,577787
2000,3761.674968605011,4,1.5,1.34,1,y,y,586851
1996,4571.916670637757,3,3.0,0.85,1,n,n,673537
2006,3761.6348976565673,4,2.0,1.14,1,y,n,621345
1993,2800.288261119662,2,1.5,1.11,3,y,y,414193
1999,2017.2222369433741,4,1.5,1.01,3,n,y,325233
2010,2927.27686159079,2,3.0,1.29,3,n,y,523441
1978,2896.2842502016556,2,2.0,1.11,3,n,n,341092
2011,4000.4659106148724,6,1.0,0.8,3,y,n,712069
1996,2984.5539820914223,6,2.5,0.84,2,n,y,472783
2019,3048.7622047413192,6,2.5,1.2,1,y,n,607814
1975,3120.8694446481777,6,3.0,0.89,1,n,y,381480
1993,3356.727269001424,4,3.0,0.83,3,n,y,515959
1996,3080.8207975860064,6,3.0,1.03,0,n,n,467573
2006,2634.483972355277,6,3.0,1.28,3,y,n,519372
1997,2828.534587245341,3,1.0,1.22,3,n,y,422580
2000,2585.347563551809,6,1.5,0.71,2,n,n,415952
2004,2604.9888410628155,6,2.0,0.86,2,y,n,468648
2018,3520.1914760163954,6,1.0,1.32,1,n,n,632828
1993,2033.7279757761637,5,2.5,1.28,2,n,n,311759
2019,2581.9470420789426,3,3.0,1.0,2,n,n,507292
2004,4194.39235208251,3,2.0,1.24,2,n,n,662758
2004,3436.9241678271123,3,2.0,1.17,0,n,y,518088
1985,1967.2438979734413,3,2.0,1.27,0,y,n,224136
1994,2535.630735007877,2,2.5,1.08,2,n,n,359044
2008,3735.115088569572,6,1.0,0.76,1,y,y,626667
2005,3381.5703639768412,2,1.0,1.05,3,y,n,552985
2004,3206.795971090014,6,1.0,1.22,2,n,n,529319
2001,4806.213587664595,4,2.0,1.27,0,n,n,719982
1997,2591.1564415176226,5,2.0,0.8,3,n,n,415673
2011,2573.452402686568,3,2.0,1.44,0,y,y,447617
1998,3806.1706592976434,3,1.0,1.03,2,n,n,556375
1996,1939.5860202652977,6,1.0,1.04,2,y,y,316537
2007,2967.17362459819,2,1.0,0.95,1,n,n,449326
1988,2523.754770952724,2,2.0,1.18,1,y,n,326263
1999,1961.5304305483453,5,3.0,0.99,0,n,n,304079
1994,2760.254070074795,5,1.0,0.9,0,n,n,367538
2003,2199.8531573834716,2,3.0,1.05,2,y,n,380727
1999,3579.2410612684,2,1.5,0.86,2,y,n,542286
2007,2780.91991653109,2,2.5,0.75,2,n,y,455887
1977,1645.20977100449,2,1.5,1.1,0,y,y,115781
1989,2094.49334381968,3,2.5,1.24,1,n,n,265274
1993,2250.895384892075,5,1.0,0.96,2,y,y,337034
2014,3588.2699085052463,5,2.0,0.59,0,y,n,622090
2003,3893.3174540060086,2,1.0,0.89,3,y,n,617347
1999,2154.9410354205093,4,1.0,1.13,0,y,n,315191
2005,3149.123139955581,6,1.0,0.64,0,n,n,486968
1988,1347.8165149144604,2,2.5,0.94,2,y,n,168772
1986,3571.0771065552735,3,1.5,1.03,3,y,n,503611
1986,3236.0485093210063,4,1.5,1.18,3,y,y,465607
1989,2682.7938745108213,4,3.0,0.86,1,n,n,365319
1986,2833.010542069385,4,2.0,1.09,0,y,n,366301
2008,2351.196475984818,4,2.0,0.91,0,n,n,381329
1997,3095.978387214139,3,1.5,0.99,2,y,n,471746
1980,2543.995896125746,2,1.5,0.69,0,y,n,259449
1995,4109.5824082089,5,1.5,0.93,3,y,n,647887
1995,2405.019904825328,2,2.0,1.07,2,n,n,336802
1978,3655.166833684826,5,1.5,0.72,3,n,y,471575
2001,3373.4553283365835,5,3.0,1.24,3,y,y,594618
1998,3472.8584849405393,2,3.0,0.89,3,n,n,539278
2001,2908.1263873813064,3,2.5,1.18,3,n,n,476418
1991,3734.3980382004315,5,1.5,0.91,2,n,n,536309
2003,2769.915999863684,3,1.5,1.22,2,n,n,436287
1996,2009.44054947938,3,1.5,0.89,2,y,n,302266
2002,2634.7826133174663,2,1.5,0.9,3,n,y,411217
1995,3172.3749725964885,5,2.5,1.03,0,y,y,478806
1999,2294.0796266023167,2,2.0,0.99,2,n,n,338961
1999,2475.3261618937577,2,1.5,0.85,0,y,n,346548
1986,2594.7701586091853,4,1.5,1.12,3,y,n,368515
2003,3675.3013236059132,3,1.0,1.33,0,n,y,536245
1992,4401.349320924554,2,1.5,0.7,1,y,y,613202
2005,2641.4328777072697,4,3.0,1.18,1,y,n,463914
2007,2861.2852140555774,3,3.0,0.95,1,y,y,493442
1997,3115.1336529839155,4,3.0,1.0,1,y,n,492270
1992,1890.9655304096666,4,1.5,0.81,0,y,y,243294
1994,3364.0264476856983,2,2.0,1.21,0,n,n,447753
1999,3762.9175556161194,6,3.0,1.31,2,y,n,639087
2000,4042.1987847077653,4,2.0,0.9,0,n,y,594829
1987,2367.832865687496,4,2.5,1.28,3,y,n,356874
1991,4515.724720639177,6,3.0,0.86,3,y,y,720258
2005,3592.268275711904,3,3.0,1.28,0,y,y,583040
2009,3343.433616796504,6,2.5,1.16,0,y,n,586415
2005,2637.280092861206,5,1.0,0.71,3,y,n,466242
2000,3923.783623029457,4,2.5,0.76,0,n,y,582467
1990,2005.3739183312168,3,3.0,0.59,1,n,y,254656
1993,2220.5214928381492,6,2.0,1.34,2,n,y,343178
2004,3724.2304233547075,4,2.0,1.19,3,n,y,616484
1996,2674.4176809198916,4,2.5,0.5,1,n,n,386162
2007,2274.4522742298354,4,1.0,1.19,0,n,n,354017
2019,3654.9842371829477,6,3.0,0.95,2,y,y,717497
2007,3819.2988098396945,4,1.0,1.25,0,n,n,586644
1987,2779.9282249222465,5,3.0,0.93,2,y,n,415939
1982,2740.0436892801613,4,1.5,0.67,2,n,n,328556
1992,2377.2667591123345,6,1.5,1.15,0,n,n,321340
1996,3372.5940120684345,2,1.0,1.08,0,y,n,462089
1989,3556.4007833171518,6,3.0,1.52,3,n,n,556260
2000,3612.742903659726,5,3.0,0.95,3,n,n,601161
2000,2525.304820750007,6,1.0,1.09,3,n,n,420145
2000,1207.1191940338276,5,1.0,0.96,1,y,y,200467
1987,3544.8906868359636,6,3.0,1.09,1,n,y,508083
1980,3064.762887865115,2,2.0,1.31,3,y,n,399364
1981,3490.9293064280932,6,1.5,1.01,3,y,y,496289
2013,3622.63973493596,6,1.5,0.64,3,n,n,650495
2012,4328.569312565324,4,1.5,1.19,3,y,y,759635
1995,3714.3662845203226,3,2.0,0.91,1,n,y,525804
2004,3196.889609651406,4,1.0,0.26,2,y,y,513433
1997,2870.988737102977,6,3.0,0.6,1,n,n,449648
1995,3594.977913757396,3,1.0,1.04,3,y,n,544846
2004,3638.615822829248,5,1.0,0.7,1,y,n,581292
2009,3515.7779516013215,4,1.5,0.78,2,n,y,581566
1987,2228.283696741843,3,1.0,0.81,3,y,n,296392
1992,1744.245599103641,5,1.0,0.68,3,y,y,266836
2003,2048.2386437300693,3,2.5,0.79,3,y,y,371585
2004,4060.6491619713333,2,2.0,0.63,0,y,y,613547
2005,3503.9370357436214,2,2.5,0.85,1,n,n,540840
2000,4649.176180607361,6,3.0,0.97,2,n,n,751926
1991,3364.6388168257913,5,1.5,0.83,0,n,y,449645
2000,1080.6285275149396,6,2.0,1.08,2,y,y,223294
1985,3809.3370592123747,4,1.5,0.8,2,y,y,525900
1998,3859.7244287837466,5,1.5,1.04,0,n,n,562058
1990,2765.647835535826,2,2.5,1.13,1,y,y,379297
2005,2819.339423840996,4,1.5,0.92,1,y,n,464200
1992,2927.004911516314,2,3.0,1.19,1,y,y,421900
1987,3358.4785317875903,5,2.0,0.94,0,y,n,457871
1987,2302.289476210106,3,2.0,0.98,1,n,n,275043
2004,3435.973181999494,2,2.0,0.62,2,n,y,529695
1987,2254.236533557765,5,3.0,0.61,1,n,n,297285
1989,3580.1073412815535,4,3.0,0.95,3,y,n,551266
1993,2977.437857360813,4,1.5,1.41,2,y,y,450265
2010,3205.681317056101,5,2.5,0.96,1,y,y,572752
1994,2594.2540741619728,6,2.0,0.83,1,y,n,401588
2003,2406.9368047611124,4,1.0,1.13,3,n,n,397990
1996,3338.3801466593713,6,3.0,1.15,0,y,n,528007
2015,2788.876655652821,5,3.0,0.81,2,y,y,555481
1988,3455.3107311157178,5,2.0,0.98,1,y,y,492996
1992,2921.420690995021,6,3.0,0.88,3,y,n,486413
1990,1967.6167838417423,4,2.5,1.18,1,n,y,260342
1994,2404.460348746224,6,2.0,0.71,2,y,y,386319
1979,3385.884864000632,6,2.0,1.31,0,n,y,417532
1993,3751.8972888458466,6,2.5,0.77,2,y,y,591834
1976,3779.1048405093497,6,2.0,1.05,0,n,y,457615
1992,1689.0161733156401,4,1.0,0.75,0,n,y,184602
2008,2382.1704014821084,6,2.0,0.88,0,y,n,425525
2004,2775.376471289328,2,3.0,0.65,1,y,n,451056
1983,3525.7617982850384,6,2.5,1.36,3,n,y,511764
2002,2343.4705395816723,2,2.5,0.46,2,y,n,380920
1998,1863.741535716227,3,1.5,0.74,2,n,n,268161
1996,3612.1552554012446,2,3.0,1.32,2,y,n,561623
1984,3104.330314143264,4,2.5,0.75,2,n,y,409399
1986,2740.297643311465,5,3.0,1.14,2,n,n,388144
2017,3024.6126595734613,4,2.0,0.9,1,y,n,562191
2015,3817.5147941902796,3,1.0,0.86,3,y,y,675527
1988,3478.4711917839827,3,1.5,1.49,0,n,y,441620
1999,2960.700329776117,4,1.0,1.15,0,n,y,416355
1986,3268.796534729473,5,3.0,1.2,0,n,y,438319
2000,2546.316275504356,5,1.0,0.73,3,n,n,407897
1992,2376.1379757471677,2,2.5,0.68,2,y,n,339120
1983,2885.5349270330794,2,1.0,1.03,1,n,y,318280
1998,2757.8271665699203,3,1.0,0.71,2,y,n,414324
2013,3770.8024429783723,2,3.0,1.2,2,y,y,668620
2001,3046.030029992562,6,2.5,0.92,0,y,n,498204
1993,1707.4455772718222,4,3.0,0.96,1,n,n,240516
2003,3346.278252804821,4,2.5,0.84,1,y,n,547041
1996,2944.5127483731067,5,2.0,0.85,2,y,n,469426
1986,3472.214184450329,6,2.5,1.06,0,n,n,469232
2001,2892.359097117676,2,2.5,0.9,1,y,n,449853
1994,2577.594793651677,3,1.5,0.85,2,n,n,356889
1987,2863.6551684344563,2,2.5,1.08,3,y,n,408248
1975,2069.0292698329054,3,1.5,1.23,3,y,n,226304
1994,1883.351941562477,4,1.5,1.34,0,y,y,260102
1992,3599.240425428114,4,1.0,0.66,0,n,n,469786
1989,2591.3382200246883,4,2.5,1.24,2,y,n,384800
1988,3747.405318473857,4,1.5,1.22,0,n,y,487910
2000,2569.1771598959176,2,1.5,0.82,3,n,n,390176
1992,2999.8603328587924,4,1.5,1.5,1,y,y,434979
1991,3904.5795616580062,4,3.0,0.77,2,n,y,572236
1989,3176.330303310158,3,2.5,0.61,3,n,n,448099
1996,2694.4497513477854,5,2.5,1.17,1,n,y,409217
1987,3438.1100894279734,5,2.5,1.06,0,n,y,459116
2000,3649.888017355207,3,2.5,1.28,0,y,n,559183
2000,3246.5568988703767,3,2.0,1.09,3,n,y,513333
2010,3556.607875946748,4,3.0,0.66,2,y,y,633391
1988,3620.2349307858694,6,2.5,0.54,3,n,y,538635
1989,2595.093550104888,4,2.5,0.96,0,y,n,351164
1989,3094.8808326646445,4,1.5,0.91,1,n,y,405382
1993,2256.7009979030004,3,2.5,1.22,2,y,n,344305
2002,2704.694834082258,5,3.0,1.22,1,y,n,469004
2004,1111.8287049074834,3,1.0,1.18,1,y,y,189474
1990,2682.885364975459,3,3.0,0.72,0,n,n,343232
1993,4707.830470522067,2,2.0,1.6,3,n,n,695174
1987,2840.1831616222353,6,3.0,0.54,1,n,y,394127
1988,2118.824628139762,4,2.5,0.91,3,n,n,298973
2007,4783.194802040552,3,3.0,0.75,2,y,n,793729
1992,3919.5769752674305,4,2.5,0.51,2,y,n,588086
2000,3254.905065190532,2,1.5,0.88,0,n,n,448935
2005,2503.117997019612,6,2.0,0.75,3,y,y,471717
1985,1973.8689616233012,3,1.0,0.9,3,n,y,229580
1996,3793.6913923158145,5,2.5,1.22,3,y,n,624853
1991,3158.4462080610433,6,2.0,0.8,1,n,y,450766
1987,2858.990906006303,6,2.5,0.61,1,n,n,390498
1993,3257.921882921425,2,2.5,1.23,1,y,y,469638
1981,1966.415064258895,4,1.5,1.2,0,n,y,185462
1989,2824.9329318235896,5,1.0,1.16,1,y,y,391139
1989,1977.8713719750447,4,3.0,1.11,3,y,y,313330
1993,3680.6846258985624,6,2.0,1.46,1,n,n,549002
2002,2483.7371103931455,3,1.5,1.63,3,n,n,409510
2003,3453.80539480042,5,2.0,1.18,2,n,y,565770
2000,2968.1711611234873,2,3.0,0.94,1,n,y,444325
1999,3180.377692373645,3,3.0,0.78,2,n,y,493756
2004,2881.3502098476097,6,1.5,0.74,2,y,n,500802
2002,2121.500240770718,6,2.5,0.78,1,n,y,357425
1995,2729.3104123191033,5,1.5,1.23,3,y,n,445346
1990,2219.0970475896497,5,1.5,0.92,2,y,y,324164
2009,3007.9841193680763,4,3.0,1.2,2,n,y,534197
1990,3153.203264985844,3,3.0,1.26,0,n,n,421880
1984,2933.984823554944,6,2.5,0.44,2,n,n,399197
1980,2679.5585272048806,5,1.0,0.67,1,y,n,316983
1991,4485.876569235051,3,2.0,0.99,0,n,y,607731
1990,2283.5545052102816,3,2.5,0.54,2,n,n,303133
1986,2792.2490106382943,5,2.5,1.04,2,y,y,406937
2001,2330.8889646644006,6,1.5,0.98,0,y,n,376833
1997,3197.8901504031437,3,2.5,0.9,1,y,n,485683
1990,4357.800541880426,6,1.5,0.71,0,n,y,601820
1974,2934.9125722802055,4,2.5,1.08,1,n,y,323936
2004,2967.940035405529,5,1.0,1.24,3,n,y,498791
1987,3655.796213129209,6,2.5,1.75,0,y,n,532119
1984,2968.6762373271417,6,2.0,1.22,2,n,n,408601
1987,4526.152734459205,6,1.5,0.26,0,n,y,605322
2000,2825.6540925193644,4,3.0,0.66,1,n,n,438748
1996,3119.132135266217,2,1.5,1.08,2,n,y,441569
1986,3760.3310678606545,6,3.0,1.52,0,y,n,546849
2009,3413.7785914763167,3,1.0,0.85,2,y,y,569816
1986,2520.760157272603,2,2.0,0.84,2,y,n,325714
2006,3513.4117938730087,3,2.0,1.06,1,n,n,552911
2008,2608.1679513916015,3,2.0,0.77,2,y,y,457775
1987,1609.4663122974396,4,3.0,0.74,1,n,n,192519
1976,2643.719563429725,5,2.5,0.97,2,y,y,333607
2006,2515.4582861888475,4,2.5,1.04,2,n,n,435418
1991,5009.741161765917,6,1.0,1.34,1,n,y,721561
1984,3028.0296023111596,4,2.0,1.11,1,n,n,380854
1978,2971.1174379579916,2,1.0,1.05,3,n,n,336417
2000,2761.984203660821,4,2.0,0.79,1,n,y,416147
2013,3864.244651136578,5,1.5,0.57,2,n,n,660686
1977,3555.755558537382,3,1.0,1.1,0,n,y,384863
1992,3500.197938111036,2,1.0,1.36,0,n,y,445429
1993,2434.1876461630795,2,3.0,1.22,3,y,n,383428
1989,4315.692490781552,6,3.0,1.15,0,n,n,619603
1991,2200.5157785163788,3,2.0,1.12,0,n,y,266877
2005,1986.9924575507412,6,2.5,1.0,2,y,n,390548
1980,2637.851097214073,5,1.0,1.2,2,y,y,333677
1998,3953.1668893974775,5,1.0,0.79,1,y,n,599825
1989,3095.8207522302037,2,3.0,1.0,3,y,y,459373
1983,2715.830457293978,2,1.5,1.08,1,y,y,321074
1989,2769.9529475596523,2,1.0,1.26,3,n,n,364392
2004,3480.0314494581626,4,2.0,0.94,1,n,y,546104
1999,2365.8218636830456,4,3.0,1.09,0,y,y,376223
1992,2815.8876761089796,3,1.5,1.09,0,y,y,376233
1998,2662.269064583614,3,2.5,1.22,2,n,n,410140
1969,2472.6967098058185,2,3.0,0.96,0,n,y,200304
1986,3357.790622095903,4,1.0,0.91,1,y,y,442318
1980,3183.647882962154,5,2.0,0.75,3,n,n,418797
1969,3489.670258790439,4,2.5,1.17,2,y,y,418500
2008,2330.3870934632596,6,1.5,1.09,3,y,y,458408
1979,1863.411690092864,6,3.0,0.72,0,y,y,215311
1983,4980.526131030041,3,1.5,1.19,3,y,y,702428
2013,2984.5912986834924,5,2.0,1.14,2,y,y,564788
2005,2000.54937159962,5,1.0,0.91,2,y,y,358732
1998,2367.710483954311,5,3.0,1.41,3,n,y,411306
2002,2433.147066163038,3,1.0,1.14,3,n,y,387072
1995,2703.751849435083,4,3.0,0.98,1,n,n,400262
1988,2597.5454265819726,2,1.0,1.06,0,n,n,285531
1979,2528.812929885863,2,1.0,1.05,3,y,n,295071
2000,3022.4956707832794,3,2.0,0.98,1,n,y,448074
1996,1455.4754110633467,2,2.0,0.84,1,n,y,180921
1984,3628.9956171181366,3,1.0,1.13,1,n,n,446299
1995,2050.263526214627,3,2.0,0.81,3,y,n,324689
1987,1609.9257429802724,3,1.5,0.74,3,y,y,210088
2007,3452.405170224586,4,3.0,0.66,1,y,y,587760
2001,4002.472029253502,2,2.0,1.14,1,n,n,592470
1988,2727.8472870859664,6,2.5,0.99,3,n,n,411527
1994,1785.4434048021674,3,1.5,1.05,1,n,n,226066
1971,2845.6664556271867,5,1.0,1.09,2,y,y,318199
2003,1314.2313596701124,4,2.5,0.86,2,y,n,257534
1979,3426.324195012886,2,2.0,0.98,0,n,y,378648
1982,3065.1911401894363,5,1.0,1.18,3,y,y,422478
1991,2525.1903087833307,2,1.0,0.88,2,y,y,336978
1989,4163.638010477186,2,3.0,0.94,1,y,n,588645
1981,2721.6238884460986,2,1.5,1.35,0,n,y,280993
1990,3041.6667878592984,3,2.5,0.82,0,y,y,411050
1989,4409.275152692326,6,1.0,1.02,0,y,y,621691
1998,3544.723074145547,4,2.5,1.04,1,y,y,554808
1983,3273.8194558452315,3,1.0,1.21,2,n,y,404222
2000,2611.677196994069,6,2.0,1.55,3,n,n,455001
2003,2098.1992748160833,4,2.0,1.09,1,n,n,336079
1984,4246.958965442742,6,1.0,1.02,1,y,n,587343
1985,2869.99260025142,3,2.0,0.96,1,n,y,349898
2002,2784.621648502287,5,2.5,1.06,1,n,y,451093
1988,5081.395204201501,6,3.0,1.24,1,y,n,765809
1999,2464.262452185721,2,3.0,0.98,3,y,y,414339
2001,1821.842068098105,4,2.0,1.15,3,y,n,335526
1981,3104.4658616865686,2,2.0,0.99,0,n,y,340519
1985,3795.3619913618936,5,2.5,0.87,2,n,n,529854
1984,2367.7269446921473,5,1.5,1.01,2,n,y,297809
1999,2725.233660925191,6,1.5,0.99,3,n,y,451135
1993,3430.909561472786,4,1.5,1.13,3,y,y,529086
1990,4868.856207160114,4,2.5,0.74,0,n,y,673928
1998,2824.3370544955005,5,2.5,1.23,2,n,y,454600
2009,3520.1584902568584,2,1.0,1.11,1,y,y,564673
1976,2223.9043152791137,3,1.5,0.89,0,n,y,184435
1992,3680.4711084209357,3,1.5,1.1,3,n,n,531070
2002,3717.5593771054564,5,3.0,0.57,0,y,y,596183
1996,2466.922261126951,6,2.5,1.2,0,y,y,390538
2000,2435.1845318577957,2,1.0,0.93,2,y,n,369227
2000,3039.87908384094,6,3.0,0.96,0,y,n,500381
2009,3458.448908202161,5,2.0,1.02,0,n,y,564067
2000,2551.230576375069,5,3.0,0.88,2,y,y,445884
1989,2888.8593403683376,3,1.5,1.02,2,y,n,401128
1977,2775.4145528087506,6,2.5,0.89,3,n,n,362162
1981,4747.058507597829,5,3.0,1.2,3,y,n,700058
1992,2380.344749260473,6,3.0,0.77,0,y,n,358601
2006,3057.4729669198305,5,3.0,0.68,1,y,y,533820
1991,3242.98990716947,4,2.5,1.06,1,y,n,474848
1987,2479.2212542464804,3,1.5,0.58,2,n,y,303083
1992,3352.454957905059,3,1.0,0.6,0,n,y,421868
1994,2899.5277999938676,6,2.0,0.9,0,y,n,433429
2007,3166.6271417971993,4,3.0,1.28,1,y,y,554194
1979,2963.3277261067196,6,2.5,1.3,3,n,n,406499
1980,2626.2234052559256,3,2.0,0.61,3,n,y,313083
1989,2135.5474428835187,2,2.0,0.76,0,n,y,231732
2001,4171.679591917098,5,3.0,1.02,1,n,y,661051
1986,3009.3368822929388,5,2.0,1.01,3,y,y,446550
1989,2614.926555570084,5,3.0,0.64,1,y,y,381838
1999,3243.9560255908063,4,2.5,0.94,1,y,n,513193
1998,2326.7288475946825,4,2.5,1.26,1,y,y,375409
1992,1887.4441520209643,6,2.0,0.91,2,y,n,301766
1980,4057.9412665545824,5,2.5,0.59,3,y,y,575041
2000,1834.4076410287116,5,3.0,0.77,2,y,n,336711
1991,2669.858677462154,4,2.0,0.98,0,y,n,365178
1989,1965.6356876125756,3,1.0,0.5,1,y,n,232345
2000,3216.050487546694,5,1.0,0.93,3,n,n,511357
1972,4153.623277678997,3,1.0,0.62,3,y,n,507343
1975,3398.7148576625377,5,1.0,1.06,1,n,n,385707
1991,3374.923788417646,2,1.5,0.97,1,n,n,438288
1998,3036.977789355206,4,2.0,1.12,0,y,y,457346
1987,3272.878058301875,6,2.0,1.0,1,y,y,470931
1997,3486.6448248303727,2,1.5,0.98,2,n,y,500196
1999,2498.2926061483827,4,1.0,0.9,2,y,n,393243
1988,4099.47068706364,5,2.5,1.12,0,n,y,564220
1987,3811.589559429444,3,3.0,0.54,0,n,y,494838
1998,4044.429118056779,5,2.0,1.31,2,y,n,651314
1981,3778.27858181848,3,2.0,0.89,1,y,n,485091
1990,2570.7904023099254,2,1.5,1.0,3,n,n,343118
1993,3792.4901491370747,6,2.5,0.97,2,y,n,600923
1998,3392.6223390144487,3,2.0,1.37,1,n,y,499443
2005,2636.3631777814635,4,2.5,0.98,2,n,y,447654
1988,1999.4187736324216,2,2.5,0.76,3,y,n,278812
2002,3533.286108864182,6,2.0,1.14,3,y,n,617092
1992,4282.717063902252,5,1.0,1.09,3,y,y,653757
1996,3182.1411388345673,3,1.0,0.64,0,y,n,436921
1997,1496.1443893432988,2,1.0,0.87,1,y,n,197471
1982,2265.4539363134445,6,3.0,0.95,2,n,y,304068
1999,1559.2428065559966,2,3.0,0.74,1,y,n,244986
2001,5127.182018913876,5,2.0,0.94,1,n,y,788177
2011,2636.7887224311153,2,2.0,0.97,2,n,n,450068
1999,3376.469907508273,5,2.0,1.46,1,y,y,543370
1996,3995.089232440305,6,3.0,1.06,0,n,n,605163
2004,3025.8664758423843,6,2.5,0.91,2,y,y,540029
1980,3454.7026499489243,3,3.0,1.31,2,y,y,467855
1987,4614.59052766171,2,2.5,0.75,2,y,y,650938
1979,3977.439672010606,6,3.0,1.05,3,y,y,582365
1988,3384.0106837904746,3,1.5,0.56,1,y,y,448501
2000,2650.7115217039573,5,3.0,1.14,1,y,y,449706
1996,3339.644116022295,2,2.0,0.94,1,y,y,485046
